Dist Code,Year,State Code,State Name,Dist Name,yield_kg_per_ha,rainfall_kharif_mm,rainfall_anomaly,tmax_kharif_mean_c,tmin_kharif_mean_c,temp_kharif_mean_c,temp_anomaly,extreme_heat_days,extreme_heat_anomaly,max_dry_spell_days,dry_spell_anomaly,rice_irrigated_area_1000ha,irrigation_share,lagged_yield,rice_area_1000ha
102,1990,7,Maharashtra,Ahmednagar,947.0,675.0742,0.15637238,29.76954460144043,20.82509994506836,25.29732131958008,-1.932687511431888,0,-1.9171248099051024,16,-0.6241551841629772,,,,7.5
102,1991,7,Maharashtra,Ahmednagar,939.0,462.99414,-0.74879795,30.76791000366211,20.79267883300781,25.78029441833496,-0.7782640903681639,6,-0.9311749076681928,51,3.263591090072516,,,947.0,4.9
102,1992,7,Maharashtra,Ahmednagar,1284.0,437.9568,-0.8556589,31.69320297241211,21.263792037963867,26.478496551513672,0.890609180743842,17,0.8763999130994756,22,0.0423156057059644,,,939.0,8.1
102,1993,7,Maharashtra,Ahmednagar,842.0,588.7556,-0.21204054,30.88346290588379,21.50889015197754,26.196176528930664,0.2157955169077232,12,0.0547749945687173,14,-0.8463121141192911,,,1284.0,7.6
102,1994,7,Maharashtra,Ahmednagar,882.0,405.63675,-0.99360275,30.29293632507324,20.7923526763916,25.542644500732425,-1.3463053158556932,9,-0.4381999565497376,28,0.7087863955749061,,,842.0,6.8
102,1995,7,Maharashtra,Ahmednagar,1603.0,464.30338,-0.7432101,31.940263748168945,21.7186279296875,26.829444885253903,1.7294612350248837,17,0.8763999130994756,16,-0.6241551841629772,,,882.0,5.8
102,1996,7,Maharashtra,Ahmednagar,1333.0,657.88916,0.08302553,31.060327529907227,21.21026039123535,26.13529396057129,0.0702713396196488,16,0.712074929393324,16,-0.6241551841629772,,,1603.0,5.7
102,1997,7,Maharashtra,Ahmednagar,1223.0,402.24405,-1.008083,31.47732162475586,21.339868545532227,26.40859603881836,0.7235299185491881,17,0.8763999130994756,17,-0.5130767191848203,,,1333.0,10.3
102,1998,7,Maharashtra,Ahmednagar,1321.0,792.8391,0.6589999,31.1643123626709,21.40372467041016,26.284019470214844,0.4257615565381201,13,0.2190999782748689,15,-0.7352336491411342,,,1223.0,5.6
102,1999,7,Maharashtra,Ahmednagar,1404.0,900.2058,1.1172473,30.43280792236328,20.27653694152832,25.354671478271484,-1.7956066542045208,3,-1.4241498587866477,26,0.4866294656185921,,,1321.0,5.7
102,2000,7,Maharashtra,Ahmednagar,691.0,541.9907,-0.41163588,31.11287307739257,20.36666679382324,25.7397689819336,-0.875129760632549,2,-1.5884748424927992,25,0.3755510006404352,,,1404.0,5.5
102,2001,7,Maharashtra,Ahmednagar,562.0,553.69946,-0.36166227,30.65045738220215,21.11058807373047,25.880523681640625,-0.538691722187994,7,-0.766849923962041,25,0.3755510006404352,,,691.0,7.3
102,2002,7,Maharashtra,Ahmednagar,230.0,437.35834,-0.8582131,31.38019561767578,21.695947647094727,26.538070678710938,1.0330058647480935,22,1.6980248316302338,18,-0.4019982542066633,,,562.0,7.4
102,2003,7,Maharashtra,Ahmednagar,776.0,339.17548,-1.2772634,31.106142044067383,21.19091415405273,26.14852905273437,0.1019064356785986,12,0.0547749945687173,27,0.5977079305967491,,,230.0,7.6
102,2004,7,Maharashtra,Ahmednagar,725.0,649.24243,0.046120778,30.8310489654541,20.837188720703125,25.834117889404297,-0.649612876117156,10,-0.273874972843586,19,-0.2909197892285064,,,776.0,8.0
102,2005,7,Maharashtra,Ahmednagar,438.0,1337.2771,2.9826937,31.035425186157227,21.288169860839844,26.16179656982422,0.1336190352154444,19,1.2050498805117789,12,-1.068469044075605,,,725.0,8.0
102,2006,7,Maharashtra,Ahmednagar,786.0,763.3768,0.5332529,30.62862777709961,21.43856239318848,26.03359603881836,-0.172811480205628,12,0.0547749945687173,21,-0.0687628592721925,,,438.0,8.4
102,2007,7,Maharashtra,Ahmednagar,1191.0,605.7578,-0.13947415,31.39346504211425,21.102025985717773,26.247745513916016,0.3390579599320863,14,0.3834249619810206,32,1.1531002554875338,,,786.0,8.6
102,2008,7,Maharashtra,Ahmednagar,978.0,991.22064,1.505704,31.02170181274414,21.08405303955078,26.05287742614746,-0.1267242650362939,5,-1.0954998913743443,20,-0.1798413242503495,,,1191.0,9.3
102,2009,7,Maharashtra,Ahmednagar,378.0,643.5836,0.021968627,31.79725456237793,21.659151077270508,26.72820281982422,1.4874680229180313,19,1.2050498805117789,26,0.4866294656185921,,,978.0,7.4
102,2010,7,Maharashtra,Ahmednagar,937.0,756.5838,0.5042601,31.25732040405273,21.845882415771484,26.55160140991211,1.065347610164184,13,0.2190999782748689,8,-1.5127829039882328,,,378.0,7.5
102,2011,7,Maharashtra,Ahmednagar,987.0,481.65674,-0.6691449,30.82477378845215,21.382417678833008,26.10359573364257,-0.0054951485492436,3,-1.4241498587866477,24,0.2644725356622783,,,937.0,7.9
102,2012,7,Maharashtra,Ahmednagar,615.0,393.7685,-1.0442572,31.199020385742188,20.958759307861328,26.07888984680176,-0.0645482396648957,10,-0.273874972843586,26,0.4866294656185921,,,987.0,7.5
102,2013,7,Maharashtra,Ahmednagar,2405.0,608.1797,-0.12913746,29.93313789367676,21.0396728515625,25.486404418945312,-1.480732818722749,4,-1.259824875080496,15,-0.7352336491411342,,,615.0,7.9
102,2014,7,Maharashtra,Ahmednagar,256.0,411.36737,-0.9691441,32.03351211547852,21.614316940307617,26.82391357421875,1.7162400535043587,24,2.0266747990425373,17,-0.5130767191848203,,,2405.0,8.6
102,2015,7,Maharashtra,Ahmednagar,1229.0,402.2352,-1.0081208,32.196258544921875,22.04876518249512,27.12251281738281,2.429965022263831,21,1.5336998479240822,26,0.4866294656185921,,,256.0,14.0
102,2016,7,Maharashtra,Ahmednagar,1747.0,659.4268,0.089588344,30.679536819458008,21.368043899536133,26.02379035949707,-0.1962494437218558,16,0.712074929393324,26,0.4866294656185921,,,1229.0,15.0
102,2017,7,Maharashtra,Ahmednagar,2302.0,805.80945,0.7143581,31.30640411376953,21.6180362701416,26.46221923828125,0.8517024348485905,7,-0.766849923962041,15,-0.7352336491411342,,,1747.0,16.2
102,2018,7,Maharashtra,Ahmednagar,413.0,358.359,-1.1953869,31.37399101257324,21.26646423339844,26.32022857666016,0.5123101461884044,16,0.712074929393324,32,1.1531002554875338,,,2302.0,16.25
102,2019,7,Maharashtra,Ahmednagar,1123.0,796.1116,0.67296696,30.93358039855957,21.82857894897461,26.381080627441406,0.6577613790267018,21,1.5336998479240822,11,-1.179547509053762,,,413.0,17.33
115,1990,7,Maharashtra,Amarawati,399.0,1325.102,2.3256397,30.8690185546875,22.0063419342041,26.437679290771484,-2.186166250193274,7,-1.984146439570402,10,-1.0482173746966867,,,,14.3
115,1991,7,Maharashtra,Amarawati,439.0,650.3712,-1.2297621,32.83882141113281,22.32719039916992,27.583005905151367,0.1470771610558357,31,0.7481207886904797,58,3.317911194287859,,,399.0,13.9
115,1992,7,Maharashtra,Amarawati,591.0,872.5459,-0.05904298,33.21221923828125,22.607515335083008,27.90986633300781,0.8129526677618669,36,1.3173431279114969,19,-0.2295682680120844,,,439.0,12.7
115,1993,7,Maharashtra,Amarawati,865.0,932.3916,0.25630575,32.48137283325195,23.240066528320312,27.860719680786133,0.7128317930336883,24,-0.0487904862189441,10,-1.0482173746966867,,,591.0,11.1
115,1994,7,Maharashtra,Amarawati,963.0,1185.4547,1.5897871,31.096797943115234,22.34666633605957,26.72173309326172,-1.6074958038949152,10,-1.642613036037792,19,-0.2295682680120844,,,865.0,8.2
115,1995,7,Maharashtra,Amarawati,616.0,787.46063,-0.5073881,33.377647399902344,23.28372573852539,28.330686569213867,1.6702417860975125,38,1.5450320635999035,15,-0.5934123154274632,,,963.0,9.9
115,1996,7,Maharashtra,Amarawati,798.0,865.67114,-0.09526856,32.52490234375,22.96477127075196,27.744836807250977,0.4767568186484023,33,0.9758097243788866,16,-0.5024513035736186,,,616.0,10.4
115,1997,7,Maharashtra,Amarawati,611.0,815.9554,-0.35723895,32.77411651611328,22.919347763061523,27.84673309326172,0.6843385119228959,22,-0.276479421907351,22,0.0433147675494497,,,798.0,9.0
115,1998,7,Maharashtra,Amarawati,701.0,801.6609,-0.4325618,32.46059036254883,23.777908325195312,28.11924934387207,1.2395048183822828,23,-0.1626349540631475,13,-0.7753343391351527,,,611.0,8.7
115,1999,7,Maharashtra,Amarawati,636.0,932.7477,0.25818205,31.098371505737305,22.76006507873535,26.929218292236328,-1.1848098491977628,15,-1.0733906968167748,11,-0.957256362842842,,,701.0,8.8
115,2000,7,Maharashtra,Amarawati,494.0,686.8262,-1.0376676,32.61189651489258,22.550785064697266,27.58134078979492,0.1436850112658759,34,1.08965419222309,24,0.2252367912571391,,,636.0,8.9
115,2001,7,Maharashtra,Amarawati,942.0,859.1859,-0.12944159,32.062225341796875,22.16692924499512,27.114578247070312,-0.8071971334049052,19,-0.6180128254399612,18,-0.3205292798659291,,,494.0,10.3
115,2002,7,Maharashtra,Amarawati,655.0,722.8977,-0.8475936,32.65431213378906,22.44915008544922,27.55173110961914,0.083364583614998,35,1.2034986600672934,38,1.498690957210965,,,942.0,11.0
115,2003,7,Maharashtra,Amarawati,588.0,817.7727,-0.3476628,32.07268142700195,22.665882110595703,27.369281768798828,-0.2883186698875188,20,-0.5041683575957577,14,-0.684373327281308,,,655.0,10.2
115,2004,7,Maharashtra,Amarawati,438.0,633.90094,-1.3165499,32.6207160949707,21.93882369995117,27.279769897460938,-0.470671006247738,26,0.1788984494694626,18,-0.3205292798659291,,,588.0,9.6
115,2005,7,Maharashtra,Amarawati,490.0,1003.12476,0.6290244,32.29490280151367,22.725818634033203,27.51036071777344,-0.0009146018879385,25,0.0650539816252592,20,-0.1386072561582397,,,438.0,10.2
115,2006,7,Maharashtra,Amarawati,541.0,1023.8644,0.738309,31.93228912353516,22.16705894470215,27.04967498779297,-0.939417148356227,23,-0.1626349540631475,30,0.7710028623802074,,,490.0,8.5
115,2007,7,Maharashtra,Amarawati,822.0,1220.7036,1.7755264,32.19784164428711,22.267711639404297,27.232776641845703,-0.5664050114308421,20,-0.5041683575957577,32,0.9529248860878968,,,541.0,6.3
115,2008,7,Maharashtra,Amarawati,400.0,859.08215,-0.12998834,32.28097915649414,22.533790588378903,27.407384872436523,-0.2106955583710454,13,-1.3010796325051817,21,-0.047646244304395,,,822.0,4.5
115,2009,7,Maharashtra,Amarawati,1449.0,618.1979,-1.3992951,33.46555709838867,22.96183013916016,28.21369361877441,1.4319053785189175,34,1.08965419222309,24,0.2252367912571391,,,400.0,4.3
115,2010,7,Maharashtra,Amarawati,726.0,943.85046,0.31668666,32.666015625,23.1993465423584,27.93268203735352,0.8594325025699134,25,0.0650539816252592,20,-0.1386072561582397,,,1449.0,3.8
115,2011,7,Maharashtra,Amarawati,756.0,906.9515,0.1222525,32.277061462402344,21.96209144592285,27.11957550048828,-0.7970167984110041,25,0.0650539816252592,23,0.1342757794032944,,,726.0,4.1
115,2012,7,Maharashtra,Amarawati,408.0,1117.6903,1.2327119,32.148563385009766,22.34366035461425,27.246112823486328,-0.5392367281188742,25,0.0650539816252592,22,0.0433147675494497,,,756.0,3.8
115,2013,7,Maharashtra,Amarawati,170.0,1134.0492,1.3189129,30.62712478637696,22.321176528930664,26.474151611328125,-2.111865347233971,9,-1.7564575038819952,19,-0.2295682680120844,,,408.0,4.7
115,2014,7,Maharashtra,Amarawati,302.0,752.1377,-0.6935175,33.55763244628906,22.9106388092041,28.234134674072266,1.473547611392832,44,2.228098870665124,45,2.135418040187878,,,170.0,5.3
115,2015,7,Maharashtra,Amarawati,214.0,736.8696,-0.7739705,33.432762145996094,23.020170211791992,28.22646713256836,1.4579274027380678,39,1.658876531444107,42,1.862535004626344,,,302.0,5.6
115,2016,7,Maharashtra,Amarawati,667.0,981.51953,0.5151786,32.124961853027344,22.55333709716797,27.339149475097656,-0.3497037585263158,20,-0.5041683575957577,22,0.0433147675494497,,,214.0,6.9
115,2017,7,Maharashtra,Amarawati,337.0,661.85846,-1.1692315,32.777671813964844,22.9376220703125,27.857646942138672,0.7065720526996522,23,-0.1626349540631475,17,-0.4114902917197738,,,667.0,8.9
115,2018,7,Maharashtra,Amarawati,405.0,632.6433,-1.3231767,32.446468353271484,22.088098526000977,27.267284393310547,-0.4961063012363166,36,1.3173431279114969,38,1.498690957210965,,,337.0,7.26
115,2019,7,Maharashtra,Amarawati,192.0,1036.9781,0.80741024,32.42759323120117,22.89989280700684,27.663742065429688,0.3115517411920325,32,0.8619652565346831,20,-0.1386072561582397,,,405.0,6.17
166,1990,9,Punjab,Amritsar,2753.0,884.32764,1.625366,34.8152961730957,23.163593292236328,28.989444732666016,-0.3122577529910268,55,-1.2093770288476506,31,-0.217700172092054,278.2,0.9971326164874551,,279.0
166,1991,9,Punjab,Amritsar,2750.0,425.89874,-0.9666709,35.730716705322266,23.017711639404297,29.37421417236328,0.7997829336292644,80,0.6151141784656157,29,-0.4354003441841081,283.6,0.9985915492957748,2753.0,284.0
166,1992,9,Punjab,Amritsar,2798.0,548.78265,-0.27186382,34.874969482421875,22.84673118591309,28.8608512878418,-0.6839118604214436,67,-0.3336212493372829,25,-0.8708006883682162,286.0,0.9965156794425087,2750.0,287.0
166,1993,9,Punjab,Amritsar,2927.0,773.142,0.99670315,35.51261138916016,22.742156982421875,29.127384185791016,0.0864077030957201,84,0.9070327716357384,37,0.4354003441841081,288.9,0.9996539792387542,2798.0,289.0
166,1994,9,Punjab,Amritsar,3091.0,614.85144,0.10170059,34.78372573852539,22.7529411315918,28.7683334350586,-0.9513021620384756,45,-1.9391735117729572,25,-0.8708006883682162,297.8,0.9993288590604027,2927.0,298.0
166,1995,9,Punjab,Amritsar,2898.0,826.18427,1.2966132,35.47379302978516,23.42954444885254,29.45166778564453,1.0236353512284158,67,-0.3336212493372829,49,1.7416013767364324,304.2,1.0,3091.0,304.0
166,1996,9,Punjab,Amritsar,3055.0,852.58887,1.4459094,34.37999725341797,22.583070755004883,28.48153305053711,-1.7801977644989366,57,-1.0634177322625895,27,-0.6531005162761622,286.0,0.9896193771626297,2898.0,289.0
166,1997,9,Punjab,Amritsar,3010.0,688.1869,0.516352,33.941436767578125,22.80398750305176,28.372711181640625,-2.094709088220912,65,-0.4795805459223441,21,-1.3062010325523243,292.2,1.0,3055.0,292.0
166,1998,9,Punjab,Amritsar,2875.0,516.80676,-0.4526611,35.449806213378906,23.84993553161621,29.649871826171875,1.5964743934672212,93,1.5638496062685143,13,-2.177001720920541,304.59,0.998655737704918,3010.0,305.0
166,1999,9,Punjab,Amritsar,3107.0,431.7107,-0.9338091,35.31483459472656,23.2692813873291,29.29205703735352,0.5623366413798204,76,0.3231955852954931,37,0.4354003441841081,316.66,0.9957861635220127,2875.0,318.0
166,2000,9,Punjab,Amritsar,3047.0,503.9607,-0.525295,34.88117980957031,23.25215721130371,29.066669464111328,-0.0890668378079487,63,-0.6255398425074055,35,0.217700172092054,317.97,0.9967711598746082,3107.0,319.0
166,2001,9,Punjab,Amritsar,3003.0,736.5445,0.7897743,35.42568588256836,23.59823608398437,29.511960983276367,1.1978916251824832,87,1.1259717165133305,46,1.4150511185983514,318.94,0.9998119122257053,3047.0,319.0
166,2002,9,Punjab,Amritsar,2826.0,403.04755,-1.0958755,35.27686309814453,23.262353897094727,29.269607543945312,0.4974542794033028,77,0.3961752335880237,44,1.1973509465062973,310.96,0.9998713826366559,3003.0,311.0
166,2003,9,Punjab,Amritsar,2675.0,620.3663,0.13288242,35.217254638671875,23.030391693115234,29.123823165893555,0.0761158280056488,58,-0.9904380839700588,35,0.217700172092054,326.1,1.0,2826.0,326.0
166,2004,9,Punjab,Amritsar,3096.0,342.94675,-1.4356959,34.57026290893555,22.96163558959961,28.76594924926757,-0.9581928122059248,73,0.104256640417901,43,1.0885008604602704,333.88,0.9996407185628743,2675.0,334.0
166,2005,9,Punjab,Amritsar,2905.0,573.23254,-0.13361989,35.686798095703125,23.1744441986084,29.43062210083008,0.9628102040705008,90,1.3449106613909223,39,0.6531005162761622,178.49,0.9971508379888269,3096.0,179.0
166,2006,9,Punjab,Amritsar,3022.0,796.9972,1.1315844,34.80339813232422,23.207321166992188,29.005359649658203,-0.2662612849934077,68,-0.2606416010447522,23,-1.0885008604602704,178.45,1.0,2905.0,178.0
166,2007,9,Punjab,Amritsar,3067.0,457.9989,-0.785171,35.09071731567383,22.932090759277344,29.011404037475582,-0.248792108688953,62,-0.6985194907999361,41,0.8708006883682162,178.0,1.0,3022.0,178.0
166,2008,9,Punjab,Amritsar,2907.0,775.62195,1.010725,34.88444519042969,22.9390869140625,28.911766052246094,-0.5367606479659834,80,0.6151141784656157,26,-0.7619506023221893,183.19,1.0,3067.0,183.0
166,2009,9,Punjab,Amritsar,2708.0,336.97598,-1.4694556,36.386863708496094,22.85620880126953,29.62153625488281,1.514580394357356,96,1.782788551146106,30,-0.3265502581380811,185.19,1.0,2907.0,185.0
166,2010,9,Punjab,Amritsar,2704.0,423.98535,-0.97748953,35.071502685546875,22.849411010742188,28.96045684814453,-0.3960370339866903,60,-0.8444787873849975,37,0.4354003441841081,186.3,1.0,2708.0,186.0
166,2011,9,Punjab,Amritsar,2620.0,1246.2797,3.6719058,35.036800384521484,23.19085121154785,29.113826751708984,0.0472247099836543,62,-0.6985194907999361,21,-1.3062010325523243,183.58,0.9977173913043479,2704.0,184.0
166,2012,9,Punjab,Amritsar,2941.0,1079.1372,2.7268531,35.891109466552734,23.35856056213379,29.62483596801757,1.524117054189077,73,0.104256640417901,43,1.0885008604602704,184.77,0.9987567567567568,2620.0,185.0
166,2013,9,Punjab,Amritsar,2846.0,641.2184,0.2507839,35.19307327270508,24.028562545776367,29.610816955566406,1.4836000312046074,72,0.0312769921253704,19,-1.5239012046443785,181.76,0.9986813186813186,2941.0,182.0
166,2014,9,Punjab,Amritsar,2775.0,384.097,-1.2030252,35.73991394042969,23.21277618408203,29.47634506225586,1.0949563367213684,80,0.6151141784656157,25,-0.8708006883682162,182.37,1.0,2846.0,182.0
166,2015,9,Punjab,Amritsar,2834.0,415.66577,-1.0245298,34.9363899230957,22.64996337890625,28.793176651000977,-0.8795015872938802,72,0.0312769921253704,25,-0.8708006883682162,180.77,0.9987292817679558,2775.0,181.0
166,2016,9,Punjab,Amritsar,3189.0,428.63382,-0.95120627,35.91910171508789,23.425931930541992,29.672515869140625,1.6619190324973907,90,1.3449106613909223,39,0.6531005162761622,179.51,0.9972777777777777,2834.0,180.0
166,2017,9,Punjab,Amritsar,3761.0,450.03662,-0.8301911,35.590301513671875,23.28885841369629,29.43957901000977,0.9886969986194962,104,2.3666257374863515,56,2.5035519790586216,179.51,0.9972777777777777,3189.0,180.0
166,2018,9,Punjab,Amritsar,2983.0,608.70374,0.0669404,35.07950210571289,23.189542770385746,29.134521484375,0.1070355534369342,71,-0.0417026561671602,20,-1.4150511185983514,179.514,0.9973000000000001,3761.0,180.0
166,2019,9,Punjab,Amritsar,3304.0,404.1239,-1.0897896,35.52731704711914,23.50068092346192,29.513999938964844,1.2037845092056685,81,0.6880938267581463,27,-0.6531005162761622,180.964,0.9998011049723757,2983.0,181.0
719,1995,8,Orissa,Angul,1199.0,1005.0027,-0.95488894,31.8856201171875,23.87908363342285,27.88235092163086,-1.1023028205437866,14,0.1066596619070958,10,-0.9579159651319532,40.63,0.3736435534302005,,108.74
719,1996,8,Orissa,Angul,655.0,1044.0992,-0.8246106,32.02497100830078,24.18071937561035,28.10284423828125,-0.5082181664550781,4,-1.20607463848793,20,1.0947611030079467,38.03,0.3533401467992196,1199.0,107.63
719,1997,8,Orissa,Angul,1386.0,1515.3552,0.74571806,32.18856430053711,23.966535568237305,28.07754898071289,-0.5763722700391376,16,0.369206521986101,22,1.505296516635927,39.9,0.3562181948040353,655.0,112.01
719,1998,8,Orissa,Angul,736.0,889.86664,-1.3385476,32.513267517089844,25.19816970825196,28.8557186126709,1.520283735898318,13,-0.0246137681324067,10,-0.9579159651319532,32.12,0.315149136577708,1386.0,101.92
719,1999,8,Orissa,Angul,1305.0,1531.3242,0.7989303,31.381567001342773,24.247188568115234,27.814376831054688,-1.285448344863551,7,-0.8122543483694222,9,-1.1631836719459432,32.0,0.28156621205455346,736.0,113.65
719,2000,8,Orissa,Angul,410.0,893.61053,-1.3260721,32.25947952270508,24.251829147338867,28.255653381347656,-0.0964979008284369,5,-1.0748012084484273,12,-0.5473805515039732,32.09,0.2843597696056713,1305.0,112.85
719,2001,8,Orissa,Angul,1639.0,1668.1492,1.2548611,31.62450790405273,23.81647109985352,27.720489501953125,-1.538413025516676,1,-1.5998949286064377,13,-0.3421128446899832,38.49,0.3408909751129218,410.0,112.91
719,2002,8,Orissa,Angul,388.0,957.61804,-1.112785,32.61124038696289,24.28902053833008,28.450130462646484,0.4274900881353604,22,1.1568471022231164,13,-0.3421128446899832,30.5,0.2936362761143737,1639.0,103.87
719,2003,8,Orissa,Angul,1505.0,1910.035,2.060878,31.94124412536621,24.377450942993164,28.159347534179688,-0.3559788990312973,17,0.5004799520256036,8,-1.3684513787599333,30.84,0.2842658309521615,388.0,108.49
719,2004,8,Orissa,Angul,1269.0,1019.2166,-0.907525,32.1807861328125,24.37124252319336,28.27601432800293,-0.0416385239803117,17,0.5004799520256036,24,1.9158319302639064,36.49,0.3111888111888112,1505.0,117.26
719,2005,8,Orissa,Angul,1554.0,1566.4226,0.91588587,32.48882293701172,25.11170196533203,28.800262451171875,1.370865807855298,26,1.6819408223811267,12,-0.5473805515039732,35.71,0.3144039443564008,1269.0,113.58
719,2006,8,Orissa,Angul,1368.0,1277.9663,-0.045314044,32.200592041015625,23.97764778137207,28.08911895751953,-0.5451987824549945,12,-0.1558871981719093,15,0.0684225689379967,35.11,0.3114521422868801,1554.0,112.73
719,2007,8,Orissa,Angul,853.0,1360.142,0.22851335,32.104637145996094,25.069868087768555,28.58725357055664,0.7969467926192398,11,-0.2871606282114118,13,-0.3421128446899832,34.71,0.33079195654245686,1368.0,104.93
719,2008,8,Orissa,Angul,1356.0,1411.2432,0.3987938,31.84673118591309,24.29686164855957,28.071796417236328,-0.5918716499523878,3,-1.3373480685274324,21,1.3000288098219368,32.05,0.3240647118301314,853.0,98.9
719,2009,8,Orissa,Angul,1002.0,1092.4136,-0.6636166,32.85189437866211,24.439672470092773,28.645782470703125,0.9546437329435086,23,1.288120532262619,24,1.9158319302639064,30.87,0.29492691315563196,1356.0,104.67
719,2010,8,Orissa,Angul,582.0,838.7787,-1.5087839,32.95692825317383,24.792680740356445,28.874805450439453,1.5717102262139329,20,0.8943002421441113,11,-0.7526482583179632,31.98,0.38107721639656816,1002.0,83.92
719,2011,8,Orissa,Angul,989.0,1408.363,0.38919657,32.23679733276367,23.70647048950196,27.97163391113281,-0.8617438106833055,14,0.1066596619070958,19,0.8894933961939567,26.81,0.3388952092023764,582.0,79.11
719,2012,8,Orissa,Angul,2080.0,1299.6588,0.026970157,32.40627670288086,24.05647087097168,28.23137283325196,-0.1619180289105475,18,0.6317533820651061,17,0.4789579825659767,27.71,0.33003811338732736,989.0,83.96
719,2013,8,Orissa,Angul,1929.0,1401.5027,0.36633635,31.75640869140625,23.931371688842773,27.843891143798828,-1.2059266589293225,8,-0.6809809183299196,7,-1.5737190855739231,27.92,0.35735312939971847,2080.0,78.13
719,2014,8,Orissa,Angul,2486.0,1377.5574,0.2865453,32.48770523071289,23.54861831665039,28.01816177368164,-0.7363817836263249,21,1.025573672183614,14,-0.1368451378759932,44.35,0.4897305653710247,1929.0,90.56
719,2015,8,Orissa,Angul,791.0,960.51556,-1.1031299,32.91194152832031,24.57454490661621,28.74324417114257,1.2172389964737564,12,-0.1558871981719093,23,1.7105642234499168,41.14,0.5159267619764234,2486.0,79.74
719,2016,8,Orissa,Angul,2340.0,1049.6628,-0.80607146,32.27496337890625,23.969236373901367,28.122100830078125,-0.4563343005385749,12,-0.1558871981719093,20,1.0947611030079467,48.48,0.6149162861491628,791.0,78.84
719,2017,8,Orissa,Angul,1358.0,1034.12,-0.85786366,32.61907958984375,24.37983131408692,28.499454498291016,0.5603859649777507,12,-0.1558871981719093,10,-0.9579159651319532,42.47,0.46329224391840296,2340.0,91.67
719,2018,8,Orissa,Angul,2667.0,1279.6091,-0.0398398,32.446434020996094,23.90576934814453,28.176101684570312,-0.3108374689391258,16,0.369206521986101,18,0.6842256893799668,7.383,0.10792281830141792,1358.0,68.41
719,2019,8,Orissa,Angul,3108.0,1239.3851,-0.17387502,32.421478271484375,24.51004981994629,28.465763092041016,0.4696097558306516,20,0.8943002421441113,8,-1.3684513787599333,3.565,0.05744440863680309,2667.0,62.06
108,1990,7,Maharashtra,Aurangabad,760.0,872.00256,1.640158,30.323335647583008,21.51643943786621,25.91988754272461,-1.9364436256653568,3,-1.9860323241661024,15,-0.9027936672972552,,,,2.5
108,1991,7,Maharashtra,Aurangabad,318.0,654.13477,0.028167805,31.892581939697266,21.55444526672364,26.72351455688477,-0.1358343657450311,16,-0.2711557047754459,34,2.256984168243139,,,760.0,2.2
108,1992,7,Maharashtra,Aurangabad,733.0,663.6304,0.098425195,32.588008880615234,21.81065368652344,27.199331283569336,0.9302821149068506,30,1.5756345007221844,23,0.4276391055618581,,,318.0,1.5
108,1993,7,Maharashtra,Aurangabad,800.0,692.711,0.31359094,31.91927719116211,22.238758087158203,27.07901763916016,0.6607069781821054,17,-0.1392421186684723,10,-1.7343141503342012,,,733.0,1.5
108,1994,7,Maharashtra,Aurangabad,722.0,569.381,-0.59892017,30.86251449584961,21.4565372467041,26.15952682495117,-1.399507082947535,12,-0.7988100492033403,25,0.7602472987766365,,,800.0,1.8
108,1995,7,Maharashtra,Aurangabad,417.0,509.61655,-1.0411135,32.97745132446289,22.25019645690918,27.61382293701172,1.8589934401825567,32,1.8394616729361315,14,-1.0690977639046446,,,722.0,1.2
108,1996,7,Maharashtra,Aurangabad,813.0,744.43695,0.696308,31.940814971923828,21.644445419311523,26.79262924194336,0.0190242187974894,22,0.5203258118663956,17,-0.570185474082477,,,417.0,1.6
108,1997,7,Maharashtra,Aurangabad,1733.0,550.01746,-0.74218965,32.15470504760742,22.11186408996582,27.133285522460938,0.7822997711891628,18,-0.0073285325614987,16,-0.7364895706898661,,,813.0,1.5
108,1998,7,Maharashtra,Aurangabad,500.0,909.65424,1.9187404,31.87953758239746,22.39830017089844,27.138919830322266,0.7949240194157505,21,0.388412225759422,15,-0.9027936672972552,,,1733.0,1.2
108,1999,7,Maharashtra,Aurangabad,444.0,683.49036,0.24536799,30.96591567993164,21.100326538085938,26.03312110900879,-1.682732134647135,12,-0.7988100492033403,28,1.259159588598804,,,500.0,0.9
108,2000,7,Maharashtra,Aurangabad,667.0,439.88934,-1.5570207,31.969282150268555,21.4443473815918,26.70681381225586,-0.173254107610984,15,-0.4030692908824195,24,0.5939432021692473,,,444.0,0.6
108,2001,7,Maharashtra,Aurangabad,600.0,593.57935,-0.41987795,31.485689163208008,21.472972869873047,26.479331970214844,-0.68295065093942,8,-1.3264643936312346,20,-0.0712731842603094,,,667.0,0.5
108,2002,7,Maharashtra,Aurangabad,333.0,645.6222,-0.03481619,31.97669982910156,21.79120635986328,26.883953094482425,0.2236447350767849,29,1.4437209146152108,14,-1.0690977639046446,,,600.0,0.6
108,2003,7,Maharashtra,Aurangabad,333.0,576.14453,-0.54887706,31.724672317504883,21.521503448486328,26.62308883666992,-0.3608485558690456,15,-0.4030692908824195,29,1.4254636852061933,,,333.0,0.6
108,2004,7,Maharashtra,Aurangabad,667.0,627.4227,-0.16947287,31.88637351989746,21.43555450439453,26.660964965820312,-0.2759831796728368,13,-0.6668964630963667,19,-0.2375772808676985,,,333.0,0.3
108,2005,7,Maharashtra,Aurangabad,1000.0,450.5116,-1.4784273,31.96084785461425,22.023496627807617,26.992172241210938,0.466120901590023,24,0.7841529840803428,21,0.0950309123470797,,,667.0,0.1
108,2006,7,Maharashtra,Aurangabad,1000.0,898.1687,1.8337597,31.373628616333008,21.95352935791016,26.663578033447266,-0.2701283319848122,17,-0.1392421186684723,24,0.5939432021692473,,,1000.0,0.1
108,2010,7,Maharashtra,Aurangabad,2000.0,827.357,1.3098283,32.186241149902344,22.436830520629883,27.3115348815918,1.1816858557414796,21,0.388412225759422,14,-1.0690977639046446,,,1000.0,0.01
108,2016,7,Maharashtra,Aurangabad,477.0,660.14233,0.07261743,31.61371612548828,21.99774932861328,26.80573272705078,0.0483839294666353,19,0.1245850535454748,22,0.261335008954469,,,2000.0,6.5
108,2019,7,Maharashtra,Aurangabad,200.0,775.3943,0.9253594,31.880783081054688,22.35259246826172,27.116687774658203,0.7451108043415781,26,1.04798015629429,11,-1.568010053726812,,,477.0,0.01
701,1990,8,Orissa,Balasore,884.0,1401.3229,-0.18143958,31.76039123535156,24.63941192626953,28.199901580810547,-0.747748102193397,8,-0.6545793493831382,16,0.4289320272288885,175.96,0.4095617158950725,,429.63
701,1991,8,Orissa,Balasore,1404.0,1191.7025,-1.0808336,32.00555419921875,24.66738510131836,28.336469650268555,-0.38525157241239,9,-0.5261105051116812,15,0.2523129571934638,189.8,0.4391891891891892,884.0,432.16
701,1992,8,Orissa,Balasore,1360.0,1664.2501,0.94667214,31.98960876464844,24.13915061950684,28.06438064575196,-1.107465193211671,9,-0.5261105051116812,10,-0.6307823929836595,171.66,0.4042863871879416,1404.0,424.6
701,1993,8,Orissa,Balasore,1447.0,1516.0942,0.3109967,31.980653762817383,23.81039428710937,27.895523071289062,-1.555668678938312,12,-0.14070397229731,12,-0.2775442529128101,182.42,0.41055071680957844,1360.0,444.33
701,1994,8,Orissa,Balasore,1432.0,1626.3279,0.7839635,31.745161056518555,24.12320327758789,27.934181213378903,-1.4530572675669515,8,-0.6545793493831382,16,0.4289320272288885,189.37,0.42338132713289217,1447.0,447.28
701,1995,8,Orissa,Balasore,1361.0,1443.853,0.0010396498,31.918954849243164,24.55986976623535,28.23941230773925,-0.6428736505179611,10,-0.3976416608402241,9,-0.8074014630190841,78.8,0.31527566615987834,1432.0,249.94
701,1996,8,Orissa,Balasore,926.0,1407.7275,-0.15395983,32.10529327392578,24.6098690032959,28.35758209228516,-0.329212214189088,5,-1.0399858821975094,26,2.195122727583135,88.13,0.3379217791411043,1361.0,260.8
701,1997,8,Orissa,Balasore,1520.0,1771.7319,1.407832,32.35026168823242,24.37405204772949,28.36215591430664,-0.3170717876808803,19,0.7585779376028893,13,-0.1009251828773854,89.04,0.35832427864300376,926.0,248.49
701,1998,8,Orissa,Balasore,792.0,1122.4617,-1.3779173,32.51202392578125,25.54594993591309,29.028987884521484,1.452919368445395,14,0.116233716245604,6,-1.3372586731253582,81.79,0.3413890975874447,1520.0,239.58
701,1999,8,Orissa,Balasore,1005.0,1595.497,0.65168077,31.61123847961425,24.854507446289062,28.232872009277344,-0.6602337516425041,8,-0.6545793493831382,6,-1.3372586731253582,79.35,0.31073778195488716,792.0,255.36
701,2000,8,Orissa,Balasore,1560.0,1155.1571,-1.2376348,32.41104507446289,24.86307144165039,28.63705825805664,0.4126093598488606,6,-0.9115170379260524,11,-0.4541633229482348,76.34,0.31131229100399643,1005.0,245.22
701,2001,8,Orissa,Balasore,1756.0,1530.1301,0.3712189,31.690200805664062,24.93039321899414,28.3102970123291,-0.4547223532905198,0,-1.6823301035547946,11,-0.4541633229482348,53.64,0.21728915174592886,1560.0,246.86
701,2002,8,Orissa,Balasore,948.0,1049.4753,-1.6910714,32.70431137084961,24.973594665527344,28.83895301818848,0.9485043916759308,27,1.7863286917745456,12,-0.2775442529128101,51.62,0.23093097123428621,1756.0,223.53
701,2003,8,Orissa,Balasore,1561.0,1553.7239,0.47244987,32.402809143066406,25.0405216217041,28.721664428710938,0.6371819366009439,17,0.5016402490599752,7,-1.1606396030899335,89.75,0.3811687760129109,948.0,235.46
701,2004,8,Orissa,Balasore,1764.0,1418.8447,-0.10626059,32.27359771728516,24.311635971069336,28.29261779785156,-0.5016487975376789,19,0.7585779376028893,24,1.8418845875122856,102.52,0.4265446224256293,1561.0,240.35
701,2005,8,Orissa,Balasore,1540.0,1729.9784,1.2286849,32.724117279052734,25.12895393371582,28.9265365600586,1.1809798899373247,27,1.7863286917745456,14,0.0756938871580391,109.11,0.4421167794481138,1764.0,246.79
701,2006,8,Orissa,Balasore,1449.0,1471.783,0.120875396,32.470001220703125,24.43777847290039,28.45388984680176,-0.0735797889683175,13,-0.012235128025853,14,0.0756938871580391,106.97,0.4257004138809296,1540.0,251.28
701,2007,8,Orissa,Balasore,1638.0,1874.6836,1.8495548,32.219017028808594,25.060327529907227,28.6396713256836,0.4195452999307122,12,-0.14070397229731,11,-0.4541633229482348,114.27,0.4738937502591963,1449.0,241.13
701,2008,8,Orissa,Balasore,1432.0,1484.2722,0.17446162,31.99960708618164,24.64431381225586,28.32196044921875,-0.4237637594215675,4,-1.1684547264689664,21,1.3120273774060118,118.4,0.4822024924655861,1638.0,245.54
701,2009,8,Orissa,Balasore,1607.0,1177.94,-1.139883,33.1356201171875,24.94980430603028,29.042713165283203,1.48935077343002,26,1.6578598475030886,22,1.4886464474414365,103.81,0.43099725981898196,1432.0,240.86
701,2010,8,Orissa,Balasore,1852.0,1128.8677,-1.3504318,33.16575241088867,25.38823509216309,29.27699279785156,2.111205897702033,22,1.1439844704172604,9,-0.8074014630190841,120.81,0.504194315763115,1607.0,239.61
701,2011,8,Orissa,Balasore,2149.0,1394.2625,-0.21173294,32.39451217651367,24.6716365814209,28.53307342529297,0.1365994464314371,15,0.244702560517061,15,0.2523129571934638,134.24,0.5700212314225054,1852.0,235.5
701,2012,8,Orissa,Balasore,1765.0,848.5343,-2.553226,33.09052276611328,24.878236770629883,28.984378814697266,1.3345122395153777,21,1.0155156261458034,17,0.6055510972643132,146.17,0.707365466511808,2149.0,206.64
701,2013,8,Orissa,Balasore,1248.0,1946.529,2.1578138,32.11653518676758,24.90098190307617,28.508758544921875,0.0720597645603979,9,-0.5261105051116812,10,-0.6307823929836595,150.94,0.6670201953245836,1765.0,226.29
701,2014,8,Orissa,Balasore,2291.0,1605.2634,0.6935847,32.90732955932617,24.89443588256836,28.900882720947266,1.1128861716155805,26,1.6578598475030886,17,0.6055510972643132,135.55,0.6192891081871346,1248.0,218.88
701,2015,8,Orissa,Balasore,1702.0,1100.3914,-1.4726118,33.281864166259766,25.001821517944336,29.14184188842773,1.7524709763011783,17,0.5016402490599752,15,0.2523129571934638,123.38,0.5587103201557759,2291.0,220.83
701,2016,8,Orissa,Balasore,2785.0,1245.7845,-0.84879,32.58019256591797,24.77414321899414,28.67716789245605,0.5190735087401348,11,-0.269172816568767,15,0.2523129571934638,130.36,0.5876572149844476,1702.0,221.83
701,2017,8,Orissa,Balasore,2329.0,1085.8003,-1.5352161,32.878421783447266,25.15842056274414,29.018421173095703,1.4248718443188215,17,0.5016402490599752,8,-0.9840205330545088,131.7,0.6215489168908396,2785.0,211.89
701,2018,8,Orissa,Balasore,2652.0,1589.1346,0.6243828,32.76475143432617,24.743120193481445,28.753936767578125,0.7228433279766878,21,1.0155156261458034,18,0.7821701672997379,59.968,0.27058929699485607,2329.0,221.62
701,2019,8,Orissa,Balasore,2503.0,1279.5344,-0.7039833,32.75862121582031,25.10171890258789,28.9301700592041,1.1906243905620666,31,2.3002040688603738,9,-0.8074014630190841,59.859,0.29043668122270744,2652.0,206.1
729,1995,8,Orissa,Bargarh,1829.0,932.009,-1.1340218,32.4845085144043,22.78241729736328,27.63346290588379,-0.0135815148233119,23,0.643885965439728,18,-0.1838043938849706,175.33,0.574137140611697,,305.38
729,1996,8,Orissa,Bargarh,1513.0,867.7051,-1.3670669,32.17790603637695,23.25542449951172,27.716665267944336,0.1741114487827431,18,-0.1737470065472282,29,1.2802926746470382,161.74,0.5786348025186034,1829.0,279.52
729,1997,8,Orissa,Bargarh,1781.0,1238.4276,-0.02352317,32.467124938964844,23.069477081298828,27.76830101013184,0.2905945057435307,22,0.4803593710423367,18,-0.1838043938849706,263.36,0.9027525451616221,1513.0,291.73
729,1998,8,Orissa,Bargarh,1621.0,1038.8453,-0.7468337,32.62902069091797,24.076536178588867,28.35277938842773,1.6090964841631534,20,0.1533061822475542,14,-0.7162033278966102,168.5,0.5614420898307344,1781.0,300.12
729,1999,8,Orissa,Bargarh,2143.0,970.6565,-0.9939584,31.49993324279785,23.203855514526367,27.35189437866211,-0.6487609739589928,12,-1.1549065729315755,12,-0.98240279490243,157.83,0.5210802601604544,1621.0,302.89
729,2000,8,Orissa,Bargarh,1211.0,854.7365,-1.4140666,32.27568435668945,22.647449493408203,27.461566925048828,-0.4013549538923253,12,-1.1549065729315755,34,1.945791342161588,158.35,0.538935402627459,2143.0,293.82
729,2001,8,Orissa,Bargarh,1961.0,1744.2001,1.809458,31.72863006591797,22.445295333862305,27.086963653564453,-1.246407864172212,8,-1.8090129505211403,15,-0.5831035943937003,168.67,0.5512091503267973,1211.0,306.0
729,2002,8,Orissa,Bargarh,1272.0,1034.7227,-0.7617748,32.63954162597656,22.20928192138672,27.42441177368164,-0.4851718107775197,28,1.4615189374266842,17,-0.3169041273878805,181.62,0.5936458129044911,1961.0,305.94
729,2003,8,Orissa,Bargarh,2047.0,1734.4519,1.7741294,32.231239318847656,22.97686195373535,27.604049682617188,-0.0799336580484959,20,0.1533061822475542,13,-0.8493030613995202,176.63,0.5649267575001599,1272.0,312.66
729,2004,8,Orissa,Bargarh,1775.0,1049.399,-0.70858574,32.050655364990234,22.329805374145508,27.190231323242188,-1.013450355677438,18,-0.1737470065472282,17,-0.3169041273878805,168.64,0.5677732139249883,2047.0,297.02
729,2005,8,Orissa,Bargarh,1922.0,1357.6934,0.40871045,32.654640197753906,23.42294311523437,28.03879165649414,0.900783805495774,24,0.8074125598371191,19,-0.0507046603820607,169.2,0.5826245652697909,1775.0,290.41
729,2006,8,Orissa,Bargarh,2047.0,1458.4109,0.77372307,31.9468002319336,21.970457077026367,26.958629608154297,-1.535911632070745,21,0.3168327766449455,18,-0.1838043938849706,184.27,0.6152793081572006,1922.0,299.49
729,2007,8,Orissa,Bargarh,2140.0,1358.2241,0.410634,32.26947784423828,22.98738479614257,27.62843132019043,-0.0249320727526313,16,-0.5008001953420106,27,1.0140932076412184,190.93,0.6345297441010304,2047.0,300.9
729,2008,8,Orissa,Bargarh,2075.0,1680.9592,1.5802654,31.82575035095215,22.8054256439209,27.315587997436523,-0.7306631233845409,10,-1.481959761726358,38,2.4781902761732275,194.73,0.6375392875851231,2140.0,305.44
729,2009,8,Orissa,Bargarh,2218.0,1229.4607,-0.05602038,33.161895751953125,23.39974021911621,28.280818939208984,1.446763713292288,27,1.2979923430292928,24,0.6147940071324888,190.45,0.6109453693901773,2075.0,311.73
729,2010,8,Orissa,Bargarh,2326.0,1057.199,-0.6803179,33.202415466308594,23.635883331298828,28.41914939880371,1.7588180020807238,26,1.1344657486319016,13,-0.8493030613995202,190.28,0.6276553635044201,2218.0,303.16
729,2011,8,Orissa,Bargarh,2157.0,1262.9333,0.06528861,32.141441345214844,22.51947784423828,27.33045959472656,-0.6971148670635088,16,-0.5008001953420106,21,0.215494806623759,196.19,0.6425506828677169,2326.0,305.33
729,2012,8,Orissa,Bargarh,3195.0,1516.6221,0.9846875,32.279998779296875,22.949478149414062,27.61473846435547,-0.0558212521971288,23,0.643885965439728,21,0.215494806623759,195.64,0.6563999328971648,2157.0,298.05
729,2013,8,Orissa,Bargarh,2274.0,1260.5808,0.056762725,31.69313621520996,22.95078659057617,27.32196044921875,-0.7162877579403193,14,-0.8278533841367931,8,-1.5148017289140696,220.07,0.6760360028261605,3195.0,325.53
729,2014,8,Orissa,Bargarh,2928.0,1681.0837,1.5807167,32.66460037231445,22.46515655517578,27.56487846374512,-0.1682984829895165,23,0.643885965439728,19,-0.0507046603820607,225.36,0.735317149569303,2274.0,306.48
729,2015,8,Orissa,Bargarh,1924.0,1002.151,-0.87981844,32.95355224609375,23.426176071166992,28.189865112304688,1.24158452245926,17,-0.3372736009446194,39,2.611290009676137,189.47,0.6164232033054624,2928.0,307.37
729,2016,8,Orissa,Bargarh,2437.0,981.05225,-0.9562829,32.40790939331055,23.146936416625977,27.77742385864257,0.3111743838996609,23,0.643885965439728,21,0.215494806623759,167.06,0.5988242884794609,1924.0,278.98
729,2017,8,Orissa,Bargarh,1049.0,965.17725,-1.0138159,32.752315521240234,23.26572227478028,28.009017944335938,0.8336184494394142,22,0.4803593710423367,10,-1.2486022619082495,181.82,0.6114474038202852,2437.0,297.36
729,2018,8,Orissa,Bargarh,1966.0,1197.5043,-0.17183435,32.43719482421875,22.76771354675293,27.60245513916016,-0.0835307264445876,24,0.8074125598371191,19,-0.0507046603820607,143.059,0.46933827630327085,1049.0,304.81
729,2019,8,Orissa,Bargarh,1945.0,1411.2542,0.6028213,32.452537536621094,23.33974266052246,27.896141052246094,0.5789838708734076,26,1.1344657486319016,6,-1.7810011959198897,160.796,0.5374018248053207,1966.0,299.21
714,1995,8,Orissa,Bhadrak,1432.0,1240.123,-0.3067343,31.918954849243164,24.55986976623535,28.23941230773925,-1.0941405918281055,10,-0.5032627753941568,8,-0.880291649986566,102.68,0.5500616060427493,,186.67
714,1996,8,Orissa,Bhadrak,1171.0,826.2199,-1.7822709,32.10529327392578,24.6098690032959,28.35758209228516,-0.74068223713798,5,-1.0867558483149182,26,1.9637275268931087,95.52,0.5431902189365937,1432.0,175.85
714,1997,8,Orissa,Bhadrak,1751.0,1447.3176,0.43190032,32.35026168823242,24.37405204772949,28.36215591430664,-0.7270014505259841,19,0.547024755863214,9,-0.7222905846043618,100.07,0.5381843605464128,1171.0,185.94
714,1998,8,Orissa,Bhadrak,1430.0,1032.824,-1.0457414,32.51202392578125,25.54594993591309,29.028987884521484,1.2675636741599454,14,-0.0364683170575475,8,-0.880291649986566,96.34,0.5324122685824814,1751.0,180.95
714,1999,8,Orissa,Bhadrak,725.0,1806.7858,1.7133799,31.61123847961425,24.854507446289062,28.232872009277344,-1.113703317971786,8,-0.7366600045624614,5,-1.3542948461331783,111.24,0.5785914906896911,1430.0,192.26
714,2000,8,Orissa,Bhadrak,1469.0,1010.6725,-1.12471,32.41104507446289,24.86307144165039,28.63705825805664,0.0952606065279318,6,-0.970057233730766,11,-0.4062884538399535,96.67,0.5609586258921836,725.0,172.33
714,2001,8,Orissa,Bhadrak,1927.0,1462.5005,0.48602617,31.690200805664062,24.93039321899414,28.3102970123291,-0.8821169247519424,0,-1.67024892123568,13,-0.0902863230755451,75.06,0.48229775750176707,1469.0,155.63
714,2002,8,Orissa,Bhadrak,1253.0,1046.5096,-0.99695295,32.70431137084961,24.973594665527344,28.83895301818848,0.6991492402508419,27,1.4806136725364325,12,-0.2482873884577493,26.18,0.17341193614625422,1927.0,150.97
714,2003,8,Orissa,Bhadrak,1808.0,1705.2739,1.3514969,32.402809143066406,25.0405216217041,28.721664428710938,0.3483266334401043,17,0.3136275266949093,8,-0.880291649986566,72.7,0.42584348641049674,1253.0,170.72
714,2004,8,Orissa,Bhadrak,2007.0,1465.5847,0.49702126,32.27359771728516,24.311635971069336,28.29261779785156,-0.9349973297172112,19,0.547024755863214,24,1.6477253961287004,84.96,0.4768747193533902,1808.0,178.16
714,2005,8,Orissa,Bhadrak,1924.0,1492.0488,0.591364,32.724117279052734,25.12895393371582,28.9265365600586,0.9611209001493956,27,1.4806136725364325,10,-0.5642895192221576,104.97,0.5912470429199054,2007.0,177.54
714,2006,8,Orissa,Bhadrak,1774.0,1429.7183,0.36915976,32.470001220703125,24.43777847290039,28.45388984680176,-0.4526155322171917,13,-0.1531669316416999,26,1.9637275268931087,105.37,0.6179333802486512,1924.0,170.52
714,2007,8,Orissa,Bhadrak,1763.0,1783.8484,1.6316096,32.219017028808594,25.060327529907227,28.6396713256836,0.1030765688542348,12,-0.2698655462258522,11,-0.4062884538399535,105.84,0.5986763957237401,1774.0,176.79
714,2008,8,Orissa,Bhadrak,1920.0,1485.8462,0.569252,31.99960708618164,24.64431381225586,28.32196044921875,-0.8472303483831265,4,-1.2034544628990709,15,0.2257158076888631,116.27,0.648068669527897,1763.0,179.41
714,2009,8,Orissa,Bhadrak,1903.0,1197.6499,-0.45814818,33.1356201171875,24.94980430603028,29.042713165283203,1.3086174441599452,26,1.36391505795228,22,1.331723265364292,110.59,0.6411757884972171,1920.0,172.48
714,2010,8,Orissa,Bhadrak,1854.0,970.7317,-1.2670962,33.16575241088867,25.38823509216309,29.27699279785156,2.0093726649909494,22,0.8971205996156708,8,-0.880291649986566,105.45,0.6666877410381236,1903.0,158.17
714,2011,8,Orissa,Bhadrak,1666.0,1658.3433,1.1841924,32.39451217651367,24.6716365814209,28.53307342529297,-0.2157690534025839,15,0.0802302975266047,27,2.121728592275313,110.02,0.63175423485501,1854.0,174.15
714,2012,8,Orissa,Bhadrak,2120.0,1030.6844,-1.0533687,33.09052276611328,24.878236770629883,28.984378814697266,1.1341332165779558,21,0.7804219850315185,17,0.5417179384532714,107.96,0.6446142823023645,1666.0,167.48
714,2013,8,Orissa,Bhadrak,1466.0,1555.0612,0.8159987,32.11653518676758,24.90098190307617,28.508758544921875,-0.2884974386110329,9,-0.6199613899783091,11,-0.4062884538399535,109.04,0.6474674900540348,2120.0,168.41
714,2014,8,Orissa,Bhadrak,1421.0,1242.2278,-0.29923105,32.90732955932617,24.89443588256836,28.900882720947266,0.8843875473839601,26,1.36391505795228,13,-0.0902863230755451,55.49,0.3384155638226505,1466.0,163.97
714,2015,8,Orissa,Bhadrak,2506.0,1003.7152,-1.1495122,33.281864166259766,25.001821517944336,29.14184188842773,1.6051219653439246,17,0.3136275266949093,15,0.2257158076888631,70.22,0.43161841539123486,1421.0,162.69
714,2016,8,Orissa,Bhadrak,3102.0,1211.8843,-0.4074036,32.58019256591797,24.77414321899414,28.67716789245605,0.2152327756955138,11,-0.3865641608100045,15,0.2257158076888631,106.67,0.6840012824623277,2506.0,155.95
714,2017,8,Orissa,Bhadrak,1942.0,997.62036,-1.1712399,32.878421783447266,25.15842056274414,29.018421173095703,1.2359575199353765,17,0.3136275266949093,10,-0.5642895192221576,89.7,0.5667888285100469,3102.0,158.26
714,2018,8,Orissa,Bhadrak,1815.0,1585.945,0.9260973,32.76475143432617,24.743120193481445,28.753936767578125,0.4448566207108099,21,0.7804219850315185,18,0.6997190038354756,74.357,0.49207200052941563,1942.0,151.11
714,2019,8,Orissa,Bhadrak,1788.0,1273.7622,-0.18681297,32.75862121582031,25.10171890258789,28.9301700592041,0.9719890813403244,31,1.947408130873041,12,-0.2482873884577493,69.696,0.44860968074150354,1815.0,155.36
119,1990,7,Maharashtra,Bhandara,1244.0,1179.6826,0.1922993,29.946014404296875,21.18614387512207,25.56607818603516,-2.544635641143418,8,-1.3052116735521604,13,-1.127566351059628,,,,342.0
119,1991,7,Maharashtra,Bhandara,1068.0,966.13135,-0.68606454,31.61895179748535,21.788692474365234,26.70382308959961,-0.458873810168424,16,-0.2610423347104321,22,0.2298224409803066,,,1244.0,331.9
119,1992,7,Maharashtra,Bhandara,1172.0,1167.7417,0.14318478,32.48497009277344,21.77084922790528,27.127910614013672,0.3185812842418677,33,1.9578175103282405,18,-0.3734614665929976,,,1068.0,328.2
119,1993,7,Maharashtra,Bhandara,1307.0,1262.637,0.5335012,31.54771423339844,22.86241912841797,27.205066680908203,0.4600270326276353,19,0.130521167355216,12,-1.2783873279529538,,,1172.0,337.0
119,1994,7,Maharashtra,Bhandara,1191.0,1855.7202,2.972929,30.10575294494629,21.859935760498047,25.982845306396484,-1.7806006194688335,12,-0.7831270041312962,17,-0.5242824434863237,,,1307.0,323.6
119,1995,7,Maharashtra,Bhandara,1462.0,1016.4275,-0.47919002,32.28758239746094,23.23738670349121,27.76248550415039,1.4819106743324664,22,0.5220846694208642,23,0.3806434178736326,,,1191.0,330.3
119,1996,7,Maharashtra,Bhandara,1354.0,827.03625,-1.2581805,31.546140670776367,22.70921516418457,27.12767791748047,0.3181546951658501,27,1.1746905061969444,20,-0.0718195128063454,,,1462.0,283.0
119,1997,7,Maharashtra,Bhandara,1254.0,1063.3184,-0.28632185,31.52842903137207,22.62483787536621,27.07663345336914,0.2245778357200893,19,0.130521167355216,16,-0.6751034203796497,,,1354.0,286.7
119,1998,7,Maharashtra,Bhandara,1191.0,1157.4641,0.10091174,31.796140670776367,23.45490264892578,27.62552261352539,1.2308245401466362,17,-0.130521167355216,12,-1.2783873279529538,,,1254.0,324.9
119,1999,7,Maharashtra,Bhandara,1567.0,1040.3608,-0.38074908,30.36385536193848,22.42379379272461,26.39382553100586,-1.0271743785863523,14,-0.5220846694208642,11,-1.42920830484628,,,1191.0,146.5
119,2000,7,Maharashtra,Bhandara,1032.0,1063.5675,-0.2852971,31.401567459106445,22.04438018798828,26.722972869873047,-0.4237676271912385,7,-1.4357328409073764,36,2.341316117486872,,,1567.0,142.3
119,2001,7,Maharashtra,Bhandara,1394.0,1354.5912,0.91172075,30.87869644165039,22.881765365600582,26.88022994995117,-0.1354773309658477,4,-1.8272963429730245,20,-0.0718195128063454,,,1032.0,146.4
119,2002,7,Maharashtra,Bhandara,1148.0,1085.8577,-0.19361478,31.89379119873047,22.637908935546875,27.265850067138672,0.5714576938942636,22,0.5220846694208642,34,2.03967416370022,,,1394.0,171.9
119,2003,7,Maharashtra,Bhandara,1569.0,1339.457,0.84947205,30.99574851989746,22.82104682922364,26.908397674560547,-0.0838390729770887,20,0.2610423347104321,21,0.0790014640869805,,,1148.0,173.3
119,2004,7,Maharashtra,Bhandara,748.0,725.36224,-1.6763788,31.660131454467773,21.5988883972168,26.62950897216797,-0.595109577215944,13,-0.6526058367760802,21,0.0790014640869805,,,1569.0,165.9
119,2005,7,Maharashtra,Bhandara,1678.0,1217.0939,0.3461766,31.35497093200684,22.65424919128418,27.004610061645508,0.0925415234291032,24,0.7831270041312962,21,0.0790014640869805,,,748.0,173.0
119,2006,7,Maharashtra,Bhandara,1462.0,966.951,-0.68269324,31.086078643798828,22.835161209106445,26.96062088012696,0.011898704902938,23,0.6526058367760802,25,0.6822853716602848,,,1678.0,180.4
119,2007,7,Maharashtra,Bhandara,1805.0,1226.1274,0.38333285,31.630783081054688,22.410062789916992,27.02042388916016,0.1215320974394528,18,0.0,24,0.5314643947669587,,,1462.0,182.1
119,2008,7,Maharashtra,Bhandara,742.0,937.74963,-0.80280215,31.152420043945312,22.20274543762207,26.67758178710937,-0.5069804700688407,7,-1.4357328409073764,26,0.8331063485536109,,,1805.0,177.0
119,2009,7,Maharashtra,Bhandara,1019.0,903.0488,-0.9455311,32.655029296875,22.881895065307617,27.768463134765625,1.4928691183016396,28,1.3052116735521604,24,0.5314643947669587,,,742.0,178.6
119,2010,7,Maharashtra,Bhandara,1460.0,1435.2058,1.243299,32.0977783203125,23.15464210510254,27.626209259033203,1.232083327584065,25,0.9136481714865122,14,-0.9767453741663018,,,1019.0,189.4
119,2011,7,Maharashtra,Bhandara,1732.0,947.3875,-0.76316035,31.27666664123535,22.07235336303711,26.674510955810547,-0.5126100472195582,16,-0.2610423347104321,24,0.5314643947669587,,,1460.0,185.3
119,2012,7,Maharashtra,Bhandara,2057.0,1259.124,0.519052,31.29928207397461,22.350196838378903,26.82473945617676,-0.237204839068948,24,0.7831270041312962,28,1.134748302340263,,,1732.0,184.3
119,2013,7,Maharashtra,Bhandara,1666.0,1714.2764,2.3911521,29.997453689575195,22.50594711303711,26.25170135498047,-1.2877223983435238,9,-1.1746905061969444,14,-0.9767453741663018,,,2057.0,194.6
119,2014,7,Maharashtra,Bhandara,1645.0,878.56085,-1.0462532,32.63075637817383,22.78501319885254,27.7078857421875,1.38181609326624,30,1.5662540082625924,21,0.0790014640869805,,,1666.0,196.2
119,2015,7,Maharashtra,Bhandara,1511.0,1097.7496,-0.14470159,32.310089111328125,22.678539276123047,27.494314193725582,0.9902877440128084,15,-0.3915635020656481,38,2.642958071273524,,,1645.0,187.9
119,2016,7,Maharashtra,Bhandara,2075.0,1014.30676,-0.48791286,31.675615310668945,22.54663848876953,27.11112594604492,0.2878109246602643,20,0.2610423347104321,21,0.0790014640869805,,,1511.0,182.4
119,2017,7,Maharashtra,Bhandara,1270.0,848.51587,-1.1698321,31.95063591003418,22.739709854125977,27.34517288208008,0.7168756159714802,20,0.2610423347104321,17,-0.5242824434863237,,,2075.0,172.88
119,2018,7,Maharashtra,Bhandara,2174.0,991.75684,-0.5806636,31.51712417602539,21.868276596069336,26.692699432373047,-0.4792661666547732,22,0.5220846694208642,39,2.7937790481668494,,,1270.0,175.79
119,2019,7,Maharashtra,Bhandara,1696.0,1242.1387,0.4491891,31.667713165283203,23.107084274291992,27.38739776611328,0.7942840501098135,32,1.8272963429730245,15,-0.8259243972729757,,,2174.0,190.56
174,1990,9,Punjab,Bhatinda,3460.0,394.54242,0.9206545,35.00725555419922,23.46346473693848,29.23535919189453,-0.5304970526549604,60,-1.1680725918008277,31,-0.7376337737490551,50.2,1.0,,50.0
174,1991,9,Punjab,Bhatinda,3578.0,100.897705,-1.3927547,36.03444290161133,23.586469650268555,29.810455322265625,0.8985874861370896,87,0.6614775727048883,61,1.3462643314612797,63.7,0.9953125,3460.0,64.0
174,1992,9,Punjab,Bhatinda,3750.0,229.59549,-0.3788402,35.07712173461914,23.0490837097168,29.06310272216797,-0.958545590269507,58,-1.3035948262086583,43,0.0959254683350788,32.2,1.0,3578.0,32.0
174,1993,9,Punjab,Bhatinda,3870.0,333.37735,0.4387802,35.8128776550293,23.317710876464844,29.56529426574707,0.2893747704150843,87,0.6614775727048883,48,0.4432418192034679,45.7,0.9934782608695653,3750.0,46.0
174,1994,9,Punjab,Bhatinda,3769.0,217.29417,-0.47575316,35.100589752197266,22.98418426513672,29.042387008666992,-1.0100230812677309,51,-1.777922646636066,48,0.4432418192034679,52.4,1.0,3870.0,52.0
174,1995,9,Punjab,Bhatinda,3692.0,655.67365,2.9779139,35.70261001586914,23.75320243835449,29.7279052734375,0.6934548270446371,79,0.119388635073565,57,1.0684112507665684,38.8,0.9948717948717948,3769.0,39.0
174,1996,9,Punjab,Bhatinda,3614.0,321.78275,0.34743488,34.551177978515625,23.003267288208008,28.7772216796875,-1.6689453933058551,62,-1.0325503573929968,26,-1.0849501246174442,43.9,0.9977272727272727,3692.0,44.0
174,1997,9,Punjab,Bhatinda,4000.0,334.88342,0.45064542,34.091434478759766,23.02705955505371,28.559246063232425,-2.210603677649739,71,-0.4227003025577581,32,-0.6681705035753773,52.7,0.9943396226415094,3614.0,53.0
174,1998,9,Punjab,Bhatinda,3417.0,362.79443,0.67053556,35.42882537841797,24.160717010498047,29.794771194458008,0.859613228842329,85,0.5259553382970574,38,-0.2513908825333103,84.0,1.0,4000.0,84.0
174,1999,9,Punjab,Bhatinda,3455.0,71.890594,-1.6212802,35.49516677856445,23.70124244689941,29.59820556640625,0.3711576732025212,86,0.5937164555009729,91,3.4301624366716146,99.02,1.0,3417.0,99.0
174,2000,9,Punjab,Bhatinda,3535.0,226.59833,-0.40245262,35.42901611328125,23.650653839111328,29.53983497619629,0.2261097349814878,81,0.2549108694813958,35,-0.4597806930543438,99.21,1.0,3455.0,99.0
174,2001,9,Punjab,Bhatinda,3744.0,215.10608,-0.49299154,35.51032638549805,23.71392059326172,29.612123489379883,0.4057430016081965,90,0.8647609243166344,43,0.0959254683350788,82.49,1.0,3535.0,82.0
174,2002,9,Punjab,Bhatinda,3430.0,168.72118,-0.8584238,35.983795166015625,24.096275329589844,30.04003524780273,1.4690818864217885,88,0.7292386899088036,46,0.3043152788561123,107.01,1.0,3744.0,107.0
174,2003,9,Punjab,Bhatinda,3990.0,323.55914,0.3614298,35.240196228027344,23.479019165039062,29.359607696533203,-0.2217458586022676,58,-1.3035948262086583,32,-0.6681705035753773,104.73,0.9974285714285714,3430.0,105.0
174,2004,9,Punjab,Bhatinda,4069.0,148.60783,-1.016882,34.894771575927734,23.5139217376709,29.204345703125,-0.6075639897354428,78,0.0516275178696496,36,-0.3903174228806659,101.94,0.9994117647058823,3990.0,102.0
174,2005,9,Punjab,Bhatinda,4053.0,344.24936,0.5244327,36.2857551574707,23.70405006408692,29.994903564453125,1.356931956212795,99,1.4746109791518731,32,-0.6681705035753773,94.85,0.9984210526315789,4069.0,95.0
174,2006,9,Punjab,Bhatinda,4115.0,220.54887,-0.4501118,35.22476959228516,23.971830368041992,29.59830093383789,0.3713946564038757,80,0.1871497522774804,33,-0.5987072334016994,86.83,0.9980459770114942,4053.0,87.0
174,2007,9,Punjab,Bhatinda,4279.0,298.92096,0.16732381,35.2179069519043,23.350914001464844,29.28441047668457,-0.4086071128702884,70,-0.4904614197616735,36,-0.3903174228806659,86.1,1.0,4115.0,86.0
174,2008,9,Punjab,Bhatinda,4402.0,386.36438,0.8562257,35.07300567626953,23.3605899810791,29.216796875,-0.5766234629665997,86,0.5937164555009729,38,-0.2513908825333103,96.79,0.9978350515463918,4279.0,97.0
174,2009,9,Punjab,Bhatinda,4577.0,166.20645,-0.87823546,36.66842651367188,23.49744987487793,30.08293914794922,1.5756958890471584,106,1.9489387995792808,30,-0.807097043922733,103.76,0.9976923076923078,4402.0,104.0
174,2010,9,Punjab,Bhatinda,4084.0,309.71338,0.2523493,35.271697998046875,23.3652286529541,29.31846237182617,-0.3239898909946606,60,-1.1680725918008277,38,-0.2513908825333103,106.7,0.9971962616822431,4577.0,107.0
174,2011,9,Punjab,Bhatinda,4050.0,349.8554,0.56859857,34.913917541503906,23.78862762451172,29.35127258300781,-0.2424581904006594,55,-1.5068781778204046,44,0.1653887385087566,101.27,1.0,4084.0,101.0
174,2012,9,Punjab,Bhatinda,4280.0,323.36,0.35986078,36.136993408203125,24.036340713500977,30.08666610717773,1.5849571925560832,80,0.1871497522774804,43,0.0959254683350788,107.2,1.0,4050.0,107.0
174,2013,9,Punjab,Bhatinda,4514.0,528.1651,1.9733685,35.33908462524414,24.42549133300781,29.882287979125977,1.077087973061324,80,0.1871497522774804,37,-0.3208541527069881,111.3,1.0,4280.0,111.0
174,2014,9,Punjab,Bhatinda,4445.0,267.36383,-0.08129143,36.26226043701172,23.825414657592773,30.04383850097656,1.4785327764918057,95,1.2035665103362114,52,0.7210948998981792,118.85,0.9987394957983193,4514.0,119.0
174,2015,9,Punjab,Bhatinda,4526.0,289.83838,0.095768884,35.39958190917969,23.383501052856445,29.39154052734375,-0.1423944034607278,81,0.2549108694813958,39,-0.1819276123596325,136.68,0.9976642335766424,4445.0,137.0
174,2016,9,Punjab,Bhatinda,4533.0,318.28125,0.3198492,36.01651763916016,24.12578582763672,30.07115173339844,1.5464047653597512,95,1.2035665103362114,62,1.4157276016349576,152.15,1.0,4526.0,152.0
174,2017,9,Punjab,Bhatinda,4669.0,315.15802,0.2952436,35.81464385986328,23.8356990814209,29.825172424316406,0.9351587337701156,108,2.0844610339871115,49,0.5127050893771458,159.92,0.9994999999999999,4533.0,160.0
174,2018,9,Punjab,Bhatinda,4563.0,240.36559,-0.2939906,35.36042785644531,23.708715438842773,29.53457260131836,0.2130330019307467,79,0.119388635073565,37,-0.3208541527069881,166.995,0.9999700598802396,4669.0,167.0
174,2019,9,Punjab,Bhatinda,4268.0,395.73004,0.93001086,35.91068649291992,24.097766876220703,30.004226684570312,1.3800994339772108,82,0.3226719866853112,27,-1.0154868544437663,179.091,1.0,4563.0,179.0
110,1990,7,Maharashtra,Bid,800.0,904.56714,1.3565336,30.31405067443848,21.37156867980957,25.842809677124023,-2.5351273388043216,0,-2.0845777561679126,12,-1.21874814089856,,,,8.0
110,1991,7,Maharashtra,Bid,253.0,446.00214,-1.5092169,32.20915222167969,21.66535758972168,26.937255859375,-0.1588455350003099,9,-0.9901744341797584,30,1.4441813230300855,,,800.0,8.3
110,1992,7,Maharashtra,Bid,705.0,642.8976,-0.27874085,32.87457656860352,22.098756790161133,27.48666763305664,1.0340474749695323,29,1.4418329480161396,33,1.8880029003515264,,,253.0,6.1
110,1993,7,Maharashtra,Bid,750.0,684.44666,-0.019084588,32.35163116455078,22.249282836914062,27.300457000732425,0.6297435042098257,19,0.2258292569181905,10,-1.514629192446187,,,705.0,5.6
110,1994,7,Maharashtra,Bid,778.0,415.2717,-1.7012633,31.510326385498047,21.68065452575684,26.595489501953125,-0.9008949746754924,10,-0.8685740650699635,21,0.1127165910657629,,,750.0,5.4
110,1995,7,Maharashtra,Bid,426.0,639.54083,-0.2997185,33.011436462402344,22.087451934814453,27.5494441986084,1.1703491157858403,25,0.95543147157696,16,-0.6269860378033053,,,778.0,4.7
110,1996,7,Maharashtra,Bid,761.0,836.7767,0.93288475,32.02862930297852,21.62320327758789,26.825916290283203,-0.4005880677688557,27,1.1986322097965498,15,-0.7749265635771189,,,426.0,4.6
110,1997,7,Maharashtra,Bid,1538.0,565.9265,-0.75976294,32.78568649291992,22.21261405944824,27.49914932250977,1.061147950085814,20,0.3474296260279855,15,-0.7749265635771189,,,761.0,5.2
110,1998,7,Maharashtra,Bid,400.0,1000.7766,1.957784,32.23496627807617,22.24555397033692,27.24026107788086,0.499045002579378,18,0.1042288878083956,18,-0.331104986255678,,,1538.0,3.5
110,1999,7,Maharashtra,Bid,455.0,715.8627,0.17724629,31.4530029296875,20.959346771240234,26.206174850463867,-1.746182150318521,12,-0.6253733268503737,15,-0.7749265635771189,,,400.0,3.8
110,2000,7,Maharashtra,Bid,588.0,691.15674,0.022849325,31.847713470458984,21.08169937133789,26.46470642089844,-1.18485362042314,5,-1.476575910618938,24,0.5565381683872038,,,455.0,3.4
110,2001,7,Maharashtra,Bid,625.0,725.682,0.23861112,31.8903923034668,21.993791580200195,26.94209289550781,-0.1483432726386321,6,-1.3549755415091431,20,-0.0352239347080507,,,588.0,2.4
110,2002,7,Maharashtra,Bid,250.0,677.3078,-0.06369806,32.54450988769531,21.93816947937012,27.24134063720703,0.5013889617657794,26,1.077031840686755,21,0.1127165910657629,,,625.0,2.4
110,2003,7,Maharashtra,Bid,400.0,595.5884,-0.5743944,32.53346633911133,22.36856269836425,27.45101547241211,0.9566388440292224,18,0.1042288878083956,27,1.0003597457086446,,,250.0,2.5
110,2004,7,Maharashtra,Bid,261.0,630.1175,-0.3586086,32.14679718017578,21.609149932861328,26.877973556518555,-0.2875603679906681,18,0.1042288878083956,21,0.1127165910657629,,,400.0,2.3
110,2005,7,Maharashtra,Bid,409.0,887.8706,1.2521906,32.04960632324219,22.01791000366211,27.03375816345215,0.0506820534024818,24,0.8338311024671651,14,-0.9228670893509324,,,261.0,2.2
110,2006,7,Maharashtra,Bid,750.0,744.8152,0.35818177,31.793657302856445,21.84666633605957,26.820161819458008,-0.4130822813119177,14,-0.3821725886307839,23,0.4085976426133901,,,409.0,2.0
110,2007,7,Maharashtra,Bid,467.0,685.83154,-0.010429887,31.84052276611328,21.863006591796875,26.85176467895508,-0.344465567955929,14,-0.3821725886307839,32,1.7400623745777128,,,750.0,1.5
110,2008,7,Maharashtra,Bid,400.0,412.68677,-1.7174176,32.35588455200195,21.86490249633789,27.11039352416992,0.2170741667424439,15,-0.260572219520989,20,-0.0352239347080507,,,467.0,1.0
110,2009,7,Maharashtra,Bid,283.0,613.4602,-0.46270645,33.13758087158203,22.16241836547852,27.64999961853028,1.3886769043142713,30,1.5634333171259345,27,1.0003597457086446,,,400.0,0.6
110,2010,7,Maharashtra,Bid,425.0,920.92566,1.4587644,32.24110794067383,22.342679977416992,27.291893005371094,0.611149199003206,21,0.4690299951377804,11,-1.3666886666723734,,,283.0,0.8
110,2011,7,Maharashtra,Bid,467.0,515.4923,-1.0749458,32.2719612121582,22.05111122131348,27.16153717041016,0.328118197880565,15,-0.260572219520989,17,-0.4790455120294916,,,425.0,0.6
110,2012,7,Maharashtra,Bid,450.0,496.98264,-1.19062,32.49457550048828,22.10594749450684,27.300262451171875,0.629321094603788,23,0.7122307333573702,24,0.5565381683872038,,,467.0,0.6
110,2013,7,Maharashtra,Bid,600.0,701.58716,0.088033065,30.938106536865234,21.92745018005371,26.43277740478516,-1.2541784910598184,6,-1.3549755415091431,13,-1.070807615124746,,,450.0,0.5
110,2014,7,Maharashtra,Bid,250.0,392.5562,-1.8432212,33.29116439819336,22.521358489990234,27.9062614440918,1.945077322139288,43,3.1442381155532684,17,-0.4790455120294916,,,600.0,0.4
110,2016,7,Maharashtra,Bid,700.0,910.7832,1.3953803,31.7319564819336,21.74798393249512,26.739971160888672,-0.5871937231385522,14,-0.3821725886307839,22,0.2606571168395765,,,250.0,0.1
110,2017,7,Maharashtra,Bid,462.0,769.2585,0.51093745,32.510677337646484,21.86336708068848,27.1870231628418,0.3834538562704871,9,-0.9901744341797584,17,-0.4790455120294916,,,700.0,0.07
110,2018,7,Maharashtra,Bid,310.0,402.67563,-1.779981,32.44666290283203,21.45002555847168,26.94834518432617,-0.1347681874566111,23,0.7122307333573702,26,0.852419219934831,,,462.0,0.03
110,2019,7,Maharashtra,Bid,125.0,747.5728,0.37541527,32.31462097167969,22.015625,27.165122985839844,0.3359037866975798,27,1.1986322097965498,10,-1.514629192446187,,,310.0,0.02
702,1990,8,Orissa,Bolangir,1469.0,1646.1711,0.99107677,31.695356369018555,23.356340408325195,27.525848388671875,-1.0521276782755942,13,-1.1237426116898095,11,-1.3859539707440935,113.98,0.3516815797593335,,324.1
702,1991,8,Orissa,Bolangir,1477.0,1107.8192,-0.40759248,32.180912017822266,23.09993553161621,27.64042282104492,-0.7909955581726007,20,0.2414653545779754,20,-0.1619105106009454,113.8,0.34489028973208874,1469.0,329.96
702,1992,8,Orissa,Bolangir,1068.0,1421.3533,0.40698704,32.974117279052734,23.26980209350586,28.121959686279297,0.3064983584194526,24,1.021584192445281,34,1.7421570940661737,110.45,0.34508076358296624,1477.0,320.07
702,1993,8,Orissa,Bolangir,1419.0,1364.4921,0.25925836,32.41954040527344,23.30718994140625,27.863365173339844,-0.2828768801243251,16,-0.5386534832893304,12,-1.2499491418392992,109.64,0.333090290436262,1068.0,329.16
702,1994,8,Orissa,Bolangir,1534.0,1849.6974,1.5198497,31.406538009643555,22.750131607055664,27.07833480834961,-2.072077483690723,11,-1.5138020306234623,17,-0.5699249973153281,118.02,0.36019044131111516,1419.0,327.66
702,1995,8,Orissa,Bolangir,1434.0,1098.3538,-0.43218425,32.53032684326172,23.46333312988281,27.996829986572266,0.0213092189615317,22,0.6315247735116284,19,-0.2979153395057397,39.95,0.18278733528550514,1534.0,218.56
702,1996,8,Orissa,Bolangir,357.0,741.39844,-1.3595747,32.41437911987305,23.86006546020508,28.137222290039062,0.3412840954772888,16,-0.5386534832893304,26,0.6541184628278199,38.46,0.1894114750061561,1434.0,203.05
702,1997,8,Orissa,Bolangir,1234.0,933.9612,-0.85928565,32.720848083496094,23.705554962158203,28.21320152282715,0.5144520329552822,22,0.6315247735116284,22,0.110099147208643,31.74,0.14444343314826613,357.0,219.74
702,1998,8,Orissa,Bolangir,780.0,828.4939,-1.1332957,32.83202362060547,24.73915100097656,28.785587310791016,1.8190041152311307,21,0.4364950640448019,10,-1.5219587996488877,43.11,0.2048175598631699,1234.0,210.48
702,1999,8,Orissa,Bolangir,1238.0,977.4796,-0.74622226,31.70673179626465,23.857711791992188,27.78222274780273,-0.4678124994588078,12,-1.3187723211566362,23,0.2461039761134372,53.59,0.24445762247970076,780.0,219.22
702,2000,8,Orissa,Bolangir,358.0,891.57086,-0.9694181,32.5684928894043,23.436994552612305,28.002742767333984,0.0347853230454222,17,-0.3436237738225039,35,1.878161922970968,28.53,0.13283978209247102,1238.0,214.77
702,2001,8,Orissa,Bolangir,1527.0,2146.6235,2.291281,31.980587005615234,23.080522537231445,27.530555725097656,-1.0413989605726774,11,-1.5138020306234623,18,-0.4339201684105339,34.85,0.16762866762866763,358.0,207.9
702,2002,8,Orissa,Bolangir,292.0,772.64185,-1.2784026,32.7288932800293,23.008235931396484,27.86856460571289,-0.2710266027912008,27,1.6066733208457606,16,-0.7059298262201223,29.73,0.141733409610984,1527.0,209.76
702,2003,8,Orissa,Bolangir,1428.0,1717.6036,1.1766626,32.34006881713867,23.72013092041016,28.03009986877441,0.0971362136503309,19,0.0464356451111489,14,-0.9779394840297108,17.94,0.07987889042254775,292.0,224.59
702,2004,8,Orissa,Bolangir,1086.0,1232.419,-0.0838752,32.18000030517578,23.17196083068848,27.67597961425781,-0.7099563541945726,19,0.0464356451111489,24,0.3821088050182315,41.16,0.17822811119771367,1428.0,230.94
702,2005,8,Orissa,Bolangir,1335.0,1035.5303,-0.5954033,32.67862319946289,24.22026252746582,28.449443817138672,1.0528832509316042,24,1.021584192445281,22,0.110099147208643,38.87,0.1699086418673777,1086.0,228.77
702,2006,8,Orissa,Bolangir,1492.0,1684.9698,1.091878,32.260066986083984,22.64208984375,27.451078414916992,-1.2225395351119144,23,0.8265544829784548,26,0.6541184628278199,40.7,0.1897082129206675,1335.0,214.54
702,2007,8,Orissa,Bolangir,1825.0,1192.4006,-0.18784508,32.54254913330078,23.8718318939209,28.20719146728516,0.5007542252235679,19,0.0464356451111489,25,0.5181136339230258,40.1,0.1850484540839871,1492.0,216.7
702,2008,8,Orissa,Bolangir,1451.0,1447.407,0.47467607,32.243988037109375,23.685489654541016,27.964738845825195,-0.0518312491711967,10,-1.708831740090289,31,1.334142607351791,45.94,0.21382359785897137,1825.0,214.85
702,2009,8,Orissa,Bolangir,1557.0,1455.0502,0.4945335,33.39137268066406,24.02719116210937,28.70928192138672,1.6450928184633484,26,1.411643611378934,28,0.9261281206374083,48.66,0.2203604745946925,1451.0,220.82
702,2010,8,Orissa,Bolangir,1899.0,1013.32184,-0.6531021,33.20679473876953,24.19803810119629,28.7024154663086,1.629443149204653,22,0.6315247735116284,12,-1.2499491418392992,43.79,0.20590586354445856,1557.0,212.67
702,2011,8,Orissa,Bolangir,430.0,1009.4945,-0.6630457,32.58758544921875,23.1744441986084,27.88101577758789,-0.242648535868737,16,-0.5386534832893304,37,2.1501715807805564,41.24,0.23607533344782186,1899.0,174.69
702,2012,8,Orissa,Bolangir,3195.0,1294.8153,0.078234136,32.422874450683594,23.49346351623535,27.95816802978516,-0.0668071132257056,19,0.0464356451111489,20,-0.1619105106009454,40.0,0.202009999494975,430.0,198.01
702,2013,8,Orissa,Bolangir,3192.0,1473.807,0.54326487,31.96673393249512,23.472091674804688,27.71941375732422,-0.6109635018725144,14,-0.9287129022229832,7,-1.9299732863632704,45.01,0.22046434169278997,3195.0,204.16
702,2014,8,Orissa,Bolangir,3114.0,1347.158,0.21422336,32.797515869140625,22.9920654296875,27.894790649414062,-0.2112535604836217,22,0.6315247735116284,17,-0.5699249973153281,18.02,0.08755223010397435,3192.0,205.82
702,2015,8,Orissa,Bolangir,940.0,1112.9678,-0.3942162,33.086883544921875,23.97032356262207,28.528602600097656,1.233297854702451,19,0.0464356451111489,26,0.6541184628278199,43.59,0.22677140776193946,3114.0,192.22
702,2016,8,Orissa,Bolangir,2209.0,1116.8757,-0.38406312,32.6434211730957,23.67009162902832,28.156757354736328,0.3858074045183232,22,0.6315247735116284,21,-0.0259056816961511,59.09,0.29897793968832226,940.0,197.64
702,2017,8,Orissa,Bolangir,792.0,1042.4316,-0.57747316,32.92002487182617,23.891496658325195,28.40576171875,0.9533252716641004,21,0.4364950640448019,10,-1.5219587996488877,53.39,0.34097585898582194,2209.0,156.58
702,2018,8,Orissa,Bolangir,1414.0,1093.5358,-0.44470167,32.661949157714844,23.340261459350582,28.00110626220703,0.0310554852054293,24,1.021584192445281,19,-0.2979153395057397,0.709,0.004631565194669453,792.0,153.08
702,2019,8,Orissa,Bolangir,2195.0,1521.1759,0.66633195,32.512821197509766,23.912919998168945,28.212871551513672,0.5136999794047941,24,1.021584192445281,10,-1.5219587996488877,5.637,0.03231483604677826,1414.0,174.44
728,1995,8,Orissa,Boudh,1270.0,1167.4429,-0.41622165,32.31313705444336,23.64372634887696,27.97843170166016,-0.4080122477826426,21,0.7541781175945915,10,-0.9437681114612856,35.42,0.5446716899892358,,65.03
728,1996,8,Orissa,Boudh,586.0,845.41675,-1.5041753,32.32999801635742,23.97954368591309,28.154769897460938,0.0202399199719105,14,-0.5065375416680092,21,0.6954080821293686,24.43,0.4191832532601235,1270.0,58.28
728,1997,8,Orissa,Boudh,1456.0,1397.8999,0.36236915,32.525230407714844,23.80974006652832,28.167484283447266,0.0511178777256844,20,0.5740758805570771,22,0.844424099728519,33.2,0.47005521732974664,586.0,70.63
728,1998,8,Orissa,Boudh,935.0,1036.7134,-0.85788655,32.691375732421875,24.97529411315918,28.833335876464844,1.668194579784937,17,0.0337691694445339,7,-1.3908161642587369,23.75,0.4007086215623418,1456.0,59.27
728,1999,8,Orissa,Boudh,1478.0,1126.4811,-0.5546096,31.663005828857425,24.03640365600586,27.84970474243164,-0.7206365155297565,9,-1.4070487268555814,7,-1.3908161642587369,32.54,0.49407834801093226,935.0,65.86
728,2000,8,Orissa,Boudh,528.0,752.8224,-1.817002,32.48882293701172,23.63568878173828,28.062255859375,-0.2044382172751718,11,-1.0468442527805524,19,0.3973760469310678,25.75,0.38623068846557673,1478.0,66.67
728,2001,8,Orissa,Boudh,1238.0,1415.9827,0.4234611,31.91692924499512,23.30575180053711,27.6113395690918,-1.2995264249813885,7,-1.76725320093061,15,-0.1986880234655336,31.87,0.45231336928753907,528.0,70.46
728,2002,8,Orissa,Boudh,449.0,982.2478,-1.0418966,32.701107025146484,23.250980377197266,27.976043701171875,-0.4138117081948512,23,1.1143825916696204,19,0.3973760469310678,28.96,0.43640747438215793,1238.0,66.36
728,2003,8,Orissa,Boudh,1805.0,1628.7922,1.1424305,32.18954086303711,23.860654830932617,28.025096893310547,-0.2946818975870566,18,0.2138714064820483,14,-0.347704041064684,35.95,0.49627277747101056,449.0,72.44
728,2004,8,Orissa,Boudh,1424.0,977.1236,-1.0592085,32.14790725708008,23.45078468322754,27.799346923828125,-0.8429347214426187,19,0.3939736435195627,19,0.3973760469310678,38.31,0.559106830122592,1805.0,68.52
728,2005,8,Orissa,Boudh,1552.0,1472.5143,0.61445117,32.60862731933594,24.399477005004883,28.504051208496094,0.868499016236852,24,1.2944848287071349,15,-0.1986880234655336,39.05,0.5737584484278577,1424.0,68.06
728,2006,8,Orissa,Boudh,1602.0,1475.4861,0.6244913,32.12810516357422,22.672550201416016,27.40032768249512,-1.8119865726348188,17,0.0337691694445339,15,-0.1986880234655336,39.29,0.5538483225260784,1552.0,70.94
728,2007,8,Orissa,Boudh,1688.0,1359.5305,0.23273955,32.354248046875,24.25666618347168,28.305458068847656,0.3861988420209889,17,0.0337691694445339,23,0.9934401173276692,39.75,0.6185807656395891,1602.0,64.26
728,2008,8,Orissa,Boudh,1312.0,1667.9482,1.2747178,32.143592834472656,24.12163352966309,28.132614135742188,-0.0335672143316955,8,-1.5871509638930956,36,2.9306483461166244,41.16,0.5798816568047337,1688.0,70.98
728,2009,8,Orissa,Boudh,1860.0,1164.7832,-0.42520726,33.17568588256836,24.25869369506836,28.71718978881836,1.3861240188100927,24,1.2944848287071349,23,0.9934401173276692,39.66,0.61698817672682,1312.0,64.28
728,2010,8,Orissa,Boudh,1225.0,975.62976,-1.0642554,33.05666732788086,24.594379425048828,28.825523376464844,1.6492212652095606,20,0.5740758805570771,14,-0.347704041064684,47.71,0.7410686548617583,1860.0,64.38
728,2011,8,Orissa,Boudh,1194.0,1403.273,0.38052177,32.55548858642578,23.52751541137696,28.041501998901367,-0.2548407162728938,17,0.0337691694445339,14,-0.347704041064684,21.06,0.3263092655717384,1225.0,64.54
728,2012,8,Orissa,Boudh,2564.0,1325.7332,0.11855637,32.430458068847656,23.78856086730957,28.109508514404297,-0.0896811627609211,18,0.2138714064820483,20,0.5463920645302183,23.88,0.348714953271028,1194.0,68.48
728,2013,8,Orissa,Boudh,1803.0,1307.6664,0.057518434,31.952550888061523,23.64065361022949,27.796602249145508,-0.8496003951911456,14,-0.5065375416680092,7,-1.3908161642587369,26.43,0.3886764705882353,2564.0,68.0
728,2014,8,Orissa,Boudh,2300.0,1413.768,0.41597876,32.68162536621094,23.34383583068848,28.01272964477539,-0.3247168027888973,23,1.1143825916696204,20,0.5463920645302183,48.9,0.8221250840618696,1803.0,59.48
728,2015,8,Orissa,Boudh,954.0,861.25635,-1.4506618,33.06339263916016,24.429096221923828,28.746244430541992,1.456685664544152,16,-0.1463330675929804,35,2.7816323285174738,53.62,0.8892205638474295,2300.0,60.3
728,2016,8,Orissa,Boudh,3099.0,1060.8453,-0.7763576,32.576663970947266,23.932485580444336,28.254573822021484,0.2626221608095906,21,0.7541781175945915,20,0.5463920645302183,54.39,0.9604449938195303,954.0,56.63
728,2017,8,Orissa,Boudh,1844.0,1107.4263,-0.6189856,32.81343078613281,24.1356201171875,28.47452545166016,0.7967932277537492,17,0.0337691694445339,10,-0.9437681114612856,51.0,0.8655804480651731,3099.0,58.92
728,2018,8,Orissa,Boudh,2816.0,1468.4878,0.6008478,32.60545349121094,23.632699966430664,28.119075775146484,-0.0664462638570912,18,0.2138714064820483,18,0.2483600293319174,27.032,0.4215845290081098,1844.0,64.12
728,2019,8,Orissa,Boudh,2749.0,1452.4695,0.5467305,32.53582000732422,24.033605575561523,28.284713745117188,0.3358195038076608,27,1.834791539819678,14,-0.347704041064684,25.915,0.41108819796954316,2816.0,63.04
120,1990,7,Maharashtra,Chandrapur,1318.0,1740.0513,2.141718,30.82215690612793,21.75287628173828,26.287517547607425,-2.734932336568446,10,-1.6618238169443915,12,-1.1064040714652,,,,160.3
120,1991,7,Maharashtra,Chandrapur,964.0,1020.21375,-0.5128924,32.565948486328125,22.64261245727539,27.60428047180176,-0.3143087337787082,23,0.0061096463858249,22,0.3278234285822813,,,1318.0,153.5
120,1992,7,Maharashtra,Chandrapur,1464.0,1377.9448,0.80634505,33.2630729675293,22.6283016204834,27.94568634033203,0.3133024240923605,34,1.4174379615113928,27,1.044937178606022,,,964.0,156.8
120,1993,7,Maharashtra,Chandrapur,1421.0,1075.2241,-0.31002563,32.55490493774414,23.62967300415039,28.092288970947266,0.582804079536851,22,-0.1221929277164994,12,-1.1064040714652,,,1464.0,156.3
120,1994,7,Maharashtra,Chandrapur,1563.0,1621.5786,1.7048155,31.11588287353516,22.626928329467773,26.87140655517578,-1.66156105069767,13,-1.2769160946374185,12,-1.1064040714652,,,1421.0,151.4
120,1995,7,Maharashtra,Chandrapur,1742.0,1197.9502,0.14256248,33.189151763916016,23.87660217285156,28.53287696838379,1.3927431248310158,35,1.545740535613717,24,0.6146689285917776,,,1563.0,153.4
120,1996,7,Maharashtra,Chandrapur,1477.0,837.83923,-1.1854515,32.40601348876953,23.44940948486328,27.927711486816406,0.2802590008024528,28,0.6476225168974467,16,-0.5327130714462075,,,1742.0,151.2
120,1997,7,Maharashtra,Chandrapur,1391.0,978.87146,-0.66535413,32.79450988769531,23.380916595458984,28.08771324157715,0.5743924525766974,23,0.0061096463858249,22,0.3278234285822813,,,1477.0,138.7
120,1998,7,Maharashtra,Chandrapur,1216.0,1173.1692,0.051175304,32.71111297607422,24.235620498657227,28.473365783691406,1.2833428860716347,24,0.1344122204881493,12,-1.1064040714652,,,1391.0,135.2
120,1999,7,Maharashtra,Chandrapur,1505.0,1203.7252,0.16385956,31.365163803100582,23.19803810119629,27.28160095214844,-0.9074949839820934,19,-0.5071006500234725,13,-0.9629813214604518,,,1216.0,143.7
120,2000,7,Maharashtra,Chandrapur,826.0,1040.4679,-0.43819934,32.19731903076172,22.809085845947266,27.50320243835449,-0.5001218888960138,21,-0.2504955018188237,20,0.040977928572785,,,1505.0,146.3
120,2001,7,Maharashtra,Chandrapur,1443.0,1018.9571,-0.5175267,31.741830825805664,22.94418334960937,27.343006134033203,-0.7946129838340432,9,-1.790126391046716,20,0.040977928572785,,,826.0,153.2
120,2002,7,Maharashtra,Chandrapur,765.0,819.2026,-1.2541796,32.76215744018555,23.165163040161133,27.963661193847656,0.3463458473822681,36,1.6740431097160415,38,2.622587428658252,,,1443.0,142.5
120,2003,7,Maharashtra,Chandrapur,1448.0,1086.559,-0.26822513,32.03241729736328,23.794639587402344,27.91352844238281,0.2541861129009445,22,-0.1221929277164994,13,-0.9629813214604518,,,765.0,143.4
120,2004,7,Maharashtra,Chandrapur,757.0,728.32056,-1.5893335,32.640262603759766,22.99385643005371,27.817058563232425,0.076844191937784,25,0.2627147945904736,17,-0.3892903214414593,,,1448.0,143.0
120,2005,7,Maharashtra,Chandrapur,1570.0,1320.7734,0.59550893,32.29169845581055,23.453725814819336,27.872711181640625,0.1791511746152949,24,0.1344122204881493,19,-0.1024448214319631,,,757.0,133.7
120,2006,7,Maharashtra,Chandrapur,1392.0,1205.613,0.17082143,31.937124252319336,23.304182052612305,27.62065315246582,-0.2842106071317956,24,0.1344122204881493,30,1.4752054286202665,,,1570.0,139.2
120,2007,7,Maharashtra,Chandrapur,1557.0,1476.7228,1.1706175,32.14810562133789,23.16836738586425,27.65823745727539,-0.2151188567150267,20,-0.3787980759211481,24,0.6146689285917776,,,1392.0,163.6
120,2008,7,Maharashtra,Chandrapur,854.0,1097.9691,-0.22614685,32.14967346191406,23.07634162902832,27.613006591796875,-0.2982673859910103,11,-1.5335212428420673,24,0.6146689285917776,,,1557.0,158.7
120,2009,7,Maharashtra,Chandrapur,635.0,820.9671,-1.2476724,33.548038482666016,23.6087589263916,28.578399658203125,1.4764281188526869,33,1.2891353874090683,24,0.6146689285917776,,,854.0,114.1
120,2010,7,Maharashtra,Chandrapur,1407.0,1503.0164,1.2675828,32.7602653503418,23.82470703125,28.2924861907959,0.95082941399483,26,0.391017368692798,13,-0.9629813214604518,,,635.0,116.2
120,2011,7,Maharashtra,Chandrapur,1271.0,1040.9531,-0.43640992,32.41927719116211,22.74640274047852,27.582839965820312,-0.3537231142118485,23,0.0061096463858249,40,2.9094329286677474,,,1407.0,159.9
120,2012,7,Maharashtra,Chandrapur,1591.0,1272.6951,0.41820595,32.102481842041016,22.906339645385746,27.504409790039062,-0.4979023974971839,24,0.1344122204881493,27,1.044937178606022,,,1271.0,160.8
120,2013,7,Maharashtra,Chandrapur,1335.0,1922.8859,2.8159738,30.875492095947266,23.074249267578125,26.97487068176269,-1.4713615073656476,10,-1.6618238169443915,13,-0.9629813214604518,,,1591.0,163.4
120,2014,7,Maharashtra,Chandrapur,778.0,900.20953,-0.95544285,33.62955474853516,23.490623474121094,28.560089111328125,1.4427675857899624,41,2.3155559802276637,25,0.7580916785965257,,,1335.0,145.8
120,2015,7,Maharashtra,Chandrapur,839.0,998.1014,-0.5944382,33.32667541503906,23.375732421875,28.35120391845703,1.0587710296548265,34,1.4174379615113928,38,2.622587428658252,,,778.0,139.7
120,2016,7,Maharashtra,Chandrapur,1716.0,1466.7573,1.133867,32.4920654296875,23.04679107666016,27.769428253173828,-0.0107152696916338,22,-0.1221929277164994,21,0.1844006785775331,,,839.0,143.1
120,2017,7,Maharashtra,Chandrapur,747.0,859.19196,-1.1067071,32.563777923583984,23.47723197937012,28.02050399780273,0.4508407647088561,20,-0.3787980759211481,18,-0.2458675714367112,,,1716.0,132.59
120,2018,7,Maharashtra,Chandrapur,1753.0,1067.4655,-0.33863798,32.2169189453125,22.48188018798828,27.34939956665039,-0.7828598477063087,21,-0.2504955018188237,31,1.6186281786250143,,,747.0,134.97
120,2019,7,Maharashtra,Chandrapur,1437.0,1400.9421,0.89115435,32.38530731201172,23.492259979248047,27.938783645629883,0.3006131043888189,30,0.9042276651020954,17,-0.3892903214414593,,,1753.0,143.81
703,1990,8,Orissa,Cuttack,1145.0,1217.3853,-0.51952004,31.625099182128903,24.0175838470459,27.82134246826172,-0.664688892297966,5,-1.0116410886985323,16,0.3994861131053606,253.86,0.45498700600412223,,557.95
703,1991,8,Orissa,Cuttack,1420.0,1461.9257,0.3425219,31.693790435791016,23.46738624572754,27.5805892944336,-1.188585307247145,7,-0.7264805133606911,14,0.0704975493715342,273.01,0.45646213007858216,1145.0,598.1
703,1992,8,Orissa,Cuttack,1278.0,1205.5498,-0.5612418,32.14947891235352,23.48588180541992,27.81768035888672,-0.6726579086237238,12,-0.0135790750160876,14,0.0704975493715342,255.47,0.44524809592693937,1420.0,573.77
703,1993,8,Orissa,Cuttack,1595.0,1395.5067,0.10838507,31.869935989379883,23.457321166992188,27.66362762451172,-1.0078878620606022,11,-0.1561593626850083,7,-1.080962423696858,272.86,0.45963109576349703,1278.0,593.65
703,1994,8,Orissa,Cuttack,1376.0,1282.7822,-0.28898582,31.154769897460938,23.07719039916992,27.11598014831543,-2.199608597754983,8,-0.5839002256917704,14,0.0704975493715342,267.71,0.5208061786277065,1595.0,514.03
703,1995,8,Orissa,Cuttack,1655.0,1008.32916,-1.2564745,31.8856201171875,23.87908363342285,27.88235092163086,-0.5319300609460446,14,0.2715815003217537,8,-0.9164681418299448,86.64,0.5722211214582921,1376.0,151.41
703,1996,8,Orissa,Cuttack,1229.0,754.2667,-2.1520832,32.02497100830078,24.18071937561035,28.10284423828125,-0.0521205686073704,4,-1.1542213763674531,17,0.5639803949722738,86.21,0.5882232532751092,1655.0,146.56
703,1997,8,Orissa,Cuttack,1450.0,1390.0498,0.08914864,32.18856430053711,23.966535568237305,28.07754898071289,-0.1071648886658079,16,0.5567420756595951,12,-0.2584910143622921,80.86,0.5037378519810615,1229.0,160.52
703,1998,8,Orissa,Cuttack,1715.0,1247.8157,-0.41224822,32.513267517089844,25.19816970825196,28.8557186126709,1.5861888226176812,13,0.129001212652833,6,-1.245456705563771,80.49,0.536063936063936,1450.0,150.15
703,1999,8,Orissa,Cuttack,655.0,1531.3269,0.5871718,31.381567001342773,24.247188568115234,27.814376831054688,-0.6798466254342511,7,-0.7264805133606911,6,-1.245456705563771,108.54,0.6704138357010501,1715.0,161.9
703,2000,8,Orissa,Cuttack,1212.0,908.68604,-1.6077316,32.25947952270508,24.251829147338867,28.255653381347656,0.2804032397022194,5,-1.0116410886985323,13,-0.0939967324953789,87.82,0.5612936213728748,655.0,156.46
703,2001,8,Orissa,Cuttack,1669.0,1633.3685,0.94688404,31.62450790405273,23.81647109985352,27.720489501953125,-0.884152281485867,1,-1.5819622393742152,12,-0.2584910143622921,89.67,0.6315678264544302,1212.0,141.98
703,2002,8,Orissa,Cuttack,1155.0,1410.7566,0.1621432,32.61124038696289,24.28902053833008,28.450130462646484,0.7035995118933224,22,1.4122238016731192,13,-0.0939967324953789,76.3,0.4941069809610154,1669.0,154.42
703,2003,8,Orissa,Cuttack,1133.0,1760.1924,1.3939573,31.94124412536621,24.377450942993164,28.159347534179688,0.0708347124521344,17,0.6993223633285158,9,-0.7519738599630317,77.55,0.5462036906606564,1155.0,141.98
703,2004,8,Orissa,Cuttack,1886.0,1177.1199,-0.66146165,32.1807861328125,24.37124252319336,28.27601432800293,0.3247101403675655,17,0.6993223633285158,24,1.715440368040666,95.27,0.6452421266508634,1133.0,147.65
703,2005,8,Orissa,Cuttack,2005.0,1937.5251,2.019082,32.48882293701172,25.11170196533203,28.800262451171875,1.4655121821638228,26,1.982544952348802,8,-0.9164681418299448,90.04,0.5915122848508738,1886.0,152.22
703,2006,8,Orissa,Cuttack,1511.0,1624.7468,0.9164912,32.200592041015625,23.97764778137207,28.08911895751953,-0.0819877777116169,12,-0.0135790750160876,26,2.0444289317744926,92.79,0.6734649441138046,2005.0,137.78
703,2007,8,Orissa,Cuttack,1690.0,1627.1257,0.9248772,32.104637145996094,25.069868087768555,28.58725357055664,1.0019893669409163,11,-0.1561593626850083,12,-0.2584910143622921,93.71,0.6176916485399775,1511.0,151.71
703,2008,8,Orissa,Cuttack,1422.0,1569.9998,0.7234995,31.84673118591309,24.29686164855957,28.071796417236328,-0.1196828851441858,3,-1.2968016640363738,23,1.550946086173753,93.0,0.6988802885699257,1690.0,133.07
703,2009,8,Orissa,Cuttack,2087.0,1264.9037,-0.3520104,32.85189437866211,24.439672470092773,28.645782470703125,1.129352510155606,23,1.55480408934204,23,1.550946086173753,91.68,0.6494757721734203,1422.0,141.16
703,2010,8,Orissa,Cuttack,1835.0,1250.6077,-0.40240604,32.95692825317383,24.792680740356445,28.874805450439453,1.6277231696863577,20,1.1270632263352778,8,-0.9164681418299448,92.18,0.6788923258211814,2087.0,135.78
703,2011,8,Orissa,Cuttack,1916.0,1262.2415,-0.36139515,32.23679733276367,23.70647048950196,27.97163391113281,-0.3376437827123423,14,0.2715815003217537,28,2.3734174955083187,81.11,0.5851248016159284,1835.0,138.62
703,2012,8,Orissa,Cuttack,2928.0,1326.2812,-0.13564518,32.40627670288086,24.05647087097168,28.23137283325196,0.2275670012507261,18,0.8419026509974366,17,0.5639803949722738,88.61,0.6803593366093366,1916.0,130.24
703,2013,8,Orissa,Cuttack,1462.0,1738.2844,1.3167285,31.75640869140625,23.931371688842773,27.843891143798828,-0.6156213344838468,8,-0.5839002256917704,6,-1.245456705563771,93.79,0.774483897605285,2928.0,121.1
703,2014,8,Orissa,Cuttack,2505.0,1325.0881,-0.1398511,32.48770523071289,23.54861831665039,28.01816177368164,-0.2363957700818471,21,1.2696435140041986,11,-0.4229852962292053,90.73,0.7416217099885565,1462.0,122.34
703,2015,8,Orissa,Cuttack,2014.0,993.8473,-1.3075253,32.91194152832031,24.57454490661621,28.74324417114257,1.3414362581834929,12,-0.0135790750160876,16,0.3994861131053606,86.87,0.7162763852242744,2505.0,121.28
703,2016,8,Orissa,Cuttack,3320.0,1115.6674,-0.87809104,32.27496337890625,23.969236373901367,28.122100830078125,-0.0102168244277606,12,-0.0135790750160876,15,0.2349918312384474,81.62,0.6831268831603616,2014.0,119.48
703,2017,8,Orissa,Cuttack,2199.0,1228.5388,-0.48020205,32.61907958984375,24.37983131408692,28.499454498291016,0.8109322005308729,12,-0.0135790750160876,10,-0.5874795780961184,78.98,0.7245206861755802,3320.0,109.01
703,2018,8,Orissa,Cuttack,2691.0,1489.3306,0.43912837,32.446434020996094,23.90576934814453,28.176101684570312,0.1072929621424763,16,0.5567420756595951,18,0.728474676839187,44.27,0.4524271844660195,2199.0,97.85
703,2019,8,Orissa,Cuttack,3306.0,1511.2078,0.5162488,32.421478271484375,24.51004981994629,28.465763092041016,0.737617250333901,20,1.1270632263352778,6,-1.245456705563771,61.697,0.5184186202840098,2691.0,119.01
730,1995,8,Orissa,Deogarh,1264.0,1243.8547,-0.29337183,32.15045928955078,22.900850296020508,27.525653839111328,-0.2421837745729373,21,0.5537935571948119,10,-0.8959502662693549,15.97,0.34597053726169846,,46.16
730,1996,8,Orissa,Deogarh,914.0,1418.57,0.18684717,31.874313354492188,23.38006401062012,27.62718963623047,-0.0146900421745405,17,-0.0906207639046055,25,1.6932638059769465,14.67,0.3045463981731368,1264.0,48.17
730,1997,8,Orissa,Deogarh,1219.0,1199.4548,-0.41540855,32.13313674926758,23.225229263305664,27.679183959960938,0.1018046631863246,22,0.7148971374696663,23,1.3480352630107728,16.59,0.3350838214502121,914.0,49.51
730,1998,8,Orissa,Deogarh,858.0,1047.4297,-0.8332621,32.48921585083008,24.20457649230957,28.34689712524414,1.597834284774715,17,-0.0906207639046055,15,-0.0328789088539211,19.27,0.37762100725063685,1219.0,51.03
730,1999,8,Orissa,Deogarh,1143.0,1713.1498,0.99652386,31.282026290893555,23.33222198486328,27.30712509155273,-0.731803414433732,10,-1.2183458258285862,9,-1.0685645377524418,16.0,0.3316062176165803,858.0,48.25
730,2000,8,Orissa,Deogarh,426.0,883.7448,-1.2831633,32.12424850463867,22.79228782653809,27.458267211914062,-0.3931653571261056,11,-1.0572422455537318,12,-0.5507217233031815,14.31,0.2986850344395742,1143.0,47.91
730,2001,8,Orissa,Deogarh,1304.0,1990.4705,1.7587624,31.486404418945312,22.59849739074707,27.042449951171875,-1.3248153104023894,4,-2.1849673074777125,13,-0.3781074518200947,15.25,0.2944583896505117,426.0,51.79
730,2002,8,Orissa,Deogarh,439.0,994.9839,-0.9774136,32.46006393432617,22.376733779907227,27.418399810791016,-0.4824893604809406,24,1.0371042980193752,13,-0.3781074518200947,13.6,0.293799956794124,1304.0,46.29
730,2003,8,Orissa,Deogarh,1434.0,1823.9081,1.3009521,32.003135681152344,23.072025299072266,27.537580490112305,-0.2154617865824204,19,0.2315863966451032,9,-1.0685645377524418,15.78,0.3149700598802395,439.0,50.1
730,2004,8,Orissa,Deogarh,818.0,1177.0253,-0.47705805,31.897844314575195,22.571439743041992,27.2346420288086,-0.8942037003149926,18,0.0704828163702488,21,1.0028067200445994,14.33,0.28281034142490624,1434.0,50.67
730,2005,8,Orissa,Deogarh,1270.0,1294.9099,-0.15304251,32.41817092895508,23.59339904785156,28.00578498840332,0.8335632062184974,24,1.0371042980193752,9,-1.0685645377524418,18.11,0.33413284132841325,818.0,54.2
730,2006,8,Orissa,Deogarh,1270.0,1306.7979,-0.120367534,31.936338424682617,22.00934600830078,26.972843170166016,-1.480771208327533,15,-0.4128279244543144,15,-0.0328789088539211,19.03,0.3563003182924546,1270.0,53.41
730,2007,8,Orissa,Deogarh,1351.0,1609.8113,0.71248955,32.05692672729492,23.415882110595703,27.736404418945312,0.2300086676186781,17,-0.0906207639046055,23,1.3480352630107728,17.8,0.4025327905924921,1270.0,44.22
730,2008,8,Orissa,Deogarh,1294.0,1512.5104,0.4450501,31.76353073120117,23.1984977722168,27.481014251708984,-0.3421999918974306,11,-1.0572422455537318,25,1.6932638059769465,17.0,0.37786174705490105,1351.0,44.99
730,2009,8,Orissa,Deogarh,1092.0,1134.1848,-0.5948085,32.95869064331055,23.55843162536621,28.258560180664062,1.3999129427320476,26,1.359311458569084,23,1.3480352630107728,14.86,0.34382230448866263,1294.0,43.22
730,2010,8,Orissa,Deogarh,718.0,553.4304,-2.1910594,33.09287643432617,23.92300796508789,28.50794219970703,1.9586601817827596,25,1.1982078782942296,14,-0.2054931803370079,14.97,0.35448733128107984,1092.0,42.23
730,2011,8,Orissa,Deogarh,1641.0,1615.6428,0.728518,32.05882263183594,22.78751373291016,27.423168182373047,-0.4718056934449112,14,-0.5739315047291688,13,-0.3781074518200947,19.99,0.5263296471827278,718.0,37.98
730,2012,8,Orissa,Deogarh,2644.0,1513.0638,0.44657135,32.24483871459961,23.17940902709961,27.71212387084961,0.1756074350712161,20,0.3926899769199575,17,0.3123496341122523,22.69,0.507606263982103,1641.0,44.7
730,2013,8,Orissa,Deogarh,2421.0,1273.9967,-0.21052416,31.56424903869629,23.11771011352539,27.34098052978516,-0.6559493784779069,13,-0.7350350850040231,6,-1.586407352201702,23.31,0.4509576320371445,2644.0,51.69
730,2014,8,Orissa,Deogarh,2983.0,1417.2979,0.18335071,32.42818832397461,22.81524085998535,27.621715545654297,-0.0269548919319023,21,0.5537935571948119,19,0.6575781770784259,17.44,0.35132957292506045,2421.0,49.64
730,2015,8,Orissa,Deogarh,996.0,1278.1317,-0.19915874,32.81547164916992,23.78621292114257,28.30084228515625,1.494647155073928,17,-0.0906207639046055,30,2.5563351633923803,19.71,0.41608613046231796,2983.0,47.37
730,2016,8,Orissa,Deogarh,1554.0,1027.0491,-0.88927984,32.26521682739258,23.329872131347656,27.79754447937012,0.3669946463546558,22,0.7148971374696663,20,0.8301924485615126,19.06,0.45641762452107276,996.0,41.76
730,2017,8,Orissa,Deogarh,1833.0,1341.245,-0.025686756,32.546512603759766,23.464624404907227,28.00556945800781,0.8330803044684609,21,0.5537935571948119,10,-0.8959502662693549,19.23,0.4108096560563982,1554.0,46.81
730,2018,8,Orissa,Deogarh,1705.0,1241.0459,-0.30109215,32.32805633544922,23.084936141967773,27.70649719238281,0.1630007079686934,19,0.2315863966451032,19,0.6575781770784259,1.735,0.031221882310599247,1833.0,55.57
730,2019,8,Orissa,Deogarh,1828.0,1218.1155,-0.36411825,32.25684356689453,23.42236518859864,27.839603424072266,0.461228863079242,24,1.0371042980193752,11,-0.7233359947862682,5.977,0.12215409769057839,1705.0,48.93
704,1990,8,Orissa,Dhenkanal,1045.0,1378.4199,0.5172786,31.625099182128903,24.0175838470459,27.82134246826172,-0.664688892297966,5,-1.0116410886985323,16,0.3446749236236319,60.33,0.2515426951300867,,239.84
704,1991,8,Orissa,Dhenkanal,1498.0,1568.7379,1.3165774,31.693790435791016,23.46738624572754,27.5805892944336,-1.1885853072471528,7,-0.7264805133606911,18,0.7256314181550144,65.64,0.2791647173903798,1045.0,235.13
704,1992,8,Orissa,Dhenkanal,1126.0,1301.6814,0.19499162,32.14947891235352,23.48588180541992,27.81768035888672,-0.6726579086237238,12,-0.0135790750160876,14,-0.0362815709077505,69.5,0.2997110699038337,1498.0,231.89
704,1993,8,Orissa,Dhenkanal,1388.0,1314.81,0.25012946,31.869935989379883,23.457321166992188,27.66362762451172,-1.0078878620606022,11,-0.1561593626850083,6,-1.5601075490332807,55.87,0.23358976503052092,1126.0,239.18
704,1994,8,Orissa,Dhenkanal,1412.0,1474.6082,0.9212506,31.154769897460938,23.07719039916992,27.11598014831543,-2.199608597754983,8,-0.5839002256917704,12,-0.4172380654391331,74.39,0.3139083466959237,1388.0,236.98
704,1995,8,Orissa,Dhenkanal,1211.0,1067.1838,-0.78985286,31.8856201171875,23.87908363342285,27.88235092163086,-0.5319300609460446,14,0.2715815003217537,10,-0.7981945599705156,36.98,0.2617682452042188,1412.0,141.27
704,1996,8,Orissa,Dhenkanal,876.0,979.4148,-1.1584659,32.02497100830078,24.18071937561035,28.10284423828125,-0.0521205686073704,4,-1.1542213763674531,20,1.106587912686397,31.92,0.24832736891240084,1211.0,128.54
704,1997,8,Orissa,Dhenkanal,1395.0,1350.4766,0.3999219,32.18856430053711,23.966535568237305,28.07754898071289,-0.1071648886658079,16,0.5567420756595951,17,0.5351531708893232,36.28,0.28663980406099393,876.0,126.57
704,1998,8,Orissa,Dhenkanal,1495.0,1128.9568,-0.5304184,32.513267517089844,25.19816970825196,28.8557186126709,1.5861888226176812,13,0.129001212652833,12,-0.4172380654391331,36.99,0.3008540056933713,1395.0,122.95
704,1999,8,Orissa,Dhenkanal,848.0,1504.9072,1.0485009,31.381567001342773,24.247188568115234,27.814376831054688,-0.6798466254342511,7,-0.7264805133606911,9,-0.9886728072362068,36.91,0.2909735908553409,1495.0,126.85
704,2000,8,Orissa,Dhenkanal,588.0,890.34204,-1.5325543,32.25947952270508,24.251829147338867,28.255653381347656,0.2804032397022194,5,-1.0116410886985323,14,-0.0362815709077505,32.54,0.26052842273819055,848.0,124.9
704,2001,8,Orissa,Dhenkanal,1854.0,1502.8181,1.039727,31.62450790405273,23.81647109985352,27.720489501953125,-0.884152281485867,1,-1.5819622393742152,12,-0.4172380654391331,30.85,0.2469580531540186,588.0,124.92
704,2002,8,Orissa,Dhenkanal,488.0,911.6517,-1.4430579,32.61124038696289,24.28902053833008,28.450130462646484,0.7035995118933224,22,1.4122238016731192,12,-0.4172380654391331,29.8,0.26030747728860937,1854.0,114.48
704,2003,8,Orissa,Dhenkanal,1820.0,1569.7502,1.320829,31.94124412536621,24.377450942993164,28.159347534179688,0.0708347124521344,17,0.6993223633285158,8,-1.1791510545018982,25.15,0.21556526956372674,488.0,116.67
704,2004,8,Orissa,Dhenkanal,1368.0,989.79395,-1.1148754,32.1807861328125,24.37124252319336,28.27601432800293,0.3247101403675655,17,0.6993223633285158,16,0.3446749236236319,36.01,0.2933604887983707,1820.0,122.75
704,2005,8,Orissa,Dhenkanal,1885.0,1626.6174,1.5596602,32.48882293701172,25.11170196533203,28.800262451171875,1.4655121821638228,26,1.982544952348802,10,-0.7981945599705156,36.77,0.30026130981544996,1368.0,122.46
704,2006,8,Orissa,Dhenkanal,1448.0,1219.1035,-0.15181953,32.200592041015625,23.97764778137207,28.08911895751953,-0.0819877777116169,12,-0.0135790750160876,26,2.2494573962805444,36.51,0.3210517059444249,1885.0,113.72
704,2007,8,Orissa,Dhenkanal,1910.0,1257.9702,0.011413098,32.104637145996094,25.069868087768555,28.58725357055664,1.0019893669409163,11,-0.1561593626850083,14,-0.0362815709077505,36.33,0.3101152368758002,1448.0,117.15
704,2008,8,Orissa,Dhenkanal,1654.0,1310.584,0.23238076,31.84673118591309,24.29686164855957,28.071796417236328,-0.1196828851441858,3,-1.2968016640363738,21,1.2970661599520883,38.15,0.3404122423485322,1910.0,112.07
704,2009,8,Orissa,Dhenkanal,1562.0,1105.3269,-0.62965935,32.85189437866211,24.439672470092773,28.645782470703125,1.129352510155606,23,1.55480408934204,23,1.6780226544834709,39.59,0.36056466302367945,1654.0,109.8
704,2010,8,Orissa,Dhenkanal,1399.0,907.1521,-1.4619552,32.95692825317383,24.792680740356445,28.874805450439453,1.6277231696863577,20,1.1270632263352778,8,-1.1791510545018982,41.53,0.4498483535528597,1562.0,92.32
704,2011,8,Orissa,Dhenkanal,2103.0,1364.5804,0.45915547,32.23679733276367,23.70647048950196,27.97163391113281,-0.3376437827123423,14,0.2715815003217537,12,-0.4172380654391331,45.75,0.4911433172302737,1399.0,93.15
704,2012,8,Orissa,Dhenkanal,2712.0,1294.0417,0.16290657,32.40627670288086,24.05647087097168,28.23137283325196,0.2275670012507183,18,0.8419026509974366,17,0.5351531708893232,53.84,0.6414105313319038,2103.0,83.94
704,2013,8,Orissa,Dhenkanal,2661.0,1474.6072,0.9212465,31.75640869140625,23.931371688842773,27.843891143798828,-0.6156213344838468,8,-0.5839002256917704,7,-1.3696293017675891,56.53,0.6068054959209962,2712.0,93.16
704,2014,8,Orissa,Dhenkanal,3313.0,1259.5321,0.017972734,32.48770523071289,23.54861831665039,28.01816177368164,-0.2363957700818471,21,1.2696435140041986,11,-0.6077163127048244,59.8,0.6080943664836281,2661.0,98.34
704,2015,8,Orissa,Dhenkanal,1596.0,1008.4463,-1.0365392,32.91194152832031,24.57454490661621,28.74324417114257,1.3414362581835009,12,-0.0135790750160876,13,-0.2267598181734418,49.19,0.5735105514748746,3313.0,85.77
704,2016,8,Orissa,Dhenkanal,2857.0,1026.7255,-0.9597702,32.27496337890625,23.969236373901367,28.122100830078125,-0.0102168244277606,12,-0.0135790750160876,15,0.1541966763579406,50.32,0.6676396444208571,1596.0,75.37
704,2017,8,Orissa,Dhenkanal,1386.0,958.3002,-1.2471433,32.61907958984375,24.37983131408692,28.499454498291016,0.8109322005308729,12,-0.0135790750160876,10,-0.7981945599705156,44.59,0.711845466155811,2857.0,62.64
704,2018,8,Orissa,Dhenkanal,3129.0,1348.0056,0.3895444,32.446434020996094,23.90576934814453,28.176101684570312,0.1072929621424763,16,0.5567420756595951,10,-0.7981945599705156,17.573,0.19538581276406494,1386.0,89.94
704,2019,8,Orissa,Dhenkanal,2756.0,1265.2803,0.042113934,32.421478271484375,24.51004981994629,28.465763092041016,0.737617250333901,20,1.1270632263352778,12,-0.4172380654391331,11.444,0.1413362973940966,3129.0,80.97
100,1990,7,Maharashtra,Dhule,926.0,638.61975,-0.302909,30.472745895385746,21.74614524841309,26.10944557189941,-1.767997427984407,6,-1.79765921860606,19,-0.6916078569531614,,,,27.2
100,1991,7,Maharashtra,Dhule,565.0,510.4306,-1.1297266,31.51653861999512,21.558692932128903,26.537616729736328,-0.6915879008766989,19,0.433072448118733,67,3.269418960142218,,,926.0,26.2
100,1992,7,Maharashtra,Dhule,691.0,637.82916,-0.30800828,32.1169319152832,22.0728759765625,27.09490394592285,0.7094155479987291,18,0.2614777045245182,22,-0.4440436808847002,,,565.0,26.5
100,1993,7,Maharashtra,Dhule,880.0,676.891,-0.0560602,31.559934616088867,22.26058959960937,26.91026306152344,0.2452338687254644,13,-0.5964960134465561,13,-1.186736209090084,,,691.0,33.3
100,1994,7,Maharashtra,Dhule,831.0,795.44543,0.7086138,30.74124336242676,21.53365898132324,26.137451171875,-1.69759218448696,13,-0.5964960134465561,33,0.4636916313663243,,,880.0,30.8
100,1995,7,Maharashtra,Dhule,575.0,518.88025,-1.0752265,32.725624084472656,22.53980255126953,27.632713317871094,2.061452277089656,28,1.9774251404666667,22,-0.4440436808847002,,,831.0,29.2
100,1996,7,Maharashtra,Dhule,947.0,719.8174,0.22081424,31.6679744720459,22.086013793945312,26.87699508666992,0.161599171655208,17,0.0898829609303033,17,-0.8566506409988022,,,575.0,28.5
100,1997,7,Maharashtra,Dhule,836.0,698.36743,0.08246245,31.788169860839844,22.23516273498535,27.01166534423828,0.5001561846893449,19,0.433072448118733,25,-0.1964795048162389,,,947.0,32.4
100,1998,7,Maharashtra,Dhule,602.0,1009.9045,2.0918708,31.629802703857425,22.776012420654297,27.20290756225586,0.9809334198942832,18,0.2614777045245182,15,-1.021693425044443,,,836.0,10.3
100,1999,7,Maharashtra,Dhule,959.0,630.4154,-0.35582688,31.03548812866211,22.03914833068848,26.53731918334961,-0.6923359236231131,11,-0.9396855006349858,28,0.0510846712522222,,,602.0,4.9
100,2000,7,Maharashtra,Dhule,367.0,422.29626,-1.6981915,31.804840087890625,22.044708251953125,26.924774169921875,0.2817143626659654,12,-0.7680907570407709,28,0.0510846712522222,,,959.0,4.9
100,2001,7,Maharashtra,Dhule,1143.0,602.2406,-0.53755385,31.124771118164062,21.71986961364746,26.42232131958008,-0.9814371250769982,8,-1.4544697314176305,28,0.0510846712522222,,,367.0,4.9
100,2002,7,Maharashtra,Dhule,808.0,606.5188,-0.5099596,31.62614631652832,21.88751602172852,26.75683212280273,-0.1404869374736203,28,1.9774251404666667,42,1.206384159571708,,,1143.0,5.2
100,2003,7,Maharashtra,Dhule,1380.0,925.7519,1.549088,31.38842964172364,21.41869354248047,26.40356063842773,-1.028600918241955,14,-0.4249012698523412,31,0.2986488473206835,,,808.0,5.0
100,2004,7,Maharashtra,Dhule,1059.0,736.8489,0.33066708,31.45216178894043,21.681697845458984,26.56692886352539,-0.6178980703196857,12,-0.7680907570407709,19,-0.6916078569531614,,,1380.0,5.1
100,2005,7,Maharashtra,Dhule,980.0,618.6382,-0.43178976,31.65549087524414,22.22307205200196,26.939281463623047,0.3181852665712649,24,1.2910461660898072,27,-0.0314367207705981,,,1059.0,5.1
100,2006,7,Maharashtra,Dhule,412.0,1003.548,2.0508714,31.019672393798828,22.232027053833008,26.625850677490234,-0.4697703864592449,16,-0.0817117826639115,29,0.1336060632750426,,,980.0,5.1
100,2007,7,Maharashtra,Dhule,802.0,822.0397,0.88014615,31.865619659423828,21.98790740966797,26.9267635345459,0.2867155660282093,17,0.0898829609303033,33,0.4636916313663243,,,412.0,4.4
100,2008,7,Maharashtra,Dhule,556.0,530.2988,-1.001577,31.536209106445312,21.868040084838867,26.702125549316406,-0.2780176324265171,12,-0.7680907570407709,40,1.0413413755260672,,,802.0,5.4
100,2009,7,Maharashtra,Dhule,482.0,615.90155,-0.449441,32.46731948852539,22.36450958251953,27.41591453552246,1.5164266009923812,22,0.9478566789013776,25,-0.1964795048162389,,,556.0,4.9
100,2010,7,Maharashtra,Dhule,1334.0,676.55,-0.058259666,31.965621948242188,22.69712448120117,27.33137321472168,1.3038922406586322,19,0.433072448118733,12,-1.2692576011129042,,,482.0,5.0
100,2011,7,Maharashtra,Dhule,671.0,586.41284,-0.6396426,31.48333549499512,21.887319564819336,26.685327529907227,-0.3202473524756852,12,-0.7680907570407709,28,0.0510846712522222,,,1334.0,7.9
100,2012,7,Maharashtra,Dhule,960.0,456.354,-1.4785197,31.81842994689941,21.515424728393555,26.666927337646484,-0.3665048873132377,18,0.2614777045245182,25,-0.1964795048162389,,,671.0,7.7
100,2013,7,Maharashtra,Dhule,1260.0,912.0864,1.4609461,30.3469295501709,21.766143798828125,26.056537628173828,-1.9010064213355815,4,-2.1408487057944896,15,-1.021693425044443,,,960.0,7.7
100,2015,7,Maharashtra,Dhule,1174.0,532.7162,-0.98598504,32.697208404541016,22.766172409057617,27.731689453125,2.3102753306597057,27,1.805830396872452,36,0.7112558074347856,,,1260.0,2.3
100,2016,7,Maharashtra,Dhule,1641.0,575.0751,-0.712771,31.292552947998047,22.276859283447266,26.784706115722656,-0.0704125501909336,17,0.0898829609303033,22,-0.4440436808847002,,,1174.0,6.4
100,2017,7,Maharashtra,Dhule,2014.0,649.00665,-0.23591366,31.84370231628418,22.38678550720215,27.115243911743164,0.7605496157407898,12,-0.7680907570407709,18,-0.7741292489759818,,,1641.0,7.0
100,2018,7,Maharashtra,Dhule,1354.0,472.70465,-1.3730583,31.93116569519043,22.08940887451172,27.01028823852539,0.4966941819783764,43,4.551346294379889,38,0.8762985914804263,,,2014.0,6.87
100,2019,7,Maharashtra,Dhule,1425.0,1068.7952,2.4717145,31.46849822998047,22.72475242614746,27.09662628173828,0.7137454488962423,21,0.7762619353071627,12,-1.2692576011129042,,,1354.0,6.84
173,1990,9,Punjab,Faridkot,3652.0,528.2207,2.3721902,35.00725555419922,23.46346473693848,29.23535919189453,-0.5304970526549604,60,-1.1680725918008277,38,-0.3428426871422392,137.6,0.9971014492753623,,138.0
173,1991,9,Punjab,Faridkot,3777.0,103.83049,-1.2240381,36.03444290161133,23.586469650268555,29.810455322265625,0.8985874861370896,87,0.6614775727048883,62,1.4953776779608312,147.7,0.9979729729729729,3652.0,148.0
173,1992,9,Punjab,Faridkot,3907.0,217.75465,-0.25865933,35.07712173461914,23.0490837097168,29.06310272216797,-0.958545590269507,58,-1.3035948262086583,26,-1.2619528696937743,140.3,1.0,3777.0,140.0
173,1993,9,Punjab,Faridkot,3931.0,315.68707,0.57120746,35.8128776550293,23.317710876464844,29.56529426574707,0.2893747704150843,87,0.6614775727048883,36,-0.496027717567495,158.7,0.9981132075471697,3907.0,159.0
173,1994,9,Punjab,Faridkot,3549.0,364.54675,0.98523813,35.100589752197266,22.98418426513672,29.042387008666992,-1.0100230812677309,51,-1.777922646636066,49,0.499674980196668,174.6,0.9977142857142857,3931.0,175.0
173,1995,9,Punjab,Faridkot,3684.0,278.0459,0.25224096,35.70261001586914,23.75320243835449,29.7279052734375,0.6934548270446371,79,0.119388635073565,64,1.648562708386087,37.7,0.9921052631578948,3549.0,38.0
173,1996,9,Punjab,Faridkot,3674.0,260.12057,0.10034406,34.551177978515625,23.003267288208008,28.7772216796875,-1.6689453933058551,62,-1.0325503573929968,27,-1.1853603544811464,45.7,0.9934782608695653,3684.0,46.0
173,1997,9,Punjab,Faridkot,3821.0,215.50937,-0.27768558,34.091434478759766,23.02705955505371,28.559246063232425,-2.210603677649739,71,-0.4227003025577581,32,-0.8023977784180067,56.0,1.0,3674.0,56.0
173,1998,9,Punjab,Faridkot,3000.0,166.86842,-0.6898627,35.42882537841797,24.160717010498047,29.794771194458008,0.859613228842329,85,0.5259553382970574,52,0.7294525258345519,82.09,1.0,3821.0,82.0
173,1999,9,Punjab,Faridkot,3389.0,88.33957,-1.3553063,35.49516677856445,23.70124244689941,29.59820556640625,0.3711576732025212,86,0.5937164555009729,68,1.9549327692365988,89.91,0.999,3000.0,90.0
173,2000,9,Punjab,Faridkot,3444.0,105.55983,-1.209384,35.42901611328125,23.650653839111328,29.53983497619629,0.2261097349814878,81,0.2549108694813958,50,0.576267495409296,89.93,0.9992222222222223,3389.0,90.0
173,2001,9,Punjab,Faridkot,3829.0,126.004555,-1.0361379,35.51032638549805,23.71392059326172,29.612123489379883,0.4057430016081965,90,0.8647609243166344,56,1.0358225866850637,69.62,0.9945714285714287,3444.0,70.0
173,2002,9,Punjab,Faridkot,3256.0,194.58287,-0.45501408,35.983795166015625,24.096275329589844,30.04003524780273,1.4690818864217885,88,0.7292386899088036,34,-0.649212747992751,85.5,0.9941860465116279,3829.0,86.0
173,2003,9,Punjab,Faridkot,3667.0,366.66937,1.003225,35.240196228027344,23.479019165039062,29.359607696533203,-0.2217458586022676,58,-1.3035948262086583,32,-0.8023977784180067,83.91,0.9989285714285714,3256.0,84.0
173,2004,9,Punjab,Faridkot,3830.0,127.39497,-1.0243558,34.894771575927734,23.5139217376709,29.204345703125,-0.6075639897354428,78,0.0516275178696496,57,1.1124151018976915,87.62,0.9956818181818182,3667.0,88.0
173,2005,9,Punjab,Faridkot,3942.0,377.3708,1.0939074,36.2857551574707,23.70405006408692,29.994903564453125,1.356931956212795,99,1.4746109791518731,38,-0.3428426871422392,86.2,1.0,3830.0,86.0
173,2006,9,Punjab,Faridkot,3976.0,258.6282,0.08769791,35.22476959228516,23.971830368041992,29.59830093383789,0.3713946564038757,80,0.1871497522774804,27,-1.1853603544811464,84.7,0.9964705882352941,3942.0,85.0
173,2007,9,Punjab,Faridkot,4034.0,397.63702,1.2656409,35.2179069519043,23.350914001464844,29.28441047668457,-0.4086071128702884,70,-0.4904614197616735,36,-0.496027717567495,86.86,0.9983908045977011,3976.0,87.0
173,2008,9,Punjab,Faridkot,4358.0,351.71133,0.8764725,35.07300567626953,23.3605899810791,29.216796875,-0.5766234629665997,86,0.5937164555009729,38,-0.3428426871422392,95.43,1.0,4034.0,95.0
173,2009,9,Punjab,Faridkot,4224.0,159.25644,-0.75436574,36.66842651367188,23.49744987487793,30.08293914794922,1.5756958890471584,106,1.9489387995792808,31,-0.8789902936306347,97.82,0.9981632653061224,4358.0,98.0
173,2010,9,Punjab,Faridkot,4050.0,210.11975,-0.32335654,35.271697998046875,23.3652286529541,29.31846237182617,-0.3239898909946606,60,-1.1680725918008277,39,-0.2662501719296112,101.3,1.0,4224.0,101.0
173,2011,9,Punjab,Faridkot,4010.0,370.46967,1.0354282,34.913917541503906,23.78862762451172,29.35127258300781,-0.2424581904006594,55,-1.5068781778204046,44,0.1167124041335284,100.54,0.9954455445544556,4050.0,101.0
173,2012,9,Punjab,Faridkot,4353.0,323.4,0.6365658,36.136993408203125,24.036340713500977,30.08666610717773,1.5849571925560832,80,0.1871497522774804,43,0.0401198889209004,102.31,1.0,4010.0,102.0
173,2013,9,Punjab,Faridkot,4260.0,553.771,2.5887003,35.33908462524414,24.42549133300781,29.882287979125977,1.077087973061324,80,0.1871497522774804,45,0.1933049193461563,104.16,1.0,4353.0,104.0
173,2014,9,Punjab,Faridkot,3972.0,287.00916,0.32819447,36.26226043701172,23.825414657592773,30.04383850097656,1.4785327764918057,95,1.2035665103362114,44,0.1167124041335284,106.18,1.0,4260.0,106.0
173,2015,9,Punjab,Faridkot,3991.0,276.65173,0.24042699,35.39958190917969,23.383501052856445,29.39154052734375,-0.1423944034607278,81,0.2549108694813958,38,-0.3428426871422392,109.39,0.9944545454545455,3972.0,110.0
173,2016,9,Punjab,Faridkot,4070.0,300.57678,0.4431648,36.01651763916016,24.12578582763672,30.07115173339844,1.5464047653597512,95,1.2035665103362114,59,1.265600132322947,114.94,0.9994782608695651,3991.0,115.0
173,2017,9,Punjab,Faridkot,4443.0,232.34088,-0.13505751,35.81464385986328,23.8356990814209,29.825172424316406,0.9351587337701156,108,2.0844610339871115,49,0.499674980196668,114.69,0.9973043478260869,4070.0,115.0
173,2018,9,Punjab,Faridkot,4112.0,311.78305,0.5381253,35.36042785644531,23.708715438842773,29.53457260131836,0.2130330019307467,79,0.119388635073565,37,-0.4194352023548671,116.326,1.0,4443.0,116.0
173,2019,9,Punjab,Faridkot,3759.0,357.75394,0.9276767,35.91068649291992,24.097766876220703,30.004226684570312,1.3800994339772108,82,0.3226719866853112,27,-1.1853603544811464,115.874,0.9989137931034482,4112.0,116.0
546,1992,9,Punjab,Fatehgarh Sahib,3850.0,533.0531,-0.6071699,32.46424865722656,21.62254905700684,27.043399810791016,-0.5348771003851888,25,0.1671804923448858,25,-0.5960955873335908,79.6,0.9949999999999999,,80.0
546,1993,9,Punjab,Fatehgarh Sahib,3788.0,923.9772,1.1122602,32.90549087524414,21.75320053100586,27.329345703125,0.2708432369795081,32,0.884438733695525,36,0.340626049904909,80.0,1.0,3850.0,80.0
546,1994,9,Punjab,Fatehgarh Sahib,3538.0,571.0346,-0.44011307,32.46189498901367,21.48771095275879,26.974803924560547,-0.728162271031702,23,-0.0377504337552967,49,1.4476607120958631,80.4,1.0,3788.0,80.0
546,1995,9,Punjab,Fatehgarh Sahib,3313.0,1009.3148,1.487607,32.88215637207031,22.28222274780273,27.582189559936523,0.9832907421628504,31,0.7819732706454336,53,1.7882867620007723,80.5,1.0,3538.0,80.0
546,1996,9,Punjab,Fatehgarh Sahib,3538.0,545.05786,-0.5543685,31.7998046875,21.3764705657959,26.588138580322266,-1.8176835404718013,11,-1.2673359903563923,26,-0.5109390748573636,79.6,0.9949999999999999,3313.0,80.0
546,1997,9,Punjab,Fatehgarh Sahib,3683.0,505.49597,-0.72837645,31.52516365051269,21.604705810546875,26.56493377685547,-1.8830685751199352,21,-0.2426813598554794,16,-1.362504199619636,82.1,1.0,3538.0,82.0
546,1998,9,Punjab,Fatehgarh Sahib,3265.0,946.10004,1.2095648,32.29771041870117,22.681764602661133,27.48973846435547,0.7227878641068184,26,0.2696459553949771,19,-1.1070346621909544,83.02,1.0,3683.0,83.0
546,1999,9,Punjab,Fatehgarh Sahib,3683.0,376.75308,-1.2946358,32.58987045288086,22.12013053894043,27.354999542236328,0.3431290101191923,29,0.577042344545251,30,-0.1703130249524545,82.33,1.0,3265.0,82.0
546,2000,9,Punjab,Fatehgarh Sahib,4167.0,594.35266,-0.33755156,32.04137420654297,21.852611541748047,26.946992874145508,-0.8065264984034295,12,-1.1648705273063011,35,0.2554695374286818,83.67,0.9960714285714286,3683.0,84.0
546,2001,9,Punjab,Fatehgarh Sahib,4000.0,447.33627,-0.98418456,32.69209289550781,22.36176490783692,27.526927947998047,0.8275780503281985,11,-1.2673359903563923,46,1.1921911746671816,81.31,1.0,4167.0,81.0
546,2002,9,Punjab,Fatehgarh Sahib,3900.0,646.37787,-0.10872525,32.64712142944336,22.28607940673828,27.46660041809082,0.6575909337010557,39,1.601696975046164,21,-0.9367216372384998,80.0,1.0,4000.0,80.0
546,2003,9,Punjab,Fatehgarh Sahib,4386.0,888.95544,0.95822155,32.49176788330078,21.95633888244629,27.22405242919922,-0.0258455229017651,26,0.2696459553949771,38,0.5109390748573636,83.41,1.0,3900.0,83.0
546,2004,9,Punjab,Fatehgarh Sahib,4365.0,579.8181,-0.4014799,31.890522003173828,22.35320281982422,27.121862411499023,-0.3137901227162528,20,-0.3451468229055707,24,-0.681252099809818,84.54,0.9945882352941178,4386.0,85.0
546,2005,9,Punjab,Fatehgarh Sahib,4247.0,453.58093,-0.9567182,33.05268478393555,22.182090759277344,27.617387771606445,1.0824700475546525,28,0.4745768814951597,37,0.4257825623811362,85.33,1.0,4365.0,85.0
546,2006,9,Punjab,Fatehgarh Sahib,4048.0,493.49124,-0.78117776,32.557125091552734,22.283266067504883,27.420196533203125,0.526836987625563,20,-0.3451468229055707,52,1.703130249524545,84.1,1.0,4247.0,84.0
546,2007,9,Punjab,Fatehgarh Sahib,4560.0,832.2837,0.708958,32.59672927856445,22.057907104492188,27.32731819152832,0.2651302424183569,16,-0.755008675105936,19,-1.1070346621909544,83.63,0.9955952380952381,4048.0,84.0
546,2008,9,Punjab,Fatehgarh Sahib,4271.0,1202.6085,2.337785,32.06333541870117,21.60516166687012,26.834247589111328,-1.124213066140223,3,-2.087059694757123,15,-1.4476607120958631,85.34,1.0,4560.0,85.0
546,2009,9,Punjab,Fatehgarh Sahib,4547.0,736.82324,0.2890873,33.889930725097656,21.96725273132324,27.92859268188477,1.9593636558255925,40,1.7041624380962554,26,-0.5109390748573636,86.18,1.0,4271.0,86.0
546,2010,9,Punjab,Fatehgarh Sahib,4256.0,863.4824,0.8461817,32.57013320922852,21.60895538330078,27.08954429626465,-0.4048540736514803,31,0.7819732706454336,29,-0.2554695374286818,81.7,0.9963414634146341,4547.0,82.0
546,2011,9,Punjab,Fatehgarh Sahib,4233.0,1281.5883,2.6851673,32.21771240234375,22.156274795532227,27.186992645263672,-0.1302702494522531,20,-0.3451468229055707,45,1.1070346621909544,86.09,1.0,4256.0,86.0
546,2012,9,Punjab,Fatehgarh Sahib,4465.0,789.3611,0.52016836,33.495689392089844,22.641502380371094,28.06859588623047,2.3538558729258874,39,1.601696975046164,42,0.8515651247622725,86.06,1.0,4233.0,86.0
546,2013,9,Punjab,Fatehgarh Sahib,4081.0,674.164,0.013488542,32.48313522338867,22.80431365966797,27.64372444152832,1.1566798583734448,18,-0.5500777490057533,19,-1.1070346621909544,85.74,0.9969767441860464,4465.0,86.0
546,2014,9,Punjab,Fatehgarh Sahib,4349.0,368.09778,-1.332705,33.638221740722656,22.427623748779297,28.032922744750977,2.253338340209789,42,1.909093364196438,33,0.0851565124762272,85.33,0.9922093023255814,4081.0,86.0
546,2015,9,Punjab,Fatehgarh Sahib,4465.0,620.04034,-0.22456752,32.8387336730957,21.92381477355957,27.38127517700196,0.4171668399163986,21,-0.2426813598554794,32,0.0,85.79,0.9975581395348838,4349.0,86.0
546,2016,9,Punjab,Fatehgarh Sahib,4709.0,402.1305,-1.1830164,33.3006477355957,22.476381301879883,27.88851547241211,1.8464366175199285,29,0.577042344545251,34,0.1703130249524545,86.35,1.0,4465.0,86.0
546,2017,9,Punjab,Fatehgarh Sahib,4593.0,514.5747,-0.6884448,33.15647506713867,22.344009399414062,27.750242233276367,1.456818987500493,20,-0.3451468229055707,37,0.4257825623811362,86.33,1.0,4709.0,86.0
546,2018,9,Punjab,Fatehgarh Sahib,4035.0,739.3308,0.3001165,32.70301818847656,22.217628479003903,27.460323333740234,0.6399037605112637,25,0.1671804923448858,20,-1.0218781497147271,86.399,1.0,4593.0,86.0
546,2019,9,Punjab,Fatehgarh Sahib,4256.0,630.2843,-0.17951077,32.99684524536133,22.64935111999512,27.823097229003903,1.6621052088102617,30,0.6795078075953424,27,-0.4257825623811362,86.351,1.0,4035.0,86.0
172,1990,9,Punjab,Ferozpur,3165.0,407.98566,1.3976483,35.00725555419922,23.46346473693848,29.23535919189453,-0.5304970526549604,60,-1.1680725918008277,31,-0.7549867824458266,229.8,0.9991304347826088,,230.0
172,1991,9,Punjab,Ferozpur,3262.0,129.4399,-1.207074,36.03444290161133,23.586469650268555,29.810455322265625,0.8985874861370896,87,0.6614775727048883,42,0.1826580925272164,233.2,1.0,3165.0,233.0
172,1992,9,Punjab,Ferozpur,3472.0,323.60095,0.60855454,35.07712173461914,23.0490837097168,29.06310272216797,-0.958545590269507,58,-1.3035948262086583,25,-1.266429441522032,230.7,0.9987012987012986,3262.0,231.0
172,1993,9,Punjab,Ferozpur,3665.0,308.69592,0.46917543,35.8128776550293,23.317710876464844,29.56529426574707,0.2893747704150843,87,0.6614775727048883,36,-0.3287845665489888,221.0,1.0,3472.0,221.0
172,1994,9,Punjab,Ferozpur,3752.0,316.20593,0.53940266,35.100589752197266,22.98418426513672,29.042387008666992,-1.0100230812677309,51,-1.777922646636066,49,0.7793411947827893,221.0,0.9132231404958677,3665.0,242.0
172,1995,9,Punjab,Ferozpur,3361.0,316.362,0.540862,35.70261001586914,23.75320243835449,29.7279052734375,0.6934548270446371,79,0.119388635073565,57,1.4612647402177297,232.3,0.9969957081545064,3752.0,233.0
172,1996,9,Punjab,Ferozpur,3573.0,256.5394,-0.018547907,34.551177978515625,23.003267288208008,28.7772216796875,-1.6689453933058551,62,-1.0325503573929968,27,-1.0959485551632968,227.3,1.0,3361.0,227.0
172,1997,9,Punjab,Ferozpur,3607.0,338.01874,0.7433774,34.091434478759766,23.02705955505371,28.559246063232425,-2.210603677649739,71,-0.4227003025577581,32,-0.6697463392664591,252.0,1.0,3573.0,252.0
172,1998,9,Punjab,Ferozpur,3353.0,153.32298,-0.9837398,35.42882537841797,24.160717010498047,29.794771194458008,0.859613228842329,85,0.5259553382970574,25,-1.266429441522032,275.2,1.0,3607.0,275.0
172,1999,9,Punjab,Ferozpur,3507.0,107.64314,-1.4108987,35.49516677856445,23.70124244689941,29.59820556640625,0.3711576732025212,86,0.5937164555009729,63,1.972707399293935,279.55,0.9983928571428572,3353.0,280.0
172,2000,9,Punjab,Ferozpur,3621.0,130.31195,-1.1989193,35.42901611328125,23.650653839111328,29.53983497619629,0.2261097349814878,81,0.2549108694813958,50,0.8645816379621568,248.36,1.0,3507.0,248.0
172,2001,9,Punjab,Ferozpur,3757.0,157.22253,-0.9472745,35.51032638549805,23.71392059326172,29.612123489379883,0.4057430016081965,90,0.8647609243166344,56,1.3760242970383625,230.03,1.0,3621.0,230.0
172,2002,9,Punjab,Ferozpur,3521.0,177.6182,-0.7565517,35.983795166015625,24.096275329589844,30.04003524780273,1.4690818864217885,88,0.7292386899088036,47,0.6088603084240543,233.67,0.9985897435897435,3757.0,234.0
172,2003,9,Punjab,Ferozpur,3701.0,401.51105,1.3371034,35.240196228027344,23.479019165039062,29.359607696533203,-0.2217458586022676,58,-1.3035948262086583,32,-0.6697463392664591,243.53,0.9980737704918032,3521.0,244.0
172,2004,9,Punjab,Ferozpur,3954.0,89.58496,-1.5797634,34.894771575927734,23.5139217376709,29.204345703125,-0.6075639897354428,78,0.0516275178696496,57,1.4612647402177297,237.96,0.9998319327731092,3701.0,238.0
172,2005,9,Punjab,Ferozpur,4051.0,246.12029,-0.11597857,36.2857551574707,23.70405006408692,29.994903564453125,1.356931956212795,99,1.4746109791518731,39,-0.0730632370108862,235.56,0.998135593220339,3954.0,236.0
172,2006,9,Punjab,Ferozpur,4034.0,361.42935,0.9622935,35.22476959228516,23.971830368041992,29.59830093383789,0.3713946564038757,80,0.1871497522774804,27,-1.0959485551632968,234.64,0.998468085106383,4051.0,235.0
172,2007,9,Punjab,Ferozpur,4156.0,393.12482,1.2586825,35.2179069519043,23.350914001464844,29.28441047668457,-0.4086071128702884,70,-0.4904614197616735,36,-0.3287845665489888,242.62,0.9984362139917695,4034.0,243.0
172,2008,9,Punjab,Ferozpur,4042.0,396.00946,1.2856572,35.07300567626953,23.3605899810791,29.216796875,-0.5766234629665997,86,0.5937164555009729,38,-0.1583036801902537,259.57,0.9983461538461538,4156.0,260.0
172,2009,9,Punjab,Ferozpur,3679.0,234.20914,-0.22736147,36.66842651367188,23.49744987487793,30.08293914794922,1.5756958890471584,106,1.9489387995792808,29,-0.9254676688045618,262.13,1.0,4042.0,262.0
172,2010,9,Punjab,Ferozpur,3698.0,184.02452,-0.6966452,35.271697998046875,23.3652286529541,29.31846237182617,-0.3239898909946606,60,-1.1680725918008277,39,-0.0730632370108862,257.8,0.9992248062015504,3679.0,258.0
172,2011,9,Punjab,Ferozpur,3459.0,391.55048,1.2439605,34.913917541503906,23.78862762451172,29.35127258300781,-0.2424581904006594,55,-1.5068781778204046,41,0.0974176493478489,243.57,0.9477431906614786,3698.0,257.0
172,2012,9,Punjab,Ferozpur,4209.0,323.36682,0.60636514,36.136993408203125,24.036340713500977,30.08666610717773,1.5849571925560832,80,0.1871497522774804,43,0.267898535706584,263.15,1.0,3459.0,182.0
172,2013,9,Punjab,Ferozpur,4186.0,324.4754,0.61673164,35.33908462524414,24.42549133300781,29.882287979125977,1.077087973061324,80,0.1871497522774804,33,-0.5845058960870916,256.47,1.0,4209.0,183.0
172,2014,9,Punjab,Ferozpur,3878.0,171.3429,-0.81523293,36.26226043701172,23.825414657592773,30.04383850097656,1.4785327764918057,95,1.2035665103362114,55,1.2907838538589946,189.19,1.0,4186.0,189.0
172,2015,9,Punjab,Ferozpur,3898.0,172.57054,-0.803753,35.39958190917969,23.383501052856445,29.39154052734375,-0.1423944034607278,81,0.2549108694813958,38,-0.1583036801902537,187.07,1.0,3878.0,187.0
172,2016,9,Punjab,Ferozpur,4230.0,186.44485,-0.6740123,36.01651763916016,24.12578582763672,30.07115173339844,1.5464047653597512,95,1.2035665103362114,59,1.631745626576465,186.59,0.997807486631016,3898.0,187.0
172,2017,9,Punjab,Ferozpur,4551.0,137.84915,-1.1284379,35.81464385986328,23.8356990814209,29.825172424316406,0.9351587337701156,108,2.0844610339871115,46,0.5236198652446866,185.19,1.0,4230.0,185.0
172,2018,9,Punjab,Ferozpur,4456.99,188.19147,-0.65767944,35.36042785644531,23.708715438842773,29.53457260131836,0.2130330019307467,79,0.119388635073565,37,-0.2435441233696213,185.643,0.9980806451612904,4551.0,186.0
172,2019,9,Punjab,Ferozpur,2693.0,204.04366,-0.50944334,35.91068649291992,24.097766876220703,30.004226684570312,1.3800994339772108,82,0.3226719866853112,27,-1.0959485551632968,190.546,1.0,4456.99,114.0
516,1990,7,Maharashtra,Gadchiroli,958.0,2090.5098,2.318235,30.83977127075196,22.7337589263916,26.786766052246094,-2.26265441976442,7,-1.819072347306057,11,-1.282392687740036,,,,141.6
516,1991,7,Maharashtra,Gadchiroli,646.0,1207.0321,-0.5457781,32.134605407714844,23.462646484375,27.79862594604492,-0.1034889549657352,17,-0.3384320646150802,22,0.760591525142366,,,958.0,141.8
516,1992,7,Maharashtra,Gadchiroli,1171.0,1593.5665,0.7072696,33.11127471923828,23.07415199279785,28.09271240234375,0.5240498218915579,32,1.8825283594213849,19,0.2034140125380746,,,646.0,132.5
516,1993,7,Maharashtra,Gadchiroli,1246.0,1210.6074,-0.5341878,32.39186477661133,24.00418472290039,28.19802474975586,0.7487714310220767,20,0.1057600201922127,12,-1.096666850205272,,,1171.0,133.8
516,1994,7,Maharashtra,Gadchiroli,1180.0,1878.5626,1.6311555,30.95722198486328,23.1669921875,27.06210708618164,-1.675115714891318,13,-0.9306881776914708,13,-0.9109410126705084,,,1246.0,136.8
516,1995,7,Maharashtra,Gadchiroli,1426.0,1391.0498,0.050761156,32.79957580566406,24.29852867126465,28.549053192138672,1.4978163280478431,21,0.2538240484613104,21,0.5748656876076023,,,1180.0,137.9
516,1996,7,Maharashtra,Gadchiroli,1125.0,1108.1068,-0.8664691,32.10078430175781,23.811111450195312,27.95594787597656,0.2322137248673406,25,0.8460801615377012,19,0.2034140125380746,,,1426.0,138.2
516,1997,7,Maharashtra,Gadchiroli,1097.0,1141.3596,-0.7586718,32.5297737121582,23.93313789367676,28.2314567565918,0.8201105907431646,21,0.2538240484613104,21,0.5748656876076023,,,1125.0,141.4
516,1998,7,Maharashtra,Gadchiroli,1126.0,1154.5782,-0.7158203,32.496864318847656,24.541372299194336,28.519119262695312,1.4339415692240962,19,-0.0423040080768849,14,-0.7252151751357445,,,1097.0,143.1
516,1999,7,Maharashtra,Gadchiroli,1383.0,1277.3774,-0.31773615,31.27875518798828,23.3220272064209,27.300392150878903,-1.1666491913886687,16,-0.4864960928841779,11,-1.282392687740036,,,1126.0,144.8
516,2000,7,Maharashtra,Gadchiroli,782.0,1384.7202,0.030242212,32.02699279785156,23.09415054321289,27.560571670532227,-0.6114630070896621,14,-0.7826241494223733,21,0.5748656876076023,,,1383.0,140.8
516,2001,7,Maharashtra,Gadchiroli,1163.0,1507.4912,0.428235,31.76777648925781,23.494966506958008,27.6313705444336,-0.4603882541408345,8,-1.6710083190369591,17,-0.168037662531453,,,782.0,145.1
516,2002,7,Maharashtra,Gadchiroli,539.0,912.3087,-1.5011975,32.494930267333984,23.484018325805664,27.98947525024414,0.3037563851581487,28,1.2902722463449945,27,1.6892207128161851,,,1163.0,144.1
516,2003,7,Maharashtra,Gadchiroli,1226.0,1599.8052,0.7274937,31.90667152404785,24.11813735961914,28.01240539550781,0.3526860621416434,20,0.1057600201922127,13,-0.9109410126705084,,,539.0,146.1
516,2004,7,Maharashtra,Gadchiroli,865.0,1014.951,-1.1684569,32.111209869384766,22.78892135620117,27.45006561279297,-0.8472672572471378,18,-0.1903680363459826,17,-0.168037662531453,,,1226.0,145.9
516,2005,7,Maharashtra,Gadchiroli,1512.0,1303.1567,-0.23416613,31.94964027404785,23.43091583251953,27.69027709960937,-0.3346900222361421,24,0.6980161332686035,15,-0.5394893376009807,,,865.0,150.7
516,2006,7,Maharashtra,Gadchiroli,1478.0,1479.3027,0.33685502,31.90741729736328,23.94715690612793,27.92728805541992,0.1710577336550543,24,0.6980161332686035,29,2.0606723878857127,,,1512.0,143.0
516,2007,7,Maharashtra,Gadchiroli,1498.0,1640.0818,0.8580604,31.989803314208984,23.223398208618164,27.60660171508789,-0.5132414221085556,18,-0.1903680363459826,24,1.1320432002118936,,,1478.0,152.5
516,2008,7,Maharashtra,Gadchiroli,844.0,1238.9757,-0.44222492,31.95411491394043,23.395000457763672,27.67455673217773,-0.3682350561488044,8,-1.6710083190369591,13,-0.9109410126705084,,,1498.0,152.8
516,2009,7,Maharashtra,Gadchiroli,760.0,966.36536,-1.3259593,33.225685119628906,23.844575881958008,28.53512954711914,1.4681052448687075,28,1.2902722463449945,24,1.1320432002118936,,,844.0,150.0
516,2010,7,Maharashtra,Gadchiroli,1488.0,1783.3071,1.322361,32.57536315917969,23.859968185424805,28.21766662597656,0.7906844083616221,24,0.6980161332686035,13,-0.9109410126705084,,,760.0,159.3
516,2011,7,Maharashtra,Gadchiroli,1206.0,1041.7073,-1.0817198,32.165225982666016,22.867582321166992,27.516403198242188,-0.705712260949832,16,-0.4864960928841779,20,0.3891398500728384,,,1488.0,155.1
516,2012,7,Maharashtra,Gadchiroli,1522.0,1624.5671,0.8077658,31.78313636779785,23.039737701416016,27.41143798828125,-0.9296931280065696,20,0.1057600201922127,27,1.6892207128161851,,,1206.0,154.3
516,2013,7,Maharashtra,Gadchiroli,1487.0,2161.608,2.5487173,30.70516395568848,23.1080379486084,26.90660095214844,-2.0069437438769158,8,-1.6710083190369591,11,-1.282392687740036,,,1522.0,156.0
516,2014,7,Maharashtra,Gadchiroli,1324.0,1177.7988,-0.640545,33.08143615722656,23.201663970947266,28.14155006408692,0.6282624636452394,29,1.438336274614092,19,0.2034140125380746,,,1487.0,155.7
516,2015,7,Maharashtra,Gadchiroli,856.0,1061.4686,-1.0176584,32.85936737060547,23.65836334228516,28.258865356445312,0.8785966544807156,20,0.1057600201922127,38,3.7322049256985874,,,1324.0,152.7
516,2016,7,Maharashtra,Gadchiroli,1860.0,1694.7126,1.03516,32.08184051513672,23.256908416748047,27.669374465942383,-0.3792932771073874,20,0.1057600201922127,21,0.5748656876076023,,,856.0,153.4
516,2017,7,Maharashtra,Gadchiroli,1240.0,1060.2617,-1.0215709,32.2295036315918,23.47993850708008,27.854721069335938,0.0162100801436387,18,-0.1903680363459826,10,-1.4681185252748,,,1860.0,151.8
516,2018,7,Maharashtra,Gadchiroli,1798.0,1368.3933,-0.022685517,31.888002395629883,23.01494789123535,27.451475143432617,-0.8442595188266746,16,-0.4864960928841779,39,3.9179307632333513,,,1240.0,154.16
516,2019,7,Maharashtra,Gadchiroli,1731.0,1863.4889,1.5822902,32.37164306640625,24.14573097229004,28.258686065673828,0.8782140734096417,28,1.2902722463449945,15,-0.5394893376009807,,,1798.0,180.4
720,1995,8,Orissa,Gajapati,1481.0,1161.8223,0.704522,32.22496795654297,24.425752639770508,28.325359344482425,-0.6900510244948984,19,0.6319205608588727,19,1.2082685548720165,19.78,0.4974849094567405,,39.76
720,1996,8,Orissa,Gajapati,1159.0,802.3113,-1.2231479,31.9362735748291,24.54274559020996,28.23950958251953,-0.9665924454570058,7,-1.0301170786603542,8,-0.7435498799212408,16.53,0.4363780359028511,1481.0,37.88
720,1997,8,Orissa,Gajapati,1357.0,833.5305,-1.0557528,32.69771194458008,24.57183074951172,28.6347713470459,0.3066347308903863,16,0.216411150979066,19,1.2082685548720165,19.77,0.5011406844106463,1159.0,39.45
720,1998,8,Orissa,Gajapati,1796.0,907.43713,-0.6594712,32.4658203125,25.523658752441406,28.994739532470703,1.4661733390644254,14,-0.0605951222741384,5,-1.27586399850122,21.34,0.5137217140105922,1357.0,41.54
720,1999,8,Orissa,Gajapati,1621.0,883.1436,-0.7897312,31.90411758422852,24.932680130004883,28.418399810791016,-0.3903467251274127,8,-0.8916139420337519,7,-0.9209879194479004,21.72,0.6102837875807811,1796.0,35.59
720,2000,8,Orissa,Gajapati,1781.0,864.8175,-0.88799435,32.4863395690918,24.577777862548828,28.532058715820312,-0.0242257903322271,6,-1.1686202152869565,13,0.143640317712058,22.21,0.612858719646799,1621.0,36.24
720,2001,8,Orissa,Gajapati,1937.0,1058.6826,0.15149523,32.08039474487305,24.327646255493164,28.204021453857425,-1.0809077015872046,3,-1.5841296251667631,10,-0.3886738008679212,17.11,0.41701194248111134,1781.0,41.03
720,2002,8,Orissa,Gajapati,1029.0,740.3749,-1.555246,32.80313491821289,24.168432235717773,28.485782623291016,-0.1732915080701159,24,1.324436243991884,13,0.143640317712058,13.9,0.41880084362759873,1937.0,33.19
720,2003,8,Orissa,Gajapati,1596.0,1244.0391,1.145362,32.14280700683594,24.971569061279297,28.557188034057617,0.0567214040951359,16,0.216411150979066,13,0.143640317712058,20.02,0.49261811023622043,1029.0,40.64
720,2004,8,Orissa,Gajapati,1749.0,836.60175,-1.0392851,32.311241149902344,24.24274635314941,28.27699279785156,-0.8458505657692343,16,0.216411150979066,22,1.7405826734519958,20.69,0.5752015568529331,1596.0,35.97
720,2005,8,Orissa,Gajapati,1422.0,1088.073,0.30908418,32.467647552490234,25.1668643951416,28.817256927490234,0.89446189042268,25,1.4629393806184865,8,-0.7435498799212408,15.56,0.46350908549299974,1749.0,33.57
720,2006,8,Orissa,Gajapati,1791.0,1156.9628,0.6784657,32.12111282348633,23.852680206298828,27.98689651489257,-1.7803160374379532,17,0.3549142876056682,22,1.7405826734519958,20.35,0.5277489626556017,1422.0,38.56
720,2007,8,Orissa,Gajapati,1883.0,1204.2623,0.9320823,32.301631927490234,24.91058921813965,28.606109619140625,0.2143088492463646,14,-0.0605951222741384,12,-0.0337977218146017,20.21,0.5071518193224592,1791.0,39.85
720,2008,8,Orissa,Gajapati,1209.0,1034.1791,0.020109171,32.20967483520508,24.74901962280273,28.479347229003903,-0.1940213626430247,4,-1.4456264885401608,11,-0.2112357613412614,19.87,0.5510260676650027,1883.0,36.06
720,2009,8,Orissa,Gajapati,1475.0,898.0569,-0.7097674,33.252159118652344,24.946273803710938,29.09921646118164,1.8027170598957911,26,1.6014425172450883,23,1.9180207129786555,19.81,0.5956103427540589,1209.0,33.26
720,2010,8,Orissa,Gajapati,1982.0,1030.0327,-0.0021233002,32.788692474365234,25.16254997253418,28.97562026977539,1.404585887304282,16,0.216411150979066,7,-0.9209879194479004,20.51,0.5338365434669443,1475.0,38.42
720,2011,8,Orissa,Gajapati,1031.0,764.4854,-1.4259672,32.73902130126953,24.312156677246094,28.52558898925781,-0.0450662368975225,14,-0.0605951222741384,17,0.853392475818697,19.79,0.5380641653072321,1982.0,36.78
720,2012,8,Orissa,Gajapati,2051.0,892.12775,-0.74155897,32.420066833496094,24.44241714477539,28.431241989135746,-0.3489791759752619,18,0.4934174242322705,17,0.853392475818697,20.77,0.6226019184652278,1031.0,33.36
720,2013,8,Orissa,Gajapati,891.0,1406.2054,2.0148854,32.139347076416016,24.403139114379883,28.271244049072266,-0.8643685804943897,13,-0.1990982589007407,9,-0.566111840394581,21.51,0.5657548658600736,2051.0,38.02
720,2014,8,Orissa,Gajapati,1487.0,1494.1119,2.4862332,32.8079719543457,24.164857864379883,28.48641586303711,-0.1712517002105421,24,1.324436243991884,19,1.2082685548720165,22.56,0.6033698849959882,891.0,37.39
720,2015,8,Orissa,Gajapati,975.0,900.11487,-0.6987327,33.047149658203125,25.123123168945312,29.08513641357422,1.7573620550181597,17,0.3549142876056682,13,0.143640317712058,24.59,0.6640561706724277,1487.0,37.03
720,2016,8,Orissa,Gajapati,2484.0,1010.236,-0.10827161,32.59626007080078,24.621477127075195,28.608867645263672,0.2231930726347492,13,-0.1990982589007407,20,1.3857065943986764,24.92,0.5901018233483306,975.0,42.23
720,2017,8,Orissa,Gajapati,2089.0,1247.5594,1.1642381,32.749298095703125,24.779766082763672,28.7645320892334,0.7246233101148546,10,-0.6146076687805474,10,-0.3886738008679212,26.05,0.6789158196507689,2484.0,38.37
720,2018,8,Orissa,Gajapati,1175.0,1461.1335,2.3094058,32.632171630859375,24.364187240600582,28.498180389404297,-0.1333555108194244,14,-0.0605951222741384,16,0.6759544362920372,34.225,0.8376162506118454,2089.0,40.86
720,2019,8,Orissa,Gajapati,2517.0,1311.2188,1.5055742,32.36061477661133,24.945890426635746,28.65325164794922,0.3661639427922247,20,0.770423697485475,13,0.143640317712058,24.034,0.7742912371134021,1175.0,31.04
705,1990,8,Orissa,Ganjam,1533.0,1062.2048,0.07349991,31.97718811035156,23.779281616210938,27.87823486328125,-0.583956506534505,12,-0.4730771132330813,7,-1.1643068720492635,205.16,0.648911943319838,,316.16
705,1991,8,Orissa,Ganjam,2275.0,1213.0757,1.0520214,31.97686195373535,23.431241989135746,27.704051971435547,-1.0326471214393258,8,-1.1140202989037076,14,0.2501816419279407,207.46,0.6639569864942714,1533.0,312.46
705,1992,8,Orissa,Ganjam,2004.0,1147.5516,0.6270441,32.501373291015625,23.56797409057617,28.0346736907959,-0.1809741414540372,19,0.6485734616905147,14,0.2501816419279407,203.9,0.6390447237283355,2275.0,319.07
705,1993,8,Orissa,Ganjam,1951.0,959.5994,-0.59198046,32.202613830566406,23.472808837890625,27.83771133422852,-0.6883440670814377,13,-0.3128413168154247,12,-0.1539579334941176,174.34,0.5290244272492793,2004.0,329.55
705,1994,8,Orissa,Ganjam,1885.0,1080.7144,0.19354936,31.449085235595703,23.11346244812012,27.2812728881836,-2.121715082265535,10,-0.7935487060683944,8,-0.9622370843382344,208.95,0.6241225843065802,1951.0,334.79
705,1995,8,Orissa,Ganjam,1535.0,1160.0005,0.7077851,32.167579650878906,23.849411010742188,28.008495330810547,-0.2484089182829356,20,0.8088092581081712,18,1.0584607927720575,195.46,0.6868608778156517,1885.0,284.57
705,1996,8,Orissa,Ganjam,865.0,776.8881,-1.7770134,32.18124008178711,24.075815200805664,28.128528594970703,0.0607936591594131,11,-0.6333129096507379,10,-0.558097508916176,180.14,0.701179401346775,1535.0,256.91
705,1997,8,Orissa,Ganjam,1498.0,980.31335,-0.45763364,32.567779541015625,23.962549209594727,28.26516342163086,0.4127614313207952,17,0.3281018688552015,21,1.6646701559051449,161.41,0.5994800371402043,865.0,269.25
705,1998,8,Orissa,Ganjam,1740.0,992.70416,-0.37726906,32.49150085449219,24.997255325317383,28.74437713623047,1.6472035398201337,14,-0.1526055203977681,5,-1.568446447471322,178.23,0.6589153018595881,1498.0,270.49
705,1999,8,Orissa,Ganjam,757.0,1056.01,0.033321384,31.78764915466309,24.397645950317383,28.092647552490234,-0.0316349763018063,9,-0.9537845024860512,9,-0.7601672966272052,186.15,0.6874584533569689,1740.0,270.78
705,2000,8,Orissa,Ganjam,1210.0,854.8199,-1.271562,32.453006744384766,23.86490249633789,28.158954620361328,0.1391703119808767,6,-1.4344918917390208,14,0.2501816419279407,211.1,0.7612144814654551,757.0,277.32
705,2001,8,Orissa,Ganjam,2158.0,1072.0044,0.13705811,32.00346755981445,23.50542449951172,27.75444602966309,-0.902833333563446,5,-1.5947276881566772,9,-0.7601672966272052,205.67,0.7093781257544924,1210.0,289.93
705,2002,8,Orissa,Ganjam,866.0,802.85034,-1.6086271,32.75777816772461,23.4520263671875,28.10490226745605,-6.714816879747542e-05,26,1.7702240366141109,13,0.0481118542169115,143.18,0.5636120296016376,2158.0,254.04
705,2003,8,Orissa,Ganjam,1528.0,1340.56,1.8788623,32.121177673339844,24.132156372070312,28.12666702270508,0.0559982972515895,18,0.4883376652728581,14,0.2501816419279407,203.78,0.705121107266436,866.0,289.0
705,2004,8,Orissa,Ganjam,1477.0,767.4185,-1.8384316,32.248565673828125,23.7111759185791,27.979869842529297,-0.3221474341771511,19,0.6485734616905147,15,0.4522514296389699,206.26,0.7943158624407901,1528.0,259.67
705,2005,8,Orissa,Ganjam,1391.0,1111.3516,0.39225683,32.443660736083984,24.52111053466797,28.482385635375977,0.9723202239410326,24,1.4497524437787974,8,-0.9622370843382344,206.06,0.8321621839916,1477.0,247.62
705,2006,8,Orissa,Ganjam,2109.0,1270.7336,1.4259806,32.03731918334961,23.00104713439941,27.519184112548828,-1.508861934507752,17,0.3281018688552015,22,1.8667399436161745,210.64,0.7661307921728376,1391.0,274.94
705,2007,8,Orissa,Ganjam,2280.0,1168.5144,0.76300484,32.24503326416016,24.404050827026367,28.32454299926757,0.5657216843070987,17,0.3281018688552015,12,-0.1539579334941176,205.88,0.7559112938757526,2109.0,272.36
705,2008,8,Orissa,Ganjam,1720.0,1104.113,0.34530905,32.18104553222656,24.24901962280273,28.21503257751465,0.2836256761736959,6,-1.4344918917390208,11,-0.3560277212051468,197.08,0.7143685660432072,2280.0,275.88
705,2009,8,Orissa,Ganjam,2053.0,1054.4714,0.023342466,33.134185791015625,24.4085636138916,28.771373748779297,1.716746114044995,24,1.4497524437787974,23,2.068809731327203,184.21,0.6619353911387401,1720.0,278.29
705,2010,8,Orissa,Ganjam,1602.0,1092.4216,0.26948068,32.88182830810547,24.700130462646484,28.790979385375977,1.7672497257771809,19,0.6485734616905147,9,-0.7601672966272052,192.58,0.7032573765702601,2053.0,273.84
705,2011,8,Orissa,Ganjam,594.0,775.8098,-1.7840072,32.619606018066406,23.74340057373047,28.18150329589844,0.1972551157456391,16,0.1678660724375449,15,0.4522514296389699,114.89,0.4391819571865443,1602.0,261.6
705,2012,8,Orissa,Ganjam,1787.0,888.79144,-1.0512284,32.36614227294922,23.96424865722656,28.16519546508789,0.1552465662456604,18,0.4883376652728581,17,0.8563910050610283,116.4,0.4548118626186848,594.0,255.93
705,2013,8,Orissa,Ganjam,367.0,1736.279,4.445425,32.02450942993164,23.877647399902344,27.951078414916992,-0.3963134054873312,13,-0.3128413168154247,8,-0.9622370843382344,117.65,0.4671245930278726,1787.0,251.86
705,2014,8,Orissa,Ganjam,2710.0,1210.8501,1.0375866,32.67880630493164,23.57404136657715,28.12642288208008,0.0553693973292507,22,1.1292808509434844,14,0.2501816419279407,230.11,0.8698495501625463,367.0,264.54
705,2015,8,Orissa,Ganjam,1923.0,913.0326,-0.89400464,32.99547576904297,24.62565803527832,28.810565948486328,1.817704204702934,13,-0.3128413168154247,12,-0.1539579334941176,178.36,0.7369334380035534,2710.0,242.03
705,2016,8,Orissa,Ganjam,2851.0,898.1526,-0.99051374,32.544342041015625,24.11647605895996,28.33041000366211,0.5808349355658194,18,0.4883376652728581,20,1.4626003681941158,171.39,0.7033115843900036,1923.0,243.69
705,2017,8,Orissa,Ganjam,1575.0,1157.9404,0.6944239,32.741512298583984,24.29851531982422,28.5200138092041,1.0692494244714883,13,-0.3128413168154247,9,-0.7601672966272052,183.1,0.8937374920681407,2851.0,204.87
705,2018,8,Orissa,Ganjam,1752.0,1221.1853,1.1046189,32.58210754394531,23.832876205444336,28.20749282836914,0.2642034777908445,16,0.1678660724375449,19,1.2605305804830866,168.692,0.6766897990292431,1575.0,249.29
705,2019,8,Orissa,Ganjam,2580.0,1372.0743,2.0832584,32.37446975708008,24.13746833801269,28.255970001220703,0.3890794186202276,22,1.1292808509434844,6,-1.3663766597602929,203.576,0.7232600277116565,1752.0,281.47
1072,1999,7,Maharashtra,Gondia,1298.0,1236.2437,0.034653336,31.12496757507324,22.96731948852539,27.046142578125,-1.2941607904464385,19,-0.2308672684880603,12,-1.3034430524174545,,,,190.2
1072,2000,7,Maharashtra,Gondia,871.0,1074.8362,-0.5759105,32.01823425292969,22.45555305480957,27.236892700195312,-0.8012282095307851,16,-0.6086500714685231,33,1.7060772937401238,,,1298.0,183.4
1072,2001,7,Maharashtra,Gondia,1313.0,1346.664,0.4523455,31.467124938964844,23.395294189453125,27.431209564208984,-0.2990785267201608,8,-1.6160708794164236,20,-0.1569591110240913,,,871.0,181.2
1072,2002,7,Maharashtra,Gondia,1008.0,1061.2448,-0.62732345,32.62882232666016,22.622875213623047,27.6258487701416,0.203904145513057,35,1.7839743474077407,33,1.7060772937401238,,,1313.0,172.6
1072,2003,7,Maharashtra,Gondia,1511.0,1425.3682,0.7500638,31.70058822631836,23.610849380493164,27.65571975708008,0.2810961416505756,22,0.1469155344924023,21,-0.0136486183499209,,,1008.0,176.6
1072,2004,7,Maharashtra,Gondia,613.0,938.41003,-1.0919763,32.11921691894531,22.106470108032227,27.112842559814453,-1.1217960560789837,15,-0.7345776724620107,18,-0.4435800963724321,,,1511.0,163.8
1072,2005,7,Maharashtra,Gondia,1524.0,1463.4387,0.8940751,31.94293785095215,23.30425071716309,27.623594284057617,0.1980781484863961,24,0.3987707364793774,21,-0.0136486183499209,,,613.0,188.5
1072,2006,7,Maharashtra,Gondia,1166.0,1130.5483,-0.3651654,31.857057571411133,23.660131454467773,27.758594512939453,0.5469429907453055,27,0.7765535394598402,25,0.5595933523467607,,,1524.0,197.7
1072,2007,7,Maharashtra,Gondia,1678.0,1183.5818,-0.16455324,32.114315032958984,22.74071884155273,27.42751693725586,-0.308620938093778,21,0.0209879334989147,24,0.4162828596725902,,,1166.0,204.9
1072,2008,7,Maharashtra,Gondia,717.0,1144.3499,-0.31295776,31.625293731689453,22.806468963623047,27.21588134765625,-0.8555253188757058,9,-1.490143278422936,26,0.7029038450209311,,,1678.0,186.9
1072,2009,7,Maharashtra,Gondia,1091.0,1008.8342,-0.8255793,33.17326736450195,23.42588424682617,28.299575805664062,1.9449358305691864,28,0.9024811404533276,24,0.4162828596725902,,,717.0,183.1
1072,2010,7,Maharashtra,Gondia,1750.0,1431.1421,0.77190506,32.714637756347656,23.54438018798828,28.12950897216797,1.5054525827813767,26,0.6506259384663526,13,-1.160132559743284,,,1091.0,189.2
1072,2011,7,Maharashtra,Gondia,1734.0,1188.2795,-0.14678282,31.82235145568848,22.602025985717773,27.212188720703125,-0.865067730249323,16,-0.6086500714685231,23,0.2729723669984198,,,1750.0,180.5
1072,2012,7,Maharashtra,Gondia,1909.0,1294.8806,0.25646222,31.813400268554688,22.825424194335938,27.319412231445312,-0.5879829173468116,25,0.524698337472865,28,0.989524830369272,,,1734.0,186.4
1072,2013,7,Maharashtra,Gondia,1614.0,1915.805,2.605263,30.63692855834961,22.99581718444824,26.81637191772461,-1.8879294518793743,9,-1.490143278422936,14,-1.0168220670691137,,,1909.0,201.5
1072,2014,7,Maharashtra,Gondia,2008.0,1068.984,-0.5980478,33.09674453735352,23.2066650390625,28.151704788208008,1.562810558584467,31,1.2802639434337904,20,-0.1569591110240913,,,1614.0,187.6
1072,2015,7,Maharashtra,Gondia,1588.0,1126.5166,-0.38041648,32.82130813598633,23.08659553527832,27.95395278930664,1.0517838701520017,21,0.0209879334989147,38,2.422629757110976,,,2008.0,182.5
1072,2016,7,Maharashtra,Gondia,2438.0,1302.0962,0.2837569,32.31144714355469,23.093101501464844,27.70227432250977,0.4014015015716746,22,0.1469155344924023,22,0.1296618743242494,,,1588.0,209.3
1072,2017,7,Maharashtra,Gondia,1605.0,849.9597,-1.4265616,32.445343017578125,23.31588363647461,27.880613327026367,0.8622615252517158,23,0.2728431354858899,18,-0.4435800963724321,,,2438.0,143.01
1072,2018,7,Maharashtra,Gondia,2570.0,1076.9172,-0.5680384,32.06390380859375,22.411317825317383,27.23760986328125,-0.7993749312888015,24,0.3987707364793774,39,2.5659402497851462,,,1605.0,152.05
1072,2019,7,Maharashtra,Gondia,2123.0,1288.8162,0.23352191,32.252445220947266,23.705968856811523,27.97920608520508,1.1170429231410042,31,1.2802639434337904,19,-0.3002696036982617,,,2570.0,192.83
165,1990,9,Punjab,Gurdaspur,2549.0,713.38586,0.08544359,33.609344482421875,22.6522216796875,28.130783081054688,-0.3807189386122102,35,-0.6831327836005731,30,-0.2985804520282348,173.1,1.0,,173.0
165,1991,9,Punjab,Gurdaspur,2674.0,573.2569,-0.6232315,34.567710876464844,22.51686286926269,28.542285919189453,0.8171745695275918,55,1.2296390104810306,45,1.0077090255952916,162.6,0.9291428571428572,2549.0,175.0
165,1992,9,Punjab,Gurdaspur,2604.0,689.1364,-0.0371933,33.7666015625,22.31235313415528,28.03947830200196,-0.6465090910815495,37,-0.4918556041924127,50,1.4431388514698005,166.3,0.9137362637362638,2674.0,182.0
165,1993,9,Punjab,Gurdaspur,2659.0,840.9189,0.7304171,34.34810256958008,22.265033721923828,28.30656814575196,0.1309951209633215,53,1.0383618310728704,33,-0.0373225565035295,172.7,0.9335135135135134,2604.0,185.0
165,1994,9,Punjab,Gurdaspur,2689.0,872.706,0.89117426,33.704833984375,22.19248580932617,27.948659896850582,-0.9108833987863558,33,-0.8744099630087334,48,1.268966921119997,174.8,0.92,2659.0,190.0
165,1995,9,Punjab,Gurdaspur,2471.0,1233.7031,2.7168472,34.23235321044922,22.90725517272949,28.569805145263672,0.8972836215398705,38,-0.3962170144883325,49,1.3560528862948986,190.0,0.9947643979057592,2689.0,191.0
165,1996,9,Punjab,Gurdaspur,2758.0,828.896,0.66961366,33.11522674560547,22.0950984954834,27.60516357421875,-1.910808494845624,26,-1.5438800909372947,27,-0.55983834755294,170.0,0.9139784946236559,2471.0,186.0
165,1997,9,Punjab,Gurdaspur,2813.0,735.6174,0.19787513,32.75529479980469,22.246994018554688,27.501144409179688,-2.2136104951604025,33,-0.8744099630087334,10,-2.04029975552627,164.9,0.906043956043956,2758.0,182.0
165,1998,9,Punjab,Gurdaspur,2786.0,722.34064,0.13073061,34.12803649902344,23.296274185180664,28.71215438842773,1.3116652939671112,53,1.0383618310728704,18,-1.343612034127056,170.3,0.9106951871657755,2813.0,187.0
165,1999,9,Punjab,Gurdaspur,2833.0,559.5934,-0.692332,34.06045913696289,22.72973823547364,28.39509963989257,0.38871218210843,40,-0.2049398350801721,31,-0.211494486853333,182.0,0.9191919191919192,2786.0,198.0
165,2000,9,Punjab,Gurdaspur,2979.0,612.55444,-0.42449176,33.63836669921875,22.730260848999023,28.184314727783203,-0.2248871771915966,33,-0.8744099630087334,35,0.136849373846274,176.12,0.9220942408376963,2833.0,191.0
165,2001,9,Punjab,Gurdaspur,2943.0,800.76733,0.5273584,34.19392013549805,23.08555603027344,28.639738082885746,1.1008598893545605,41,-0.1093012453760919,46,1.0947949907701937,179.53,0.9254123711340206,2979.0,194.0
165,2002,9,Punjab,Gurdaspur,2894.0,371.06372,-1.6457843,34.086143493652344,22.86143684387207,28.47378921508789,0.617779208017684,58,1.5165547795932712,44,0.92062306042039,177.25,0.9378306878306878,2943.0,189.0
165,2003,9,Punjab,Gurdaspur,3041.0,565.31433,-0.66339946,34.015228271484375,22.6364688873291,28.325847625732425,0.187118096964161,35,-0.6831327836005731,35,0.136849373846274,180.24,0.9338860103626944,2894.0,193.0
165,2004,9,Punjab,Gurdaspur,3173.0,476.1241,-1.1144617,33.31536102294922,22.56731986999512,27.941341400146484,-0.932187698243728,50,0.7514460619606298,19,-1.2565260689521542,191.23,0.9466831683168316,3041.0,202.0
165,2005,9,Punjab,Gurdaspur,3105.0,598.34314,-0.49636266,34.45457458496094,22.6650333404541,28.559803009033203,0.8681671903815402,49,0.6558074722565496,35,0.136849373846274,178.0,0.9368421052631579,3173.0,190.0
165,2006,9,Punjab,Gurdaspur,3164.0,802.8894,0.5380904,33.63117599487305,22.916404724121094,28.27379035949707,0.0355782884965099,39,-0.3005784247842523,23,-0.9081822082525473,189.44,0.9424875621890547,3105.0,201.0
165,2007,9,Punjab,Gurdaspur,3230.0,617.2257,-0.40086773,33.90078353881836,22.73392105102539,28.317352294921875,0.1623880084097641,35,-0.6831327836005731,38,0.3981072693709793,180.44,0.9447120418848167,3164.0,191.0
165,2008,9,Punjab,Gurdaspur,3299.0,995.44775,1.5119169,33.616668701171875,22.35496711730957,27.985816955566406,-0.8027184111060572,33,-0.8744099630087334,17,-1.4306979993019575,188.27,0.9366666666666668,3230.0,201.0
165,2009,9,Punjab,Gurdaspur,3137.0,435.7375,-1.3187093,35.1871223449707,22.465227127075195,28.826175689697266,1.6435837254402306,67,2.377302086929993,39,0.4851932345458811,192.45,0.9433823529411764,3299.0,204.0
165,2010,9,Punjab,Gurdaspur,3456.0,581.2847,-0.58263224,33.90516662597656,22.5224838256836,28.21382522583008,-0.1389814901432099,42,-0.0136626556720117,30,-0.2985804520282348,192.9,0.9455882352941177,3137.0,204.0
165,2011,9,Punjab,Gurdaspur,3722.0,981.49536,1.4413553,33.67751693725586,22.855621337890625,28.26656913757324,0.01455715799203,36,-0.5874941938964928,14,-1.691955894826663,169.98,0.97471185274385,3456.0,174.39
165,2012,9,Punjab,Gurdaspur,3115.0,855.79895,0.80567014,34.884971618652344,23.121112823486328,29.003042221069336,2.158445957492253,55,1.2296390104810306,43,0.8335370952454881,170.46,0.9796551724137932,3722.0,174.0
165,2013,9,Punjab,Gurdaspur,2931.0,1049.3723,1.78463,33.8707160949707,23.533790588378903,28.702253341674805,1.2828431364265245,40,-0.2049398350801721,19,-1.2565260689521542,169.11,0.9775144508670521,3115.0,173.0
165,2014,9,Punjab,Gurdaspur,2613.0,549.172,-0.7450362,34.69789123535156,22.82567024230957,28.76177978515625,1.4561258786119418,57,1.420916189889191,22,-0.9952681734274488,169.49,0.9797109826589596,2931.0,173.0
165,2015,9,Punjab,Gurdaspur,2857.0,752.86755,0.2851146,33.943328857421875,22.26223945617676,28.102783203125,-0.4622271783918227,46,0.368891703144309,21,-1.0823541386023507,172.66,0.9866285714285714,2613.0,175.0
165,2016,9,Punjab,Gurdaspur,3183.0,647.194,-0.24930908,34.70289993286133,22.95045661926269,28.826679229736328,1.6450495411964852,53,1.0383618310728704,32,-0.1244085216784312,172.57,0.9861142857142857,2857.0,175.0
165,2017,9,Punjab,Gurdaspur,3653.0,715.38086,0.095532894,34.46135330200195,22.84611320495605,28.653732299804688,1.141597352247126,41,-0.1093012453760919,51,1.5302248166447023,165.49,0.9402840909090909,3183.0,176.0
165,2018,9,Punjab,Gurdaspur,3674.0,903.4277,1.0465431,34.02374649047852,22.801891326904297,28.412818908691406,0.4402933501978546,41,-0.1093012453760919,20,-1.1694401037772524,168.891,0.9819244186046511,3653.0,172.0
165,2019,9,Punjab,Gurdaspur,3661.0,617.1806,-0.40109587,34.44004440307617,23.0070743560791,28.72356033325196,1.3448682417792628,66,2.281663497225913,27,-0.55983834755294,170.573,0.9803045977011494,3674.0,174.0
169,1990,9,Punjab,Hoshiarpur,2862.0,993.27673,0.89673704,33.609344482421875,22.6522216796875,28.130783081054688,-0.3807189386122102,35,-0.6831327836005731,35,0.1730969289631661,63.1,0.9707692307692308,,65.0
169,1991,9,Punjab,Hoshiarpur,2983.0,836.234,0.16807021,34.567710876464844,22.51686286926269,28.542285919189453,0.8171745695275918,55,1.2296390104810306,45,1.038581573778997,56.3,0.9706896551724138,2862.0,58.0
169,1992,9,Punjab,Hoshiarpur,2893.0,697.71313,-0.47465658,33.7666015625,22.31235313415528,28.03947830200196,-0.6465090910815495,37,-0.4918556041924127,50,1.4713238961869124,54.4,0.9714285714285714,2983.0,56.0
169,1993,9,Punjab,Hoshiarpur,3038.0,955.7738,0.72272617,34.34810256958008,22.265033721923828,28.30656814575196,0.1309951209633215,53,1.0383618310728704,35,0.1730969289631661,51.4,0.969811320754717,2893.0,53.0
169,1994,9,Punjab,Hoshiarpur,3017.0,1026.318,1.0500461,33.704833984375,22.19248580932617,27.948659896850582,-0.9108833987863558,33,-0.8744099630087334,49,1.3847754317053294,56.8,0.9793103448275862,3038.0,58.0
169,1995,9,Punjab,Hoshiarpur,2930.0,1263.7693,2.1518028,34.23235321044922,22.90725517272949,28.569805145263672,0.8972836215398705,38,-0.3962170144883325,56,1.990614683076411,51.4,0.9017543859649123,3017.0,57.0
169,1996,9,Punjab,Hoshiarpur,3000.0,850.7998,0.23565444,33.11522674560547,22.0950984954834,27.60516357421875,-1.910808494845624,26,-1.5438800909372947,26,-0.6058392513710816,50.6,0.9730769230769231,2930.0,52.0
169,1997,9,Punjab,Hoshiarpur,3018.0,810.68396,0.04951984,32.75529479980469,22.246994018554688,27.501144409179688,-2.2136104951604025,33,-0.8744099630087334,17,-1.3847754317053294,55.2,0.9857142857142858,3000.0,56.0
169,1998,9,Punjab,Hoshiarpur,2914.0,997.6166,0.91687363,34.12803649902344,23.296274185180664,28.71215438842773,1.3116652939671112,53,1.0383618310728704,20,-1.1251300382605802,57.1,0.9844827586206897,3018.0,58.0
169,1999,9,Punjab,Hoshiarpur,2918.0,637.2469,-0.7552156,34.06045913696289,22.72973823547364,28.39509963989257,0.38871218210843,40,-0.2049398350801721,31,-0.1730969289631661,60.83,0.9972131147540984,2914.0,61.0
169,2000,9,Punjab,Hoshiarpur,3048.0,543.66406,-1.1894331,33.63836669921875,22.730260848999023,28.184314727783203,-0.2248871771915966,33,-0.8744099630087334,35,0.1730969289631661,61.97,0.9836507936507937,2918.0,63.0
169,2001,9,Punjab,Hoshiarpur,2850.0,725.14014,-0.3473973,34.19392013549805,23.08555603027344,28.639738082885746,1.1008598893545605,41,-0.1093012453760919,46,1.1251300382605802,58.87,0.9811666666666666,3048.0,60.0
169,2002,9,Punjab,Hoshiarpur,2839.0,563.36456,-1.0980242,34.086143493652344,22.86143684387207,28.47378921508789,0.617779208017684,58,1.5165547795932712,24,-0.7789361803342478,54.12,0.9664285714285714,2850.0,56.0
169,2003,9,Punjab,Hoshiarpur,3086.0,697.8131,-0.4741927,34.015228271484375,22.6364688873291,28.325847625732425,0.187118096964161,35,-0.6831327836005731,35,0.1730969289631661,57.42,0.99,2839.0,58.0
169,2004,9,Punjab,Hoshiarpur,2948.0,461.0374,-1.5728147,33.31536102294922,22.56731986999512,27.941341400146484,-0.932187698243728,50,0.7514460619606298,20,-1.1251300382605802,58.01,1.0,3086.0,58.0
169,2005,9,Punjab,Hoshiarpur,2984.0,572.09503,-1.0575155,34.45457458496094,22.6650333404541,28.559803009033203,0.8681671903815402,49,0.6558074722565496,38,0.4327423224079154,60.59,0.9932786885245902,2948.0,61.0
169,2006,9,Punjab,Hoshiarpur,2804.0,829.90344,0.13869685,33.63117599487305,22.916404724121094,28.27379035949707,0.0355782884965099,39,-0.3005784247842523,23,-0.8654846448158309,56.06,1.0,2984.0,56.0
169,2007,9,Punjab,Hoshiarpur,3304.0,726.6108,-0.3405736,33.90078353881836,22.73392105102539,28.317352294921875,0.1623880084097641,35,-0.6831327836005731,38,0.4327423224079154,55.47,0.9905357142857143,2804.0,56.0
169,2008,9,Punjab,Hoshiarpur,3483.0,1227.1201,1.9817533,33.616668701171875,22.35496711730957,27.985816955566406,-0.8027184111060572,33,-0.8744099630087334,15,-1.5578723606684957,60.05,1.0,3304.0,60.0
169,2009,9,Punjab,Hoshiarpur,3543.0,739.11646,-0.2825482,35.1871223449707,22.465227127075195,28.826175689697266,1.6435837254402306,67,2.377302086929993,26,-0.6058392513710816,70.2,1.0,3483.0,70.0
169,2010,9,Punjab,Hoshiarpur,3575.0,644.9425,-0.71950847,33.90516662597656,22.5224838256836,28.21382522583008,-0.1389814901432099,42,-0.0136626556720117,29,-0.3461938579263323,72.2,0.989041095890411,3543.0,73.0
169,2011,9,Punjab,Hoshiarpur,3635.0,744.9161,-0.25563836,33.67751693725586,22.855621337890625,28.26656913757324,0.01455715799203,36,-0.5874941938964928,21,-1.038581573778997,73.98,0.9997297297297297,3575.0,74.0
169,2012,9,Punjab,Hoshiarpur,3600.0,551.3275,-1.1538752,34.884971618652344,23.121112823486328,29.003042221069336,2.158445957492253,55,1.2296390104810306,42,0.7789361803342478,69.92,0.9988571428571429,3635.0,70.0
169,2013,9,Punjab,Hoshiarpur,3600.0,693.8424,-0.49261647,33.8707160949707,23.533790588378903,28.702253341674805,1.2828431364265245,40,-0.2049398350801721,19,-1.2116785027421633,70.17,1.0,3600.0,70.0
169,2014,9,Punjab,Hoshiarpur,3437.0,406.06998,-1.8278596,34.69789123535156,22.82567024230957,28.76177978515625,1.4561258786119418,57,1.420916189889191,23,-0.8654846448158309,71.11,1.0,3600.0,71.0
169,2015,9,Punjab,Hoshiarpur,3542.0,626.3183,-0.80592346,33.943328857421875,22.26223945617676,28.102783203125,-0.4622271783918227,46,0.368891703144309,30,-0.2596453934447492,68.98,0.9580555555555557,3437.0,72.0
169,2016,9,Punjab,Hoshiarpur,3878.0,475.26688,-1.5067911,34.70289993286133,22.95045661926269,28.826679229736328,1.6450495411964852,53,1.0383618310728704,41,0.6923877158526647,72.67,0.982027027027027,3542.0,74.0
169,2017,9,Punjab,Hoshiarpur,3893.0,509.1429,-1.3496087,34.46135330200195,22.84611320495605,28.653732299804688,1.141597352247126,41,-0.1093012453760919,38,0.4327423224079154,74.7,0.996,3878.0,75.0
169,2018,9,Punjab,Hoshiarpur,3720.0,857.4838,0.2666678,34.02374649047852,22.801891326904297,28.412818908691406,0.4402933501978546,41,-0.1093012453760919,20,-1.1251300382605802,75.403,1.0,3893.0,75.0
169,2019,9,Punjab,Hoshiarpur,4000.0,549.4193,-1.1627291,34.44004440307617,23.0070743560791,28.72356033325196,1.3448682417792628,66,2.281663497225913,29,-0.3461938579263323,78.129,1.0,3720.0,78.0
716,1995,8,Orissa,Jagatsinghapur,1240.0,1232.5541,-0.74141103,31.901762008666992,24.70274543762207,28.30225372314453,-1.1894931078389048,8,-0.643124809349522,10,-0.8173143042983454,41.64,0.3752365504190322,,110.97
716,1996,8,Orissa,Jagatsinghapur,1163.0,710.9735,-2.124179,32.133270263671875,24.726993560791016,28.430131912231445,-0.7904874233400006,5,-1.002078191312046,19,1.3894343173071868,33.44,0.28812683094950886,1240.0,116.06
716,1997,8,Orissa,Jagatsinghapur,1223.0,1376.086,-0.36089185,32.42229080200195,24.5195426940918,28.470916748046875,-0.6632305279467561,19,0.6730375911797324,15,0.4086571521491725,41.8,0.38667900092506935,1163.0,108.1
716,1998,8,Orissa,Jagatsinghapur,1506.0,1407.8696,-0.27663007,32.42496871948242,25.67117691040039,29.048072814941406,1.1376125491899496,13,-0.0448691727453154,11,-0.5721200130088419,41.3,0.38029465930018413,1223.0,108.6
716,1999,8,Orissa,Jagatsinghapur,364.0,1650.166,0.3657245,31.607255935668945,24.96614456176757,28.28670120239257,-1.238020102415753,8,-0.643124809349522,12,-0.3269257217193382,43.9,0.4294658579534338,1506.0,102.22
716,2000,8,Orissa,Jagatsinghapur,1338.0,620.9063,-2.362957,32.4318962097168,25.17444610595703,28.80317115783692,0.3734700943614901,4,-1.1217293186328872,13,-0.0817314304298346,53.55,0.567627729489082,364.0,94.34
716,2001,8,Orissa,Jagatsinghapur,1704.0,1779.7533,0.7092747,31.831239700317383,24.93111038208008,28.381175994873047,-0.9432397375175436,1,-1.480682700595411,8,-1.3077028868773526,56.99,0.6115463032514219,1338.0,93.19
716,2002,8,Orissa,Jagatsinghapur,1168.0,1733.4587,0.5865427,32.77071762084961,25.16156768798828,28.966142654418945,0.8819739605159183,25,1.3909443551047802,12,-0.3269257217193382,32.51,0.3653630029220049,1704.0,88.98
716,2003,8,Orissa,Jagatsinghapur,1344.0,1576.1191,0.16941802,32.32817077636719,25.152809143066406,28.7404899597168,0.1778921420952884,17,0.4337353365380497,9,-1.062508595587849,56.06,0.5988676423459033,1168.0,93.61
716,2004,8,Orissa,Jagatsinghapur,1823.0,1147.4435,-0.96704865,32.25209426879883,24.699281692504883,28.47568893432617,-0.6483403463878701,17,0.4337353365380497,19,1.3894343173071868,55.8,0.5738379267791033,1344.0,97.24
716,2005,8,Orissa,Jagatsinghapur,1882.0,1843.573,0.87846786,32.56941223144531,25.47614479064941,29.022777557373047,1.0586862550915908,27,1.6302466097464627,13,-0.0817314304298346,66.35,0.7269639531061685,1823.0,91.27
716,2006,8,Orissa,Jagatsinghapur,1495.0,1941.9674,1.1393223,32.486602783203125,24.36274528503418,28.42467498779297,-0.8075141257540711,13,-0.0448691727453154,14,0.1634628608596689,56.14,0.6051525277568179,1882.0,92.77
716,2007,8,Orissa,Jagatsinghapur,1777.0,1674.7485,0.43089548,32.166603088378906,25.349868774414062,28.758235931396484,0.2332631449825591,10,-0.4038225547078394,12,-0.3269257217193382,60.22,0.6816072439162423,1495.0,88.35
716,2008,8,Orissa,Jagatsinghapur,1967.0,1631.0887,0.31514853,31.975950241088867,24.93692779541016,28.456439971923828,-0.7084009827956886,3,-1.2413804459537283,12,-0.3269257217193382,66.02,0.7250961010433827,1777.0,91.05
716,2009,8,Orissa,Jagatsinghapur,2005.0,1392.6707,-0.31692424,33.043331146240234,25.112876892089844,29.07810401916504,1.231315949927294,26,1.5105954824256216,24,2.6154057737547047,65.77,0.79003003003003,1967.0,83.25
716,2010,8,Orissa,Jagatsinghapur,1579.0,1258.8699,-0.6716449,33.06758117675781,25.51372528076172,29.29065322875977,1.8945122578325089,18,0.553386463858891,12,-0.3269257217193382,59.41,0.6748835624219016,2005.0,88.03
716,2011,8,Orissa,Jagatsinghapur,2435.0,1148.7755,-0.9635173,32.47784423828125,24.61294174194336,28.545392990112305,-0.4308496649050868,15,0.1944330818963671,19,1.3894343173071868,67.09,0.8227863625214619,1579.0,81.54
716,2012,8,Orissa,Jagatsinghapur,2918.0,1226.4263,-0.7576565,32.871700286865234,24.932939529418945,28.902320861816406,0.6828371239282855,18,0.553386463858891,19,1.3894343173071868,55.56,0.7661334804191948,2435.0,72.52
716,2013,8,Orissa,Jagatsinghapur,2001.0,1511.3793,-0.002214545,32.12692642211914,24.79228782653809,28.459606170654297,-0.6985218055823517,10,-0.4038225547078394,9,-1.062508595587849,57.14,0.7060422587421228,2918.0,80.93
716,2014,8,Orissa,Jagatsinghapur,2165.0,1392.4585,-0.3174867,32.80901336669922,24.78468132019043,28.79684829711914,0.3537414964926765,26,1.5105954824256216,12,-0.3269257217193382,76.12,0.8923798358733881,2001.0,85.3
716,2015,8,Orissa,Jagatsinghapur,2571.0,986.00745,-1.3950335,33.22909164428711,25.22225952148437,29.225675582885746,1.6917689264308506,19,0.6730375911797324,17,0.8990457347281796,65.45,0.8187390542907181,2165.0,79.94
716,2016,8,Orissa,Jagatsinghapur,2981.0,1304.4263,-0.5508699,32.55841445922852,24.71903419494629,28.63872528076172,-0.1396341356398936,12,-0.1645203000661567,15,0.4086571521491725,63.32,0.7206099920336861,2571.0,87.87
716,2017,8,Orissa,Jagatsinghapur,1938.0,1381.4916,-0.34656122,32.892295837402344,25.336042404174805,29.11417007446289,1.3438493004857217,19,0.6730375911797324,10,-0.8173143042983454,69.48,0.8797163838946569,2981.0,78.98
716,2018,8,Orissa,Jagatsinghapur,2167.0,1818.0581,0.81082505,32.74342727661133,24.79977226257324,28.77159881591797,0.2749580338721008,20,0.7926887185005737,18,1.1442400260176833,52.153,0.654448487890576,1938.0,79.69
716,2019,8,Orissa,Jagatsinghapur,2103.0,1468.3208,-0.116367325,32.66590881347656,25.07549285888672,28.87070083618164,0.5841762806495499,26,1.5105954824256216,9,-1.062508595587849,54.331,0.6608002918997811,2167.0,82.22
717,1995,8,Orissa,Jajapur,1390.0,1049.0852,-1.3011525,31.901762008666992,24.70274543762207,28.30225372314453,-1.1894931078389048,8,-0.643124809349522,8,-0.91614194394611,43.54,0.2739053850025163,,158.96
717,1996,8,Orissa,Jajapur,841.0,830.75916,-2.1304955,32.133270263671875,24.726993560791016,28.430131912231445,-0.7904874233400006,5,-1.002078191312046,17,0.657956487015843,34.79,0.2248578076525336,1390.0,154.72
717,1997,8,Orissa,Jajapur,1135.0,1350.2015,-0.15731826,32.42229080200195,24.5195426940918,28.470916748046875,-0.6632305279467561,19,0.6730375911797324,9,-0.7412421182836709,42.95,0.27325359460491155,841.0,157.18
717,1998,8,Orissa,Jajapur,1304.0,1207.6938,-0.6986544,32.42496871948242,25.67117691040039,29.048072814941406,1.1376125491899496,13,-0.0448691727453154,7,-1.0910417696085497,36.86,0.2332468518635702,1135.0,158.03
717,1999,8,Orissa,Jajapur,669.0,1681.8413,1.1024636,31.607255935668945,24.96614456176757,28.28670120239257,-1.238020102415753,8,-0.643124809349522,8,-0.91614194394611,49.45,0.31808825421330245,1304.0,155.46
717,2000,8,Orissa,Jajapur,797.0,932.27344,-1.7448789,32.4318962097168,25.17444610595703,28.80317115783692,0.3734700943614901,4,-1.1217293186328872,14,0.1332570100285252,47.26,0.3268100407993914,669.0,144.61
717,2001,8,Orissa,Jajapur,1594.0,1657.9679,1.0117769,31.831239700317383,24.93111038208008,28.381175994873047,-0.9432397375175436,1,-1.480682700595411,13,-0.0416428156339139,41.96,0.3517183570829841,797.0,119.3
717,2002,8,Orissa,Jajapur,734.0,1289.6296,-0.38740942,32.77071762084961,25.16156768798828,28.966142654418945,0.8819739605159183,25,1.3909443551047802,12,-0.2165426412963532,22.77,0.179829410835571,1594.0,126.62
717,2003,8,Orissa,Jajapur,1255.0,1635.298,0.925662,32.32817077636719,25.152809143066406,28.7404899597168,0.1778921420952884,17,0.4337353365380497,8,-0.91614194394611,40.5,0.30854792015846416,734.0,131.26
717,2004,8,Orissa,Jajapur,1297.0,1242.5107,-0.5663974,32.25209426879883,24.699281692504883,28.47568893432617,-0.6483403463878701,17,0.4337353365380497,22,1.532455615328039,41.01,0.2949723081349349,1255.0,139.03
717,2005,8,Orissa,Jajapur,1755.0,1577.4869,0.7060584,32.56941223144531,25.47614479064941,29.022777557373047,1.0586862550915908,27,1.6302466097464627,7,-1.0910417696085497,40.54,0.29270758122743684,1297.0,138.5
717,2006,8,Orissa,Jajapur,1365.0,1706.584,1.1964523,32.486602783203125,24.36274528503418,28.42467498779297,-0.8075141257540711,13,-0.0448691727453154,26,2.232054917977796,47.79,0.35967487017385413,1755.0,132.87
717,2007,8,Orissa,Jajapur,1544.0,1658.9371,1.0154588,32.166603088378906,25.349868774414062,28.758235931396484,0.2332631449825591,10,-0.4038225547078394,11,-0.3914424669587924,49.82,0.3714030117787387,1365.0,134.14
717,2008,8,Orissa,Jajapur,1528.0,1566.6311,0.6648209,31.975950241088867,24.93692779541016,28.456439971923828,-0.7084009827956886,3,-1.2413804459537283,14,0.1332570100285252,48.49,0.34902468869214714,1544.0,138.93
717,2009,8,Orissa,Jajapur,1824.0,1289.2219,-0.3889582,33.043331146240234,25.112876892089844,29.07810401916504,1.231315949927294,26,1.5105954824256216,24,1.882255266652917,51.62,0.36156055193668135,1528.0,142.77
717,2010,8,Orissa,Jajapur,1402.0,1073.9512,-1.2066954,33.06758117675781,25.51372528076172,29.29065322875977,1.8945122578325089,18,0.553386463858891,8,-0.91614194394611,51.45,0.4102543656805678,1824.0,125.41
717,2011,8,Orissa,Jajapur,1117.0,1661.2346,1.0241861,32.47784423828125,24.61294174194336,28.545392990112305,-0.4308496649050868,15,0.1944330818963671,20,1.1826559640031606,52.38,0.4331431406598859,1402.0,120.93
717,2012,8,Orissa,Jajapur,1761.0,1106.665,-1.082427,32.871700286865234,24.932939529418945,28.902320861816406,0.6828371239282855,18,0.553386463858891,18,0.8328563126782822,57.71,0.4681213497728748,1117.0,123.28
717,2013,8,Orissa,Jajapur,1062.0,1505.8604,0.43397436,32.12692642211914,24.79228782653809,28.459606170654297,-0.6985218055823517,10,-0.4038225547078394,7,-1.0910417696085497,59.9,0.475132862695328,1761.0,126.07
717,2014,8,Orissa,Jajapur,1856.0,1242.1637,-0.5677157,32.80901336669922,24.78468132019043,28.79684829711914,0.3537414964926765,26,1.5105954824256216,15,0.3081568356909645,22.86,0.17776049766718507,1062.0,128.6
717,2015,8,Orissa,Jajapur,1231.0,1059.5696,-1.261326,33.22909164428711,25.22225952148437,29.225675582885746,1.6917689264308506,19,0.6730375911797324,13,-0.0416428156339139,13.98,0.12653874004344678,1856.0,110.48
717,2016,8,Orissa,Jajapur,2579.0,1212.2574,-0.68131894,32.55841445922852,24.71903419494629,28.63872528076172,-0.1396341356398936,12,-0.1645203000661567,15,0.3081568356909645,45.84,0.4354516956397835,1231.0,105.27
717,2017,8,Orissa,Jajapur,1376.0,1172.8765,-0.8309133,32.892295837402344,25.336042404174805,29.11417007446289,1.3438493004857217,19,0.6730375911797324,10,-0.5663422926212317,46.29,0.43128668592192304,2579.0,107.33
717,2018,8,Orissa,Jajapur,1746.0,1741.9458,1.3307793,32.74342727661133,24.79977226257324,28.77159881591797,0.2749580338721008,20,0.7926887185005737,18,0.8328563126782822,23.882,0.20429426860564584,1376.0,116.9
717,2019,8,Orissa,Jajapur,1758.0,1560.067,0.63988626,32.66590881347656,25.07549285888672,28.87070083618164,0.5841762806495499,26,1.5105954824256216,7,-1.0910417696085497,18.99,0.14183284786018374,1746.0,133.89
168,1990,9,Punjab,Jalandhar,3139.0,762.1362,1.1026846,33.609344482421875,22.6522216796875,28.130783081054688,-0.3807189386122102,35,-0.6831327836005731,32,-0.1986114954327722,157.6,0.9974683544303797,,158.0
168,1991,9,Punjab,Jalandhar,3433.0,398.80988,-0.7209226,34.567710876464844,22.51686286926269,28.542285919189453,0.8171745695275918,55,1.2296390104810306,44,0.938890705682196,157.0,1.0,3139.0,157.0
168,1992,9,Punjab,Jalandhar,3422.0,400.4643,-0.7126187,33.7666015625,22.31235313415528,28.03947830200196,-0.6465090910815495,37,-0.4918556041924127,45,1.03368255577511,153.8,0.9987012987012988,3433.0,154.0
168,1993,9,Punjab,Jalandhar,3644.0,630.7289,0.44312504,34.34810256958008,22.265033721923828,28.30656814575196,0.1309951209633215,53,1.0383618310728704,35,0.0857640548459698,159.7,0.9981249999999999,3422.0,160.0
168,1994,9,Punjab,Jalandhar,3437.0,575.55634,0.16620307,33.704833984375,22.19248580932617,27.948659896850582,-0.9108833987863558,33,-0.8744099630087334,49,1.4128499561467662,166.8,0.9988023952095809,3644.0,167.0
168,1995,9,Punjab,Jalandhar,3152.0,1159.4241,3.0967512,34.23235321044922,22.90725517272949,28.569805145263672,0.8972836215398705,38,-0.3962170144883325,49,1.4128499561467662,112.5,1.0,3437.0,112.0
168,1996,9,Punjab,Jalandhar,3415.0,512.9951,-0.14780413,33.11522674560547,22.0950984954834,27.60516357421875,-1.910808494845624,26,-1.5438800909372947,27,-0.6725707458973423,118.3,1.0,3152.0,118.0
168,1997,9,Punjab,Jalandhar,3344.0,488.62836,-0.27010575,32.75529479980469,22.246994018554688,27.501144409179688,-2.2136104951604025,33,-0.8744099630087334,19,-1.4309055466406546,125.6,1.0,3415.0,125.0
168,1998,9,Punjab,Jalandhar,3254.0,403.52313,-0.6972658,34.12803649902344,23.296274185180664,28.71215438842773,1.3116652939671112,53,1.0383618310728704,20,-1.3361136965477405,133.3,0.9947761194029852,3344.0,134.0
168,1999,9,Punjab,Jalandhar,3489.0,332.9486,-1.0514934,34.06045913696289,22.72973823547364,28.39509963989257,0.38871218210843,40,-0.2049398350801721,53,1.7920173565184223,132.98,0.9998496240601503,3254.0,133.0
168,2000,9,Punjab,Jalandhar,3588.0,299.11108,-1.2213306,33.63836669921875,22.730260848999023,28.184314727783203,-0.2248871771915966,33,-0.8744099630087334,40,0.55972330531054,135.74,0.9980882352941177,3489.0,136.0
168,2001,9,Punjab,Jalandhar,3371.0,437.435,-0.5270554,34.19392013549805,23.08555603027344,28.639738082885746,1.1008598893545605,41,-0.1093012453760919,32,-0.1986114954327722,131.97,0.9997727272727273,3588.0,132.0
168,2002,9,Punjab,Jalandhar,3722.0,478.2078,-0.32240862,34.086143493652344,22.86143684387207,28.47378921508789,0.617779208017684,58,1.5165547795932712,25,-0.8621544460831704,132.74,0.998045112781955,3371.0,133.0
168,2003,9,Punjab,Jalandhar,3370.0,636.90454,0.4741219,34.015228271484375,22.6364688873291,28.325847625732425,0.187118096964161,35,-0.6831327836005731,38,0.3701396051247119,138.4,1.0,3722.0,138.0
168,2004,9,Punjab,Jalandhar,3710.0,307.01782,-1.1816452,33.31536102294922,22.56731986999512,27.941341400146484,-0.932187698243728,50,0.7514460619606298,37,0.2753477550317979,145.06,1.0,3370.0,145.0
168,2005,9,Punjab,Jalandhar,3483.0,643.2938,0.50619096,34.45457458496094,22.6650333404541,28.559803009033203,0.8681671903815402,49,0.6558074722565496,38,0.3701396051247119,150.47,0.9964900662251656,3710.0,151.0
168,2006,9,Punjab,Jalandhar,3497.0,507.27625,-0.1765083,33.63117599487305,22.916404724121094,28.27379035949707,0.0355782884965099,39,-0.3005784247842523,24,-0.9569462961760844,146.99,0.9999319727891157,3483.0,147.0
168,2007,9,Punjab,Jalandhar,3718.0,520.4751,-0.11026062,33.90078353881836,22.73392105102539,28.317352294921875,0.1623880084097641,35,-0.6831327836005731,38,0.3701396051247119,149.0,1.0,3497.0,149.0
168,2008,9,Punjab,Jalandhar,3794.0,815.26086,1.3693278,33.616668701171875,22.35496711730957,27.985816955566406,-0.8027184111060572,33,-0.8744099630087334,15,-1.8100729470123107,155.1,1.0,3718.0,155.0
168,2009,9,Punjab,Jalandhar,3950.0,648.47205,0.5321815,35.1871223449707,22.465227127075195,28.826175689697266,1.6435837254402306,67,2.377302086929993,26,-0.7673625959902564,160.89,0.9993167701863354,3794.0,161.0
168,2010,9,Punjab,Jalandhar,3607.0,432.63153,-0.5511649,33.90516662597656,22.5224838256836,28.21382522583008,-0.1389814901432099,42,-0.0136626556720117,30,-0.3881951956186003,163.1,1.0,3950.0,163.0
168,2011,9,Punjab,Jalandhar,3533.0,819.6902,1.3915594,33.67751693725586,22.855621337890625,28.26656913757324,0.01455715799203,36,-0.5874941938964928,44,0.938890705682196,165.52,1.0,3607.0,165.0
168,2012,9,Punjab,Jalandhar,3788.0,747.6926,1.0301893,34.884971618652344,23.121112823486328,29.003042221069336,2.158445957492253,55,1.2296390104810306,42,0.7493070054963681,165.03,1.0,3533.0,165.0
168,2013,9,Punjab,Jalandhar,3569.0,433.60474,-0.54628026,33.8707160949707,23.533790588378903,28.702253341674805,1.2828431364265245,40,-0.2049398350801721,18,-1.5256973967335683,166.62,0.9977245508982037,3788.0,167.0
168,2014,9,Punjab,Jalandhar,3689.0,400.55588,-0.71215904,34.69789123535156,22.82567024230957,28.76177978515625,1.4561258786119418,57,1.420916189889191,25,-0.8621544460831704,167.18,1.0,3569.0,167.0
168,2015,9,Punjab,Jalandhar,3887.0,350.0233,-0.9657922,33.943328857421875,22.26223945617676,28.102783203125,-0.4622271783918227,46,0.368891703144309,28,-0.5777788958044283,167.0,0.9940476190476191,3689.0,168.0
168,2016,9,Punjab,Jalandhar,4112.0,579.6601,0.18680064,34.70289993286133,22.95045661926269,28.826679229736328,1.6450495411964852,53,1.0383618310728704,38,0.3701396051247119,170.27,1.0,3887.0,170.0
168,2017,9,Punjab,Jalandhar,4181.0,573.138,0.15406495,34.46135330200195,22.84611320495605,28.653732299804688,1.141597352247126,41,-0.1093012453760919,51,1.6024336563325945,170.72,0.9983625730994152,4112.0,171.0
168,2018,9,Punjab,Jalandhar,4156.0,753.3055,1.0583614,34.02374649047852,22.801891326904297,28.412818908691406,0.4402933501978546,41,-0.1093012453760919,32,-0.1986114954327722,172.273,0.9957976878612717,4181.0,173.0
168,2019,9,Punjab,Jalandhar,4074.0,648.92566,0.5344583,34.44004440307617,23.0070743560791,28.72356033325196,1.3448682417792628,66,2.281663497225913,31,-0.2934033455256862,174.996,0.9999771428571429,4156.0,175.0
101,1990,7,Maharashtra,Jalgaon,684.0,810.10767,0.5747524,30.33757781982422,21.78862762451172,26.06310272216797,-1.7558166573429026,4,-2.052206327821702,13,-1.071549732637986,,,,5.7
101,1991,7,Maharashtra,Jalgaon,851.0,575.43933,-0.7911043,32.039215087890625,21.870590209960938,26.95490264892578,0.0914881290839692,22,0.264145368927546,66,3.4120399381367443,,,684.0,6.7
101,1992,7,Maharashtra,Jalgaon,1176.0,766.4911,0.3208877,32.63189697265625,22.15784454345703,27.39487075805664,1.0028530770801334,32,1.5510074226771284,23,-0.2255894173974708,,,851.0,1.7
101,1993,7,Maharashtra,Jalgaon,1083.0,752.2855,0.23820606,31.953792572021484,22.62829971313477,27.291046142578125,0.7877872272547413,19,-0.1219132471973286,12,-1.1561457641620376,,,1176.0,1.2
101,1994,7,Maharashtra,Jalgaon,1000.0,749.9942,0.22486973,30.86111068725586,21.800132751464844,26.33062171936035,-1.2016686818320084,13,-0.8940304794470781,26,0.0281986771746837,,,1083.0,1.1
101,1995,7,Maharashtra,Jalgaon,938.0,564.16187,-0.85674334,33.102352142333984,22.698627471923828,27.900489807128903,2.050209621339471,34,1.808379833427045,15,-0.9023576695898832,,,1000.0,1.6
101,1996,7,Maharashtra,Jalgaon,1176.0,703.31573,-0.046816256,32.029544830322266,22.012353897094727,27.02095031738281,0.2283015223263045,21,0.1354591635525878,17,-0.73316560654178,,,938.0,1.7
101,1997,7,Maharashtra,Jalgaon,941.0,659.5823,-0.3013612,31.96581649780273,22.367319107055664,27.16656875610352,0.5299405231487718,17,-0.3792856579472451,22,-0.3101854489215224,,,1176.0,1.7
101,1998,7,Maharashtra,Jalgaon,1056.0,1018.9807,1.790471,31.916730880737305,22.72666549682617,27.321697235107425,0.8512789457890113,22,0.264145368927546,15,-0.9023576695898832,,,941.0,1.8
101,1999,7,Maharashtra,Jalgaon,944.0,586.8317,-0.72479635,31.02124214172364,21.4437255859375,26.23248291015625,-1.4049567586050895,12,-1.0227166848220364,17,-0.73316560654178,,,1056.0,1.8
101,2000,7,Maharashtra,Jalgaon,1235.0,496.3601,-1.2513747,32.1124153137207,21.97124290466309,27.04182815551757,0.2715485883546827,20,0.0067729581776295,34,0.7049669293670959,,,944.0,1.7
101,2001,7,Maharashtra,Jalgaon,583.0,613.37756,-0.57028973,31.505687713623047,21.36150360107422,26.43359565734864,-0.988364954375388,10,-1.2800890955719528,29,0.2819867717468383,,,1235.0,1.2
101,2002,7,Maharashtra,Jalgaon,889.0,736.728,0.14765567,31.9189510345459,21.720521926879883,26.81973648071289,-0.1884996820951879,32,1.5510074226771284,39,1.1279470869873536,,,583.0,0.9
101,2003,7,Maharashtra,Jalgaon,1222.0,924.72974,1.2418953,31.57921600341797,21.464900970458984,26.52205848693848,-0.8051200318104159,16,-0.5079718633222033,32,0.5357748663189928,,,889.0,0.9
101,2004,7,Maharashtra,Jalgaon,1000.0,609.8408,-0.5908749,31.98542213439941,21.44810485839844,26.71676254272461,-0.4018034095518009,16,-0.5079718633222033,21,-0.3947814804455739,,,1222.0,0.4
101,2005,7,Maharashtra,Jalgaon,1500.0,517.1753,-1.1302227,31.99431228637696,22.133399963378903,27.06385612487793,0.3171780754332339,25,0.6502039850524208,29,0.2819867717468383,,,1000.0,0.2
101,2006,7,Maharashtra,Jalgaon,1000.0,1203.617,2.8651223,31.285232543945312,21.894575119018555,26.58990478515625,-0.6645808955327471,20,0.0067729581776295,29,0.2819867717468383,,,1500.0,0.1
101,2007,7,Maharashtra,Jalgaon,1400.0,667.7303,-0.25393677,31.84457397460937,21.802875518798828,26.8237247467041,-0.1802382518864048,17,-0.3792856579472451,32,0.5357748663189928,,,1000.0,0.1
101,2009,7,Maharashtra,Jalgaon,450.0,676.85986,-0.20079924,32.87843322753906,22.353137969970703,27.615785598754883,1.460463613221633,27,0.9075763958023372,25,-0.0563973543493677,,,1400.0,0.2
101,2011,7,Maharashtra,Jalgaon,1500.0,603.0112,-0.63062567,31.897123336791992,21.519018173217773,26.708070755004883,-0.4198078751000669,20,0.0067729581776295,24,-0.1409933858734193,,,450.0,0.2
731,1995,8,Orissa,Jharsuguda,1710.0,1014.7301,-0.8641424,32.4845085144043,22.78241729736328,27.63346290588379,-0.0135815148233119,23,0.643885965439728,18,-0.1055289226345362,6.42,0.11605206073752711,,55.32
731,1996,8,Orissa,Jharsuguda,796.0,1068.5098,-0.6648987,32.17790603637695,23.25542449951172,27.716665267944336,0.174111448782743,18,-0.1737470065472282,25,0.9286545191839172,6.05,0.10952208544532946,1710.0,55.24
731,1997,8,Orissa,Jharsuguda,1431.0,1213.1978,-0.12885632,32.467124938964844,23.069477081298828,27.76830101013184,0.2905945057435224,22,0.4803593710423367,28,1.3718759942489684,6.03,0.11066250688199669,796.0,54.49
731,1998,8,Orissa,Jharsuguda,1044.0,973.45667,-1.0170529,32.62902069091797,24.076536178588867,28.35277938842773,1.6090964841631603,20,0.1533061822475542,12,-0.991971872764639,8.46,0.1514500537056928,1431.0,55.86
731,1999,8,Orissa,Jharsuguda,1651.0,1243.4764,-0.01667936,31.49993324279785,23.203855514526367,27.35189437866211,-0.6487609739589923,12,-1.1549065729315755,8,-1.5829338395180408,11.33,0.1933117215492237,1044.0,58.61
731,2000,8,Orissa,Jharsuguda,397.0,809.7298,-1.6236308,32.27568435668945,22.647449493408203,27.461566925048828,-0.401354953892325,12,-1.1549065729315755,34,2.2583189443790714,7.87,0.12956865327625947,1651.0,60.74
731,2001,8,Orissa,Jharsuguda,1503.0,1297.4874,0.1834214,31.72863006591797,22.445295333862305,27.086963653564453,-1.2464078641722112,8,-1.8090129505211403,20,0.1899520607421647,7.5,0.11597340343281273,397.0,64.67
731,2002,8,Orissa,Jharsuguda,694.0,1126.1968,-0.4511789,32.63954162597656,22.20928192138672,27.42441177368164,-0.4851718107775195,28,1.4615189374266842,23,0.6331735358072161,8.36,0.13635622247594192,1503.0,61.31
731,2003,8,Orissa,Jharsuguda,1795.0,1666.798,1.551649,32.231239318847656,22.97686195373535,27.604049682617188,-0.0799336580484958,20,0.1533061822475542,12,-0.991971872764639,8.22,0.1443371378402107,694.0,56.95
731,2004,8,Orissa,Jharsuguda,1147.0,1242.8525,-0.0189908,32.050655364990234,22.329805374145508,27.190231323242188,-1.0134503556774372,18,-0.1737470065472282,16,-0.4010099060112371,9.07,0.1553082191780822,1795.0,58.4
731,2005,8,Orissa,Jharsuguda,1685.0,1343.1208,0.35248482,32.654640197753906,23.42294311523437,28.03879165649414,0.9007838054957732,24,0.8074125598371191,19,0.0422115690538142,8.93,0.1455108359133127,1147.0,61.37
731,2006,8,Orissa,Jharsuguda,1869.0,1248.738,0.0028138873,31.946800231933597,21.970457077026367,26.958629608154297,-1.5359116320707442,21,0.3168327766449455,14,-0.696490889387938,10.65,0.17384916748285995,1685.0,61.26
731,2007,8,Orissa,Jharsuguda,1778.0,1557.3384,1.1461214,32.26947784423828,22.987384796142575,27.62843132019043,-0.0249320727526313,16,-0.5008001953420106,24,0.7809140274955666,11.56,0.19804694192222033,1869.0,58.37
731,2008,8,Orissa,Jharsuguda,1900.0,1757.3975,1.8873034,31.82575035095215,22.8054256439209,27.315587997436523,-0.7306631233845404,10,-1.481959761726358,26,1.0763950108722675,12.39,0.22982749026154706,1778.0,53.91
731,2009,8,Orissa,Jharsuguda,451.0,1053.28,-0.72132206,33.161895751953125,23.39974021911621,28.280818939208984,1.446763713292287,27,1.2979923430292928,24,0.7809140274955666,10.95,0.22595955427156417,1900.0,48.46
731,2010,8,Orissa,Jharsuguda,622.0,1040.5667,-0.7684228,33.202415466308594,23.635883331298828,28.41914939880371,1.7588180020807227,26,1.1344657486319016,13,-0.8442313810762886,9.97,0.18911229135053112,451.0,52.72
731,2011,8,Orissa,Jharsuguda,1220.0,1334.4893,0.32050636,32.141441345214844,22.51947784423828,27.33045959472656,-0.6971148670635003,16,-0.5008001953420106,22,0.4854330441188657,10.77,0.2782945736434108,622.0,38.7
731,2012,8,Orissa,Jharsuguda,2676.0,1585.1654,1.2492154,32.279998779296875,22.949478149414062,27.61473846435547,-0.0558212521971288,23,0.643885965439728,21,0.3376925524305152,10.64,0.2854077253218884,1220.0,37.28
731,2013,8,Orissa,Jharsuguda,1283.0,1323.1549,0.27851468,31.69313621520996,22.95078659057617,27.32196044921875,-0.7162877579403188,14,-0.8278533841367931,7,-1.7306743312063912,11.64,0.2866289091356809,2676.0,40.61
731,2014,8,Orissa,Jharsuguda,1424.0,1352.4438,0.38702482,32.66460037231445,22.46515655517578,27.56487846374512,-0.1682984829895245,23,0.643885965439728,20,0.1899520607421647,7.4,0.1064748201438849,1283.0,69.5
731,2015,8,Orissa,Jharsuguda,940.0,1426.3418,0.66080314,32.95355224609375,23.426176071166992,28.189865112304688,1.2415845224592594,17,-0.3372736009446194,19,0.0422115690538142,2.61,0.056566970091027305,1424.0,46.14
731,2016,8,Orissa,Jharsuguda,2083.0,1101.7295,-0.5418257,32.40790939331055,23.146936416625977,27.777423858642575,0.3111743838996767,23,0.643885965439728,21,0.3376925524305152,11.29,0.23899237933954273,940.0,47.24
731,2017,8,Orissa,Jharsuguda,1595.0,1154.8094,-0.34517425,32.752315521240234,23.265722274780277,28.009017944335938,0.8336184494394137,22,0.4803593710423367,9,-1.4351933478296903,10.51,0.21800456336859572,2083.0,48.21
731,2018,8,Orissa,Jharsuguda,359.0,1078.1354,-0.6292376,32.43719482421875,22.76771354675293,27.60245513916016,-0.0835307264445955,24,0.8074125598371191,39,2.9970214028208235,0.685,0.016517964793826865,1595.0,41.47
731,2019,8,Orissa,Jharsuguda,3330.0,1613.7634,1.3551657,32.452537536621094,23.33974266052246,27.896141052246094,0.5789838708734072,26,1.1344657486319016,9,-1.4351933478296903,0.608,0.011596414266641236,359.0,52.43
706,1990,8,Orissa,Kalahandi,945.0,1727.0995,0.7067967,31.695356369018555,23.356340408325195,27.525848388671875,-1.052127678275596,13,-1.1237426116898095,11,-1.3813642964008928,54.46,0.17129556820683797,,317.93
706,1991,8,Orissa,Kalahandi,1053.0,1585.3353,0.3713108,32.180912017822266,23.09993553161621,27.64042282104492,-0.790995558172594,20,0.2414653545779754,20,0.2105738256708676,58.57,0.181163006495515,945.0,323.3
706,1992,8,Orissa,Kalahandi,798.0,1642.08,0.50559735,32.974117279052734,23.26980209350586,28.121959686279297,0.3064983584194531,24,1.021584192445281,27,1.4487479206155702,66.42,0.20578120643182454,1053.0,322.77
706,1993,8,Orissa,Kalahandi,1050.0,1298.4893,-0.30751246,32.41954040527344,23.30718994140625,27.863365173339844,-0.2828768801243256,16,-0.5386534832893304,12,-1.2044822828373638,46.06,0.14493392070484581,798.0,317.8
706,1994,8,Orissa,Kalahandi,1093.0,1872.2974,1.0504085,31.406538009643555,22.750131607055664,27.07833480834961,-2.072077483690727,11,-1.5138020306234623,10,-1.5582463099644217,47.32,0.1425644733670764,1050.0,331.92
706,1995,8,Orissa,Kalahandi,1170.0,1266.053,-0.38427314,32.53032684326172,23.46333312988281,27.996829986572266,0.0213092189615317,22,0.6315247735116284,18,-0.1431902014561902,66.21,0.2841387005407261,1093.0,233.02
706,1996,8,Orissa,Kalahandi,750.0,931.7383,-1.1754313,32.41437911987305,23.86006546020508,28.137222290039062,0.3412840954772894,16,-0.5386534832893304,19,0.0336918121073387,55.25,0.24320993088876172,1170.0,227.17
706,1997,8,Orissa,Kalahandi,1379.0,1215.3419,-0.5042812,32.720848083496094,23.705554962158203,28.21320152282715,0.5144520329552831,22,0.6315247735116284,21,0.3874558392343966,76.49,0.3323340285019117,750.0,230.16
706,1998,8,Orissa,Kalahandi,711.0,688.47485,-1.7511159,32.83202362060547,24.73915100097656,28.785587310791016,1.8190041152311336,21,0.4364950640448019,12,-1.2044822828373638,66.29,0.29281328680595436,1379.0,226.39
706,1999,8,Orissa,Kalahandi,1220.0,836.71606,-1.400302,31.70673179626465,23.857711791992188,27.78222274780273,-0.4678124994588005,12,-1.3187723211566362,20,0.2105738256708676,96.21,0.425670294664189,711.0,226.02
706,2000,8,Orissa,Kalahandi,1287.0,1006.8389,-0.99770504,32.5684928894043,23.436994552612305,28.002742767333984,0.0347853230454223,17,-0.3436237738225039,22,0.5643378527979255,113.24,0.42629122120162627,1220.0,265.64
706,2001,8,Orissa,Kalahandi,1376.0,2184.8945,1.790172,31.980587005615234,23.080522537231445,27.530555725097656,-1.0413989605726792,11,-1.5138020306234623,14,-0.8507182557103059,122.18,0.46740627390971695,1287.0,261.4
706,2002,8,Orissa,Kalahandi,435.0,745.29675,-1.6166465,32.7288932800293,23.008235931396484,27.86856460571289,-0.2710266027912012,27,1.6066733208457606,22,0.5643378527979255,37.48,0.1518146467919637,1376.0,246.88
706,2003,8,Orissa,Kalahandi,1296.0,1828.835,0.9475544,32.34006881713867,23.72013092041016,28.03009986877441,0.0971362136503392,19,0.0464356451111489,12,-1.2044822828373638,131.78,0.4830468091345625,435.0,272.81
706,2004,8,Orissa,Kalahandi,1078.0,1653.3282,0.53221655,32.18000030517578,23.17196083068848,27.67597961425781,-0.7099563541945657,19,0.0464356451111489,24,0.9181018799249834,138.82,0.5191861769765876,1296.0,267.38
706,2005,8,Orissa,Kalahandi,1082.0,1285.8591,-0.33740175,32.67862319946289,24.22026252746582,28.449443817138672,1.052883250931606,24,1.021584192445281,20,0.2105738256708676,148.45,0.5157558280929715,1078.0,287.83
706,2006,8,Orissa,Kalahandi,1119.0,1982.853,1.3120393,32.260066986083984,22.64208984375,27.451078414916992,-1.2225395351119166,23,0.8265544829784548,26,1.2718659070520413,157.32,0.599268627152217,1082.0,262.52
706,2007,8,Orissa,Kalahandi,1323.0,1778.8408,0.82924294,32.54254913330078,23.8718318939209,28.20719146728516,0.5007542252235607,19,0.0464356451111489,24,0.9181018799249834,154.95,0.5674992675065924,1119.0,273.04
706,2008,8,Orissa,Kalahandi,1305.0,1714.416,0.6767812,32.243988037109375,23.685489654541016,27.964738845825195,-0.0518312491711968,10,-1.708831740090289,21,0.3874558392343966,150.12,0.5596272134203168,1323.0,268.25
706,2009,8,Orissa,Kalahandi,1541.0,1466.677,0.090505034,33.39137268066406,24.02719116210937,28.70928192138672,1.645092818463351,26,1.411643611378934,28,1.6256299341790992,143.21,0.511775006253797,1305.0,279.83
706,2010,8,Orissa,Kalahandi,2340.0,1285.6255,-0.33795467,33.20679473876953,24.19803810119629,28.702415466308597,1.6294431492046395,22,0.6315247735116284,12,-1.2044822828373638,159.82,0.579730121880441,1541.0,275.68
706,2011,8,Orissa,Kalahandi,966.0,1035.0166,-0.9310224,32.58758544921875,23.1744441986084,27.88101577758789,-0.2426485358687375,16,-0.5386534832893304,21,0.3874558392343966,109.39,0.5100718082626131,2340.0,214.46
706,2012,8,Orissa,Kalahandi,2545.0,1361.8835,-0.15748943,32.422874450683594,23.49346351623535,27.95816802978516,-0.0668071132257139,19,0.0464356451111489,20,0.2105738256708676,145.71,0.565864077669903,966.0,257.5
706,2013,8,Orissa,Kalahandi,2498.0,1523.862,0.22583388,31.96673393249512,23.472091674804688,27.71941375732422,-0.6109635018725155,14,-0.9287129022229832,8,-1.91201033709148,142.29,0.5725494929985514,2545.0,248.52
706,2014,8,Orissa,Kalahandi,2329.0,1364.3696,-0.1516061,32.797515869140625,22.9920654296875,27.894790649414062,-0.2112535604836221,22,0.6315247735116284,16,-0.496954228583248,158.19,0.6686250475506149,2498.0,236.59
706,2015,8,Orissa,Kalahandi,1118.0,1156.9282,-0.6425177,33.086883544921875,23.97032356262207,28.528602600097656,1.2332978547024531,19,0.0464356451111489,40,3.7482140969414464,133.29,0.6707427536231884,2329.0,198.72
706,2016,8,Orissa,Kalahandi,2380.0,1156.6813,-0.64310205,32.6434211730957,23.67009162902832,28.156757354736328,0.3858074045183239,22,0.6315247735116284,21,0.3874558392343966,161.65,0.7321105072463768,1118.0,220.8
706,2017,8,Orissa,Kalahandi,2151.0,1161.7085,-0.63120514,32.92002487182617,23.891496658325195,28.40576171875,0.9533252716641022,21,0.4364950640448019,10,-1.5582463099644217,178.77,0.8960004009623096,2380.0,199.52
706,2018,8,Orissa,Kalahandi,2175.0,1508.2996,0.18900512,32.661949157714844,23.340261459350582,28.00110626220703,0.0310554852054294,24,1.021584192445281,19,0.0336918121073387,99.219,0.46856670602125144,2151.0,211.75
706,2019,8,Orissa,Kalahandi,3020.0,1430.8447,0.0057076965,32.512821197509766,23.912919998168945,28.212871551513672,0.513699979404795,24,1.021584192445281,10,-1.5582463099644217,90.124,0.42427266735712266,2175.0,212.42
167,1990,9,Punjab,Kapurthala,2845.0,820.58215,1.9766595,33.609344482421875,22.6522216796875,28.130783081054688,-0.3807189386122104,35,-0.6831327836005731,32,-0.0659753482983905,97.1,1.0,,97.0
167,1991,9,Punjab,Kapurthala,2928.0,452.03412,-0.42675945,34.567710876464844,22.51686286926269,28.542285919189453,0.8171745695275923,55,1.2296390104810306,28,-0.4354372987693771,97.0,1.0,2845.0,97.0
167,1992,9,Punjab,Kapurthala,3052.0,358.14636,-1.0390314,33.7666015625,22.31235313415528,28.03947830200196,-0.6465090910815395,37,-0.4918556041924127,45,1.1347759907323158,96.8,0.9979381443298969,2928.0,97.0
167,1993,9,Punjab,Kapurthala,3225.0,629.13306,0.72815907,34.34810256958008,22.265033721923828,28.30656814575196,0.1309951209633319,53,1.0383618310728704,35,0.2111211145548493,101.7,0.9970588235294118,3052.0,102.0
167,1994,9,Punjab,Kapurthala,3188.0,468.5589,-0.3189961,33.704833984375,22.19248580932617,27.948659896850582,-0.9108833987863564,33,-0.8744099630087334,49,1.5042379412033022,100.9,0.9990099009900991,3225.0,101.0
167,1995,9,Punjab,Kapurthala,2637.0,679.38403,1.0558617,34.23235321044922,22.90725517272949,28.569805145263672,0.897283621539871,38,-0.3962170144883325,49,1.5042379412033022,102.3,1.0,3188.0,102.0
167,1996,9,Punjab,Kapurthala,3053.0,571.86896,0.35472167,33.11522674560547,22.0950984954834,27.60516357421875,-1.910808494845625,26,-1.5438800909372947,26,-0.6201682740048704,95.5,1.0,2637.0,95.0
167,1997,9,Punjab,Kapurthala,2990.0,623.65015,0.69240326,32.75529479980469,22.246994018554688,27.501144409179688,-2.213610495160404,33,-0.8744099630087334,11,-2.00565058827107,96.7,0.9670000000000001,3053.0,100.0
167,1998,9,Punjab,Kapurthala,3172.0,389.66293,-0.8335018,34.12803649902344,23.296274185180664,28.71215438842773,1.3116652939671118,53,1.0383618310728704,16,-1.5438231501823367,99.2,1.0,2990.0,99.0
167,1999,9,Punjab,Kapurthala,3490.0,341.4126,-1.1481576,34.06045913696289,22.72973823547364,28.39509963989257,0.3887121821084199,40,-0.2049398350801721,42,0.8576795278790759,99.89,0.9989,3172.0,100.0
167,2000,9,Punjab,Kapurthala,3476.0,361.23517,-1.0188884,33.63836669921875,22.730260848999023,28.184314727783203,-0.2248871771915968,33,-0.8744099630087334,36,0.303486602172596,103.04,1.0,3490.0,103.0
167,2001,9,Punjab,Kapurthala,3467.0,484.7264,-0.21356262,34.19392013549805,23.08555603027344,28.639738082885746,1.100859889354561,41,-0.1093012453760919,47,1.319506965967809,103.45,0.9852380952380952,3476.0,105.0
167,2002,9,Punjab,Kapurthala,3549.0,441.77438,-0.49366644,34.086143493652344,22.86143684387207,28.47378921508789,0.6177792080176844,58,1.5165547795932712,25,-0.7125337616226171,101.85,0.9985294117647058,3467.0,102.0
167,2003,9,Punjab,Kapurthala,3471.0,642.5984,0.8159708,34.015228271484375,22.6364688873291,28.325847625732425,0.1871180969641611,35,-0.6831327836005731,35,0.2111211145548493,103.74,0.9974999999999999,3549.0,104.0
167,2004,9,Punjab,Kapurthala,4029.0,199.45381,-2.0739162,33.31536102294922,22.56731986999512,27.941341400146484,-0.9321876982437284,50,0.7514460619606298,36,0.303486602172596,105.41,1.0,3471.0,105.0
167,2005,9,Punjab,Kapurthala,3907.0,555.98975,0.25116828,34.45457458496094,22.6650333404541,28.559803009033203,0.8681671903815407,49,0.6558074722565496,39,0.5805830650258359,108.44,1.0,4029.0,108.0
167,2006,9,Punjab,Kapurthala,3764.0,639.25134,0.7941436,33.63117599487305,22.916404724121094,28.27379035949707,0.0355782884965099,39,-0.3005784247842523,28,-0.4354372987693771,109.94,0.9994545454545455,3907.0,110.0
167,2007,9,Punjab,Kapurthala,3891.0,481.37167,-0.23543993,33.90078353881836,22.73392105102539,28.317352294921875,0.1623880084097642,35,-0.6831327836005731,38,0.4882175774080893,109.83,0.9984545454545455,3764.0,110.0
167,2008,9,Punjab,Kapurthala,3754.0,786.0768,1.751639,33.616668701171875,22.35496711730957,27.985816955566406,-0.8027184111060576,33,-0.8744099630087334,15,-1.6361886378000834,113.9,0.9991228070175439,3891.0,114.0
167,2009,9,Punjab,Kapurthala,3930.0,513.777,-0.024114627,35.1871223449707,22.465227127075195,28.826175689697266,1.6435837254402312,67,2.377302086929993,26,-0.6201682740048704,115.31,1.0,3754.0,115.0
167,2010,9,Punjab,Kapurthala,3890.0,426.28247,-0.59469414,33.90516662597656,22.5224838256836,28.21382522583008,-0.1389814901432099,42,-0.0136626556720117,29,-0.3430718111516305,117.8,0.9983050847457627,3930.0,118.0
167,2011,9,Punjab,Kapurthala,3669.0,1193.8215,4.410672,33.67751693725586,22.855621337890625,28.26656913757324,0.01455715799203,36,-0.5874941938964928,21,-1.0819957120936037,118.29,1.0,3890.0,118.0
167,2012,9,Punjab,Kapurthala,3803.0,962.9192,2.9048846,34.884971618652344,23.121112823486328,29.003042221069336,2.1584459574922543,55,1.2296390104810306,42,0.8576795278790759,116.47,0.9954700854700854,3669.0,117.0
167,2013,9,Punjab,Kapurthala,3855.0,450.58893,-0.436184,33.8707160949707,23.533790588378903,28.702253341674805,1.282843136426525,40,-0.2049398350801721,18,-1.3590921749468434,116.72,0.9976068376068375,3803.0,117.0
167,2014,9,Punjab,Kapurthala,3752.0,373.95374,-0.93594646,34.69789123535156,22.82567024230957,28.76177978515625,1.4561258786119424,57,1.420916189889191,22,-0.9896302244758568,116.66,0.997094017094017,3855.0,117.0
167,2015,9,Punjab,Kapurthala,4017.0,337.93933,-1.1708078,33.943328857421875,22.26223945617676,28.102783203125,-0.462227178391823,46,0.368891703144309,32,-0.0659753482983905,117.35,0.9944915254237288,3752.0,118.0
167,2016,9,Punjab,Kapurthala,4093.0,687.1002,1.1061814,34.70289993286133,22.95045661926269,28.826679229736328,1.6450495411964858,53,1.0383618310728704,25,-0.7125337616226171,118.16,1.0,4017.0,118.0
167,2017,9,Punjab,Kapurthala,4347.0,628.5112,0.7241039,34.46135330200195,22.84611320495605,28.653732299804688,1.1415973522471266,41,-0.1093012453760919,50,1.5966034288210489,118.42,1.0,4093.0,118.0
167,2018,9,Punjab,Kapurthala,4339.0,831.70325,2.0491838,34.02374649047852,22.801891326904297,28.412818908691406,0.4402933501978548,41,-0.1093012453760919,36,0.303486602172596,117.561,0.9962796610169492,4347.0,118.0
167,2019,9,Punjab,Kapurthala,4133.0,820.3388,1.9750726,34.44004440307617,23.0070743560791,28.72356033325196,1.344868241779274,66,2.281663497225913,27,-0.5278027863871237,120.183,1.0,4339.0,120.0
718,1995,8,Orissa,Kendrapara,1344.0,1019.7005,-1.1269324,31.901762008666992,24.70274543762207,28.30225372314453,-1.1894931078389035,8,-0.643124809349522,11,-0.4293831164474604,61.41,0.4073091463819062,,150.77
718,1996,8,Orissa,Kendrapara,980.0,678.94635,-2.1014526,32.133270263671875,24.726993560791016,28.430131912231445,-0.7904874233399998,5,-1.002078191312046,17,0.6526623370001396,51.31,0.3340494791666667,1344.0,153.6
718,1997,8,Orissa,Kendrapara,1182.0,1399.7964,-0.039899196,32.42229080200195,24.5195426940918,28.470916748046875,-0.6632305279467555,19,0.6730375911797324,8,-0.9704058431712604,50.41,0.32750779625779625,980.0,153.92
718,1998,8,Orissa,Kendrapara,1259.0,1305.76,-0.3088331,32.42496871948242,25.67117691040039,29.048072814941406,1.1376125491899487,13,-0.0448691727453154,7,-1.150746752079194,64.53,0.42459534149230166,1182.0,151.98
718,1999,8,Orissa,Kendrapara,529.0,1715.729,0.863634,31.607255935668945,24.96614456176757,28.28670120239257,-1.238020102415763,8,-0.643124809349522,6,-1.3310876609871272,88.82,0.5323982497152789,1259.0,166.83
718,2000,8,Orissa,Kendrapara,1002.0,755.94385,-1.881248,32.4318962097168,25.17444610595703,28.80317115783692,0.3734700943615009,4,-1.1217293186328872,14,0.1116396102763396,72.92,0.5483943746709784,529.0,132.97
718,2001,8,Orissa,Kendrapara,1432.0,1600.1511,0.53309375,31.831239700317383,24.93111038208008,28.381175994873047,-0.9432397375175428,1,-1.480682700595411,11,-0.4293831164474604,74.97,0.6029920373200354,1002.0,124.33
718,2002,8,Orissa,Kendrapara,920.0,1497.1865,0.2386261,32.77071762084961,25.16156768798828,28.966142654418945,0.8819739605159175,25,1.3909443551047802,12,-0.249042207539527,37.66,0.2928232641318715,1432.0,128.61
718,2003,8,Orissa,Kendrapara,1247.0,1901.6653,1.3953917,32.32817077636719,25.152809143066406,28.7404899597168,0.1778921420952883,17,0.4337353365380497,9,-0.7900649342633271,39.93,0.2836340389259838,920.0,140.78
718,2004,8,Orissa,Kendrapara,1505.0,1436.9758,0.06643,32.25209426879883,24.699281692504883,28.47568893432617,-0.6483403463878695,17,0.4337353365380497,24,1.915048699355673,63.51,0.4638475021910605,1247.0,136.92
718,2005,8,Orissa,Kendrapara,1705.0,1760.176,0.9907477,32.56941223144531,25.47614479064941,29.022777557373047,1.05868625509159,27,1.6302466097464627,15,0.291980519184273,29.37,0.2103717498746508,1505.0,139.61
718,2006,8,Orissa,Kendrapara,1124.0,1871.6986,1.3096902,32.486602783203125,24.36274528503418,28.42467498779297,-0.8075141257540704,13,-0.0448691727453154,26,2.27573051717154,30.13,0.22224680976617245,1705.0,135.57
718,2007,8,Orissa,Kendrapara,1411.0,1875.1914,1.3196793,32.166603088378906,25.349868774414062,28.758235931396484,0.2332631449825589,10,-0.4038225547078394,11,-0.4293831164474604,57.23,0.40623225440090854,1124.0,140.88
718,2008,8,Orissa,Kendrapara,1404.0,1691.9106,0.7955161,31.975950241088867,24.93692779541016,28.456439971923828,-0.7084009827956881,3,-1.2413804459537283,14,0.1116396102763396,60.06,0.4199412669556705,1411.0,143.02
718,2009,8,Orissa,Kendrapara,1694.0,1378.8467,-0.099813096,33.043331146240234,25.112876892089844,29.07810401916504,1.2313159499272928,26,1.5105954824256216,24,1.915048699355673,59.73,0.4175171256815322,1404.0,143.06
718,2010,8,Orissa,Kendrapara,1255.0,1008.2278,-1.1597432,33.06758117675781,25.51372528076172,29.29065322875977,1.8945122578325075,18,0.553386463858891,13,-0.0687012986315937,68.41,0.5061034253162684,1694.0,135.17
718,2011,8,Orissa,Kendrapara,1527.0,1355.3746,-0.16694061,32.47784423828125,24.61294174194336,28.545392990112305,-0.4308496649050864,15,0.1944330818963671,18,0.833003245908073,59.92,0.44388473220238533,1255.0,134.99
718,2012,8,Orissa,Kendrapara,1868.0,1146.9094,-0.76312864,32.871700286865234,24.932939529418945,28.902320861816406,0.682837123928285,18,0.553386463858891,19,1.0133441548160065,80.0,0.5603810591202018,1527.0,142.76
718,2013,8,Orissa,Kendrapara,1172.0,1800.4407,1.1059003,32.12692642211914,24.79228782653809,28.459606170654297,-0.698521805582351,10,-0.4038225547078394,11,-0.4293831164474604,80.42,0.5984076196145547,1868.0,134.39
718,2014,8,Orissa,Kendrapara,1438.0,1338.0925,-0.21636558,32.80901336669922,24.78468132019043,28.79684829711914,0.3537414964926761,26,1.5105954824256216,12,-0.249042207539527,78.24,0.6240229701706811,1172.0,125.38
718,2015,8,Orissa,Kendrapara,1846.0,1073.9314,-0.9718379,33.22909164428711,25.22225952148437,29.225675582885746,1.6917689264308493,19,0.6730375911797324,17,0.6526623370001396,68.04,0.5684685437379898,1438.0,119.69
718,2016,8,Orissa,Kendrapara,2598.0,1272.8577,-0.40293023,32.55841445922852,24.71903419494629,28.63872528076172,-0.1396341356398934,12,-0.1645203000661567,16,0.4723214280922063,67.62,0.5419137682320885,1846.0,124.78
718,2017,8,Orissa,Kendrapara,1380.0,1260.9343,-0.4370297,32.892295837402344,25.336042404174805,29.11417007446289,1.3438493004857204,19,0.6730375911797324,8,-0.9704058431712604,70.22,0.5761404660321628,2598.0,121.88
718,2018,8,Orissa,Kendrapara,1444.0,1875.2607,1.3198775,32.74342727661133,24.79977226257324,28.77159881591797,0.2749580338721006,20,0.7926887185005737,18,0.833003245908073,46.184,0.36994553027875676,1380.0,124.84
718,2019,8,Orissa,Kendrapara,2138.0,1440.1947,0.07563563,32.66590881347656,25.07549285888672,28.87070083618164,0.5841762806495493,26,1.5105954824256216,11,-0.4293831164474604,35.7,0.27934272300469487,1444.0,127.8
707,1990,8,Orissa,Keonjhar,1004.0,1673.8857,1.7314321,31.850387573242188,24.38490295410156,28.117645263671875,-0.5414576099995422,13,-0.5157215960460472,16,0.3546634510659543,41.39,0.19133690828402367,,216.32
707,1991,8,Orissa,Keonjhar,1151.0,1345.1011,0.34434304,31.994836807250977,23.73797416687012,27.866405487060547,-1.1411903959020218,14,-0.371319549153154,14,0.0,47.16,0.22642596504705204,1004.0,208.28
707,1992,8,Orissa,Keonjhar,881.0,999.19116,-1.1149946,32.47843170166016,23.82875633239746,28.153594970703125,-0.4556423054286282,19,0.3506906853113117,19,0.8866586276648858,46.8,0.21686746987951805,1151.0,215.8
707,1993,8,Orissa,Keonjhar,1176.0,1237.6721,-0.10888226,32.386863708496094,24.048627853393555,28.21774673461914,-0.3025060599947295,15,-0.2269175022602609,12,-0.3546634510659543,48.63,0.22187243361620587,881.0,219.18
707,1994,8,Orissa,Keonjhar,1125.0,1454.3147,0.8050976,31.908496856689453,23.13849639892578,27.523496627807617,-1.9597458342335492,9,-1.09332978361762,15,0.1773317255329771,57.31,0.27767818208246525,1176.0,206.39
707,1995,8,Orissa,Keonjhar,1121.0,1069.6421,-0.81777364,32.35405349731445,24.245359420776367,28.299705505371094,-0.1068628279588544,16,-0.0825154553673677,8,-1.063990353197863,55.98,0.2556397844552014,1125.0,218.98
707,1996,8,Orissa,Keonjhar,697.0,1037.9155,-0.95162284,32.37313461303711,24.30000114440918,28.336566925048828,-0.0188711802435804,10,-0.9489277367247266,24,1.7733172553297716,55.73,0.26868190145598303,1121.0,207.42
707,1997,8,Orissa,Keonjhar,1304.0,1305.7388,0.17827988,32.563072204589844,24.109214782714844,28.336143493652344,-0.0198819504905425,22,0.7838968259899912,8,-1.063990353197863,5.29,0.024311779033962956,697.0,217.59
707,1998,8,Orissa,Keonjhar,733.0,1001.2833,-1.1061682,32.98497009277344,25.19679832458496,29.09088516235352,1.7817568254708314,18,0.2062886384184185,8,-1.063990353197863,52.73,0.24321955719557192,1304.0,216.8
707,1999,8,Orissa,Keonjhar,808.0,1633.9707,1.563037,31.824508666992188,24.40431404113769,28.114410400390625,-0.5491795304448027,9,-1.09332978361762,6,-1.4186538042638173,72.66,0.34858952216465167,733.0,208.44
707,2000,8,Orissa,Keonjhar,1044.0,1050.8721,-0.89696133,32.61653518676758,24.180456161499023,28.398494720458984,0.1289562448842016,14,-0.371319549153154,13,-0.1773317255329771,15.1,0.0749379652605459,808.0,201.5
707,2001,8,Orissa,Keonjhar,1330.0,1431.8665,0.71039206,32.045291900634766,24.023530960083008,28.034412384033203,-0.7401422588145649,5,-1.6709379711891923,13,-0.1773317255329771,63.46,0.2988743936325531,1044.0,212.33
707,2002,8,Orissa,Keonjhar,510.0,886.05176,-1.5923114,32.98085021972656,24.202289581298828,28.59156990051269,0.5898447124032887,29,1.7947111542402434,12,-0.3546634510659543,44.06,0.20743879472693033,1330.0,212.4
707,2003,8,Orissa,Keonjhar,1543.0,1287.7549,0.10240878,32.42764663696289,24.12601089477539,28.27682876586914,-0.1614717394095941,18,0.2062886384184185,8,-1.063990353197863,61.29,0.27690431011114125,510.0,221.34
707,2004,8,Orissa,Keonjhar,1348.0,1145.7247,-0.49679336,32.37078857421875,23.75379180908203,28.06229019165039,-0.6735953312037584,20,0.4950927322042049,16,0.3546634510659543,61.81,0.30057381832328345,1543.0,205.64
707,2005,8,Orissa,Keonjhar,1426.0,1372.3213,0.4591807,33.0343132019043,24.618040084838867,28.826175689697266,1.1498706184690333,28,1.65030910734735,9,-0.8866586276648858,55.74,0.27721688964042374,1348.0,201.07
707,2006,8,Orissa,Keonjhar,1380.0,1362.7231,0.4186877,32.4140510559082,23.42523002624512,27.919639587402344,-1.0141156319708775,16,-0.0825154553673677,14,0.0,56.72,0.29553980825343895,1426.0,191.92
707,2007,8,Orissa,Keonjhar,1650.0,1635.7146,1.5703943,32.42778015136719,24.66895294189453,28.54836654663086,0.486714276079243,13,-0.5157215960460472,23,1.5959855297967944,61.74,0.2986359678823643,1380.0,206.74
707,2008,8,Orissa,Keonjhar,1342.0,1501.5494,1.0043733,32.34803771972656,24.26313591003418,28.305587768554688,-0.0928213169605151,7,-1.3821338774034062,23,1.5959855297967944,54.82,0.26462637574821396,1650.0,207.16
707,2009,8,Orissa,Keonjhar,1443.0,1108.1262,-0.65541536,33.392940521240234,24.582550048828125,28.98774528503418,1.535552315991187,27,1.5059070604544569,23,1.5959855297967944,68.05,0.3480640376451332,1342.0,195.51
707,2010,8,Orissa,Keonjhar,1074.0,991.67395,-1.1467086,33.46706008911133,24.98535919189453,29.22620964050293,2.1047889797578443,26,1.3615050135615638,10,-0.7093269021319086,38.14,0.21005672743294598,1443.0,181.57
707,2011,8,Orissa,Keonjhar,1713.0,1775.8738,2.161703,32.71666717529297,23.99692726135254,28.35679626464844,0.029418140654089,18,0.2062886384184185,12,-0.3546634510659543,63.4,0.3697655429837863,1074.0,171.46
707,2012,8,Orissa,Keonjhar,1664.0,1096.2388,-0.7055666,33.201045989990234,24.37653541564941,28.78879165649414,1.0606314435120132,21,0.6394947790970981,17,0.5319951765989315,66.89,0.3919718722531497,1713.0,170.65
707,2013,8,Orissa,Keonjhar,1555.0,1526.0603,1.1077806,32.30680084228516,24.27293968200684,28.289871215820312,-0.1303381945955072,14,-0.371319549153154,7,-1.24132207873084,66.65,0.3800536009579746,1664.0,175.37
707,2014,8,Orissa,Keonjhar,2348.0,1328.0144,0.27225715,33.09242248535156,24.2550048828125,28.67371368408203,0.785929587294827,28,1.65030910734735,14,0.0,49.66,0.2824800910125142,1555.0,175.8
707,2015,8,Orissa,Keonjhar,1132.0,1020.05597,-1.0269694,33.579776763916016,24.69481658935547,29.137296676635746,1.89254543997232,23,0.9282988728828844,13,-0.1773317255329771,69.12,0.3779114270092947,2348.0,182.9
707,2016,8,Orissa,Keonjhar,2190.0,1037.8745,-0.95179594,32.86186599731445,24.22303009033203,28.54244804382324,0.4725862577174164,22,0.7838968259899912,15,0.1773317255329771,75.8,0.3930719767683053,1132.0,192.84
707,2017,8,Orissa,Keonjhar,2097.0,1169.2961,-0.3973494,33.199562072753906,24.755096435546875,28.97732925415039,1.510688278519744,24,1.0727009197757775,10,-0.7093269021319086,79.91,0.42424081545975784,2190.0,188.36
707,2018,8,Orissa,Keonjhar,2286.0,1359.8777,0.40668318,32.96720504760742,24.197160720825195,28.582183837890625,0.5674393052623025,27,1.5059070604544569,18,0.7093269021319086,14.148,0.08804530462380981,2097.0,160.69
707,2019,8,Orissa,Keonjhar,2950.0,1167.7437,-0.4038991,32.93656921386719,24.50885391235352,28.72271156311035,0.9028920957372192,32,2.2279172949189228,7,-1.24132207873084,12.853,0.07229315484560436,2286.0,177.79
725,1995,8,Orissa,Khurda,1330.0,1067.7814,-1.0128332,31.8856201171875,23.87908363342285,27.88235092163086,-1.1023028205437866,14,0.1066596619070958,15,-0.0181643377883541,49.69,0.4256467363371595,,116.74
725,1996,8,Orissa,Khurda,1098.0,708.0779,-2.1905863,32.02497100830078,24.18071937561035,28.10284423828125,-0.5082181664550781,4,-1.20607463848793,17,0.3632867557670851,63.69,0.5248887423767925,1330.0,121.34
725,1997,8,Orissa,Khurda,1413.0,1264.3901,-0.36909026,32.18856430053711,23.966535568237305,28.07754898071289,-0.5763722700391376,16,0.369206521986101,23,1.5076400364334033,52.77,0.4600296399616425,1098.0,114.71
725,1998,8,Orissa,Khurda,1685.0,1208.7906,-0.55113596,32.513267517089844,25.19816970825196,28.8557186126709,1.520283735898318,13,-0.0246137681324067,12,-0.5903409781215132,41.83,0.33224781572676726,1413.0,125.9
725,1999,8,Orissa,Khurda,791.0,1557.8711,0.59183484,31.381567001342773,24.247188568115234,27.814376831054688,-1.285448344863551,7,-0.8122543483694222,5,-1.925419805565551,69.75,0.5096448925909688,1685.0,136.86
725,2000,8,Orissa,Khurda,1536.0,793.14514,-1.9120563,32.25947952270508,24.251829147338867,28.255653381347656,-0.0964979008284369,5,-1.0748012084484273,13,-0.3996154313437935,46.9,0.397121083827265,791.0,118.1
725,2001,8,Orissa,Khurda,1490.0,1821.2936,1.4543415,31.62450790405273,23.81647109985352,27.720489501953125,-1.538413025516676,1,-1.5998949286064377,13,-0.3996154313437935,57.87,0.44084710901196,1536.0,131.27
725,2002,8,Orissa,Khurda,460.0,1780.1566,1.3196496,32.61124038696289,24.28902053833008,28.450130462646484,0.4274900881353604,22,1.1568471022231164,13,-0.3996154313437935,91.77,0.8132033673017279,1490.0,112.85
725,2003,8,Orissa,Khurda,1372.0,1643.5105,0.8722383,31.94124412536621,24.377450942993164,28.159347534179688,-0.3559788990312973,17,0.5004799520256036,9,-1.1625176184546722,38.42,0.33781763826606875,460.0,113.73
725,2004,8,Orissa,Khurda,1635.0,1106.3088,-0.8866853,32.1807861328125,24.37124252319336,28.27601432800293,-0.0416385239803117,17,0.5004799520256036,24,1.6983655832111229,52.6,0.4750293506728077,1372.0,110.73
725,2005,8,Orissa,Khurda,1728.0,1703.2366,1.0677954,32.48882293701172,25.11170196533203,28.800262451171875,1.370865807855298,26,1.6819408223811267,16,0.1725612089893654,54.43,0.44942614152423416,1635.0,121.11
725,2006,8,Orissa,Khurda,1637.0,1767.2834,1.2774998,32.200592041015625,23.97764778137207,28.08911895751953,-0.5451987824549945,12,-0.1558871981719093,13,-0.3996154313437935,57.66,0.4733601510549216,1728.0,121.81
725,2007,8,Orissa,Khurda,1629.0,1491.5723,0.37475702,32.104637145996094,25.069868087768555,28.58725357055664,0.7969467926192398,11,-0.2871606282114118,24,1.6983655832111229,57.58,0.5228841264075553,1637.0,110.12
725,2008,8,Orissa,Khurda,1326.0,1643.096,0.8708809,31.84673118591309,24.29686164855957,28.071796417236328,-0.5918716499523878,3,-1.3373480685274324,17,0.3632867557670851,58.43,0.4748476229175132,1629.0,123.05
725,2009,8,Orissa,Khurda,1876.0,1362.051,-0.049325734,32.85189437866211,24.439672470092773,28.645782470703125,0.9546437329435086,23,1.288120532262619,25,1.8890911299888424,47.01,0.414002642007926,1326.0,113.55
725,2010,8,Orissa,Khurda,1703.0,1319.7479,-0.18783596,32.95692825317383,24.792680740356445,28.874805450439453,1.5717102262139329,20,0.8943002421441113,11,-0.7810665248992329,49.64,0.49280254144743374,1876.0,100.73
725,2011,8,Orissa,Khurda,1567.0,1033.4917,-1.1251056,32.23679733276367,23.70647048950196,27.97163391113281,-0.8617438106833055,14,0.1066596619070958,26,2.079816676766562,47.35,0.4891023654581138,1703.0,96.81
725,2012,8,Orissa,Khurda,2292.0,1184.4729,-0.6307579,32.40627670288086,24.05647087097168,28.23137283325196,-0.1619180289105475,18,0.6317533820651061,17,0.3632867557670851,49.64,0.5543890998436453,1567.0,89.54
725,2013,8,Orissa,Khurda,811.0,1722.56,1.131065,31.75640869140625,23.931371688842773,27.843891143798828,-1.2059266589293225,8,-0.6809809183299196,5,-1.925419805565551,51.82,0.5268937468225725,2292.0,98.35
725,2014,8,Orissa,Khurda,2177.0,1249.9723,-0.41629767,32.48770523071289,23.54861831665039,28.01816177368164,-0.7363817836263249,21,1.025573672183614,11,-0.7810665248992329,37.49,0.3655421216848674,811.0,102.56
725,2015,8,Orissa,Khurda,1432.0,928.669,-1.4683195,32.91194152832031,24.57454490661621,28.74324417114257,1.2172389964737564,12,-0.1558871981719093,13,-0.3996154313437935,45.42,0.4588342256793616,2177.0,98.99
725,2016,8,Orissa,Khurda,2632.0,1048.5614,-1.075764,32.27496337890625,23.969236373901367,28.122100830078125,-0.4563343005385749,12,-0.1558871981719093,15,-0.0181643377883541,44.23,0.4652361417902598,1432.0,95.07
725,2017,8,Orissa,Khurda,1622.0,1334.7026,-0.13887075,32.61907958984375,24.37983131408692,28.499454498291016,0.5603859649777507,12,-0.1558871981719093,10,-0.9717920716769526,44.27,0.5268983575339206,2632.0,84.02
725,2018,8,Orissa,Khurda,2175.0,1501.6538,0.40776634,32.446434020996094,23.90576934814453,28.176101684570312,-0.3108374689391258,16,0.369206521986101,18,0.5540123025448048,18.825,0.21353221415607984,1622.0,88.16
725,2019,8,Orissa,Khurda,2610.0,1490.883,0.3725004,32.421478271484375,24.51004981994629,28.465763092041016,0.4696097558306516,20,0.8943002421441113,6,-1.7346942587878311,11.267,0.12651021783067595,2175.0,89.06
107,1990,7,Maharashtra,Kolhapur,2515.0,2004.8903,0.766475,29.041635513305664,21.93195915222168,25.486797332763672,-1.3701277434312786,0,-0.6606874726434099,14,0.4999925641159102,,,,103.1
107,1991,7,Maharashtra,Kolhapur,2483.0,1872.8811,0.44868058,29.458499908447266,22.08731842041016,25.77290916442871,-0.3515287751359945,2,0.1801874925391118,14,0.4999925641159102,,,2515.0,101.9
107,1992,7,Maharashtra,Kolhapur,2616.0,1696.2134,0.02337661,29.70464134216309,22.218889236450195,25.96176528930664,0.3208259920101509,0,-0.6606874726434099,10,-0.524382445292296,,,2483.0,102.3
107,1993,7,Maharashtra,Kolhapur,2403.0,2068.7642,0.9202429,29.228235244750977,22.301437377929688,25.764835357666016,-0.380272679891129,5,1.4414999403128943,4,-2.0609449594046056,,,2616.0,101.6
107,1994,7,Maharashtra,Kolhapur,2317.0,2071.7114,0.92733806,28.86169815063477,22.0766658782959,25.469181060791016,-1.4328441866910049,0,-0.6606874726434099,14,0.4999925641159102,,,2403.0,102.6
107,1995,7,Maharashtra,Kolhapur,2234.0,1403.5985,-0.68105465,29.979671478271484,22.569868087768555,26.274768829345703,1.4351632813880335,3,0.6006249751303726,13,0.2438988117638587,,,2317.0,102.3
107,1996,7,Maharashtra,Kolhapur,2708.0,1667.7142,-0.04523128,29.483530044555664,22.028301239013672,25.755916595458984,-0.4120247466605616,5,1.4414999403128943,13,0.2438988117638587,,,2234.0,103.3
107,1997,7,Maharashtra,Kolhapur,2297.0,2277.9153,1.4237463,30.157251358032227,22.456274032592773,26.3067626953125,1.5490660119249164,1,-0.240249990052149,9,-0.7804761976443476,,,2708.0,110.1
107,1998,7,Maharashtra,Kolhapur,2726.0,1728.3323,0.10069857,29.77647018432617,22.73914909362793,26.25780868530273,1.374782747231961,6,1.8619374229041556,8,-1.0365699499963992,,,2297.0,106.3
107,1999,7,Maharashtra,Kolhapur,2537.0,1886.3997,0.4812247,29.06999969482422,22.074052810668945,25.572025299072266,-1.0667040155601646,0,-0.6606874726434099,9,-0.7804761976443476,,,2726.0,103.5
107,2000,7,Maharashtra,Kolhapur,2190.0,1560.9774,-0.30218592,29.303199768066406,22.176538467407227,25.7398681640625,-0.4691594536319061,0,-0.6606874726434099,10,-0.524382445292296,,,2537.0,106.7
107,2001,7,Maharashtra,Kolhapur,2733.0,1484.0996,-0.487259,29.32248306274414,22.232484817504883,25.777484893798828,-0.3352385253113861,0,-0.6606874726434099,14,0.4999925641159102,,,2190.0,106.3
107,2002,7,Maharashtra,Kolhapur,2212.0,1437.5769,-0.5992562,29.844703674316406,22.350719451904297,26.09771156311035,0.8048141355070101,0,-0.6606874726434099,14,0.4999925641159102,,,2733.0,106.1
107,2003,7,Maharashtra,Kolhapur,2323.0,1464.6819,-0.53400457,30.132875442504883,22.294248580932617,26.21356201171875,1.217258272271033,7,2.2823749054954163,9,-0.7804761976443476,,,2212.0,106.9
107,2004,7,Maharashtra,Kolhapur,2532.0,1771.1764,0.20384006,29.567710876464844,21.821046829223636,25.69437789916992,-0.6311112911962707,0,-0.6606874726434099,17,1.268273821172065,,,2323.0,111.1
107,2005,7,Maharashtra,Kolhapur,2275.0,1223.688,-1.1141652,29.45725440979004,22.055294036865234,25.756275177001957,-0.4107481451736811,0,-0.6606874726434099,7,-1.2926637023484508,,,2532.0,108.9
107,2006,7,Maharashtra,Kolhapur,2594.0,2223.8325,1.2935493,29.36477470397949,21.59960556030273,25.4821891784668,-1.3865334306243815,0,-0.6606874726434099,15,0.7560863164679619,,,2275.0,110.4
107,2007,7,Maharashtra,Kolhapur,3005.0,2120.7502,1.0453925,29.3643798828125,21.925621032714844,25.645000457763672,-0.8069020321130956,0,-0.6606874726434099,14,0.4999925641159102,,,2594.0,112.5
107,2008,7,Maharashtra,Kolhapur,2510.0,624.36304,-2.55696,29.7998046875,22.127973556518555,25.963890075683597,0.3283905348632621,0,-0.6606874726434099,20,2.03655507822822,,,3005.0,114.4
107,2009,7,Maharashtra,Kolhapur,2588.0,963.68066,-1.7400981,29.998628616333008,22.52503204345703,26.261829376220703,1.3890969809252809,0,-0.6606874726434099,17,1.268273821172065,,,2510.0,113.3
107,2010,7,Maharashtra,Kolhapur,2885.0,1863.3145,0.42565015,29.66294288635254,22.43640518188477,26.04967498779297,0.6337970692991055,4,1.0210624577216336,8,-1.0365699499963992,,,2588.0,112.0
107,2011,7,Maharashtra,Kolhapur,2678.0,2202.3958,1.2419431,29.45013236999512,22.150196075439453,25.80016326904297,-0.2545002716996337,0,-0.6606874726434099,14,0.4999925641159102,,,2885.0,104.9
107,2012,7,Maharashtra,Kolhapur,2617.0,1776.962,0.21776822,29.917320251464844,21.958627700805664,25.937973022460938,0.2361221252689397,3,0.6006249751303726,11,-0.2682886929402445,,,2678.0,108.5
107,2013,7,Maharashtra,Kolhapur,3119.0,1897.1099,0.5070081,28.89889144897461,21.927188873291016,25.41304016113281,-1.6327138045890977,0,-0.6606874726434099,10,-0.524382445292296,,,2617.0,109.6
107,2014,7,Maharashtra,Kolhapur,3029.0,1668.6289,-0.043029327,30.140159606933597,22.181095123291016,26.160627365112305,1.0288033729870156,2,0.1801874925391118,11,-0.2682886929402445,,,3119.0,111.8
107,2015,7,Maharashtra,Kolhapur,2461.0,927.13513,-1.8280766,30.94359588623047,22.550222396850582,26.746910095214844,3.116053594470117,2,0.1801874925391118,18,1.5243675735241164,,,3029.0,112.4
107,2016,7,Maharashtra,Kolhapur,3483.0,1613.5691,-0.17557849,29.20539093017578,22.00715446472168,25.606273651123047,-0.9447749926961926,2,0.1801874925391118,19,1.780461325876168,,,2461.0,114.2
107,2017,7,Maharashtra,Kolhapur,3054.0,1641.3295,-0.108749084,30.134994506835938,22.465578079223636,26.30028533935547,1.5260056999597766,0,-0.6606874726434099,15,0.7560863164679619,,,3483.0,109.46
107,2018,7,Maharashtra,Kolhapur,3077.0,1696.4005,0.02382711,29.91670227050781,22.157501220703125,26.03710174560547,0.5890345320569969,0,-0.6606874726434099,13,0.2438988117638587,,,3054.0,106.9
107,2019,7,Maharashtra,Kolhapur,2437.0,3125.9043,3.4651668,29.7071533203125,22.4642276763916,26.08568954467773,0.7620140335293082,4,1.0210624577216336,7,-1.2926637023484508,,,3077.0,111.8
708,1990,8,Orissa,Koraput,1257.0,1513.7683,0.56022716,31.0856876373291,24.127058029174805,27.606372833251957,-0.812344920753745,5,-1.1798497593106736,6,-1.2489199190663092,67.55,0.1643272435351643,,411.07
708,1991,8,Orissa,Koraput,1396.0,1450.5491,0.35535654,31.37588119506836,23.8984317779541,27.637157440185547,-0.7058090568044592,5,-1.1798497593106736,10,-0.2951992535974911,72.49,0.1638784645295474,1257.0,442.34
708,1992,8,Orissa,Koraput,960.0,1373.2468,0.10484799,32.08222198486328,23.75836563110352,27.9202938079834,0.2740370599211755,21,1.5169496905422946,17,1.3738119109729403,87.06,0.21361271959956818,1396.0,407.56
708,1993,8,Orissa,Koraput,1295.0,1128.2334,-0.6891517,31.74137306213379,24.237777709960938,27.989574432373047,0.5137955596875889,14,0.337099931231621,10,-0.2951992535974911,106.08,0.24196528363860312,960.0,438.41
708,1994,8,Orissa,Koraput,1351.0,1347.3623,0.020965643,30.864641189575195,23.92006492614746,27.392353057861328,-1.5530002009285573,10,-0.337099931231621,8,-0.7720595863319001,124.64,0.2902519677704811,1295.0,429.42
708,1995,8,Orissa,Koraput,1303.0,1297.4058,-0.14092539,31.66692924499512,24.05660057067871,27.861764907836918,0.0714869037162321,18,1.0112997936948631,13,0.4200912455041224,66.23,0.5144876874077527,1351.0,128.73
708,1996,8,Orissa,Koraput,1415.0,1165.1741,-0.56944036,31.054834365844727,23.99993324279785,27.52738380432129,-1.085701162001067,8,-0.674199862463242,8,-0.7720595863319001,75.53,0.5795288882068594,1303.0,130.33
708,1997,8,Orissa,Koraput,1189.0,1012.01337,-1.0657786,32.14379119873047,24.29405212402344,28.218921661376957,1.307494346844834,14,0.337099931231621,7,-1.0104897526991046,62.08,0.561759116822007,1415.0,110.51
708,1998,8,Orissa,Koraput,1531.0,1116.544,-0.72703296,31.672290802001957,24.810850143432617,28.24156951904297,1.3858714750067809,13,0.1685499656158105,11,-0.0567690872302865,76.96,0.5963580007748933,1189.0,129.05
708,1999,8,Orissa,Koraput,1401.0,995.8711,-1.1180899,31.07444190979004,23.93640518188477,27.50542449951172,-1.1616954248045446,9,-0.5056498968474316,9,-0.5336294199646956,77.96,0.5892222810067266,1531.0,132.31
708,2000,8,Orissa,Koraput,1494.0,1085.2106,-0.82857305,31.693269729614254,23.83816909790039,27.76572036743164,-0.2608931104824228,4,-1.348399724926484,12,0.1816610791369179,68.98,0.4525059039622147,1401.0,152.44
708,2001,8,Orissa,Koraput,1496.0,1384.6946,0.141946,31.515426635742188,23.671632766723636,27.593528747558597,-0.8567942706815326,4,-1.348399724926484,12,0.1816610791369179,87.15,0.6179974471706141,1494.0,141.02
708,2002,8,Orissa,Koraput,1038.0,915.9019,-1.377241,32.0730094909668,23.63372611999512,27.85336685180664,0.0424238672249864,14,0.337099931231621,15,0.8969515782385314,70.97,0.5565837973492275,1496.0,127.51
708,2003,8,Orissa,Koraput,1570.0,1381.0067,0.12999497,31.598432540893555,24.56026268005371,28.079347610473636,0.824472356992486,14,0.337099931231621,9,-0.5336294199646956,76.67,0.6116473873155166,1038.0,125.35
708,2004,8,Orissa,Koraput,1578.0,1198.5596,-0.46125007,31.636865615844727,23.88869285583496,27.762779235839844,-0.2710714439526706,11,-0.1685499656158105,17,1.3738119109729403,84.0,0.6345369391146699,1570.0,132.38
708,2005,8,Orissa,Koraput,1641.0,1469.9884,0.41835237,31.734119415283203,24.340065002441406,28.037092208862305,0.6782396723622208,24,2.0225995873897262,8,-0.7720595863319001,85.51,0.6204019444242908,1578.0,137.83
708,2006,8,Orissa,Koraput,1700.0,2120.1533,2.5253012,31.5258846282959,23.48934555053711,27.507614135742188,-1.1541177809499117,13,0.1685499656158105,13,0.4200912455041224,87.82,0.6657064887810794,1641.0,131.92
708,2007,8,Orissa,Koraput,1917.0,2088.7305,2.423471,31.587251663208008,24.13333320617676,27.860292434692383,0.0663911362460432,14,0.337099931231621,9,-0.5336294199646956,84.28,0.6495067817509248,1700.0,129.76
708,2008,8,Orissa,Koraput,1626.0,1453.5156,0.36497006,31.584115982055664,23.936992645263672,27.760555267333984,-0.278767901038474,4,-1.348399724926484,13,0.4200912455041224,72.38,0.5532793150894358,1917.0,130.82
708,2009,8,Orissa,Koraput,1357.0,1188.8663,-0.49266234,32.76914978027344,24.360654830932617,28.564903259277344,2.504828083227533,22,1.6854996561581053,23,2.8043929091761672,66.99,0.5717333788512418,1626.0,117.17
708,2010,8,Orissa,Koraput,1889.0,1471.9497,0.42470825,31.89176177978516,24.062746047973636,27.97725296020508,0.4711548111676145,11,-0.1685499656158105,6,-1.2489199190663092,78.67,0.5855601042054336,1357.0,134.35
708,2011,8,Orissa,Koraput,1471.0,852.2933,-1.5833735,32.3322868347168,23.616798400878903,27.97454261779785,0.4617751666402331,12,0.0,18,1.612242077340145,71.38,0.6041984086676824,1889.0,118.14
708,2012,8,Orissa,Koraput,2010.0,1202.8826,-0.4472408,31.719802856445312,23.63457489013672,27.677188873291016,-0.5672728292599974,15,0.5056498968474316,18,1.612242077340145,80.85,0.6705092055067174,1471.0,120.58
708,2013,8,Orissa,Koraput,2678.0,1412.9692,0.23357393,31.25215721130371,23.6901969909668,27.471176147460938,-1.2802182236318913,10,-0.337099931231621,7,-1.0104897526991046,84.85,0.639605005276647,2010.0,132.66
708,2014,8,Orissa,Koraput,2042.0,1461.4128,0.3905621,32.49506378173828,23.4112548828125,27.95315933227539,0.387774325826389,24,2.0225995873897262,15,0.8969515782385314,86.48,0.6419239904988124,2678.0,134.72
708,2015,8,Orissa,Koraput,1972.0,1300.4752,-0.1309784,32.49409484863281,24.322906494140625,28.40850067138672,1.9635678078965888,8,-0.674199862463242,27,3.7581135746449856,80.96,0.6651330923430825,2042.0,121.72
708,2016,8,Orissa,Koraput,2530.0,1296.3315,-0.14440656,31.914209365844727,23.752281188964844,27.83324432373047,-0.027213887710885,10,-0.337099931231621,15,0.8969515782385314,83.96,0.6717337386990959,1972.0,124.99
708,2017,8,Orissa,Koraput,2318.0,1321.8848,-0.061597824,31.83374786376953,23.785106658935547,27.80942726135254,-0.1096372664676838,5,-1.1798497593106736,8,-0.7720595863319001,81.92,0.6600064453754431,2530.0,124.12
708,2018,8,Orissa,Koraput,2629.0,1448.7169,0.3494192,31.747758865356445,23.75045585632324,27.749107360839844,-0.3183855128986731,14,0.337099931231621,18,1.612242077340145,78.708,0.5949206349206348,2318.0,132.3
708,2019,8,Orissa,Koraput,2881.0,1595.842,0.8261984,31.817651748657227,24.284320831298828,28.050987243652344,0.7263260273108297,21,1.5169496905422946,11,-0.0567690872302865,76.214,0.6066544615139696,2629.0,125.63
515,1990,7,Maharashtra,Latur,1139.0,1009.1852,1.556369,30.31405067443848,21.37156867980957,25.842809677124023,-2.5351273388043247,0,-2.0845777561679126,12,-0.9437765401698,,,,24.4
515,1991,7,Maharashtra,Latur,259.0,480.6661,-1.3820977,32.20915222167969,21.66535758972168,26.937255859375,-0.1588455350003101,9,-0.9901744341797584,27,1.575626935707208,,,1139.0,21.6
515,1992,7,Maharashtra,Latur,758.0,525.6106,-1.1322148,32.87457656860352,22.098756790161133,27.48666763305664,1.034047474969534,29,1.4418329480161396,19,0.231945081906137,,,259.0,23.6
515,1993,7,Maharashtra,Latur,847.0,623.50745,-0.5879267,32.35163116455078,22.249282836914062,27.300457000732425,0.6297435042098188,19,0.2258292569181905,9,-1.4476572353452015,,,758.0,22.9
515,1994,7,Maharashtra,Latur,632.0,461.44073,-1.4889871,31.510326385498047,21.68065452575684,26.595489501953125,-0.9008949746754936,10,-0.8685740650699635,18,0.0639848501810031,,,847.0,23.4
515,1995,7,Maharashtra,Latur,595.0,727.6945,-0.008666167,33.011436462402344,22.087451934814453,27.5494441986084,1.170349115785842,25,0.95543147157696,13,-0.7758163084446662,,,632.0,22.0
515,1996,7,Maharashtra,Latur,809.0,883.40405,0.8570496,32.02862930297852,21.62320327758789,26.825916290283203,-0.4005880677688562,27,1.1986322097965498,16,-0.2719356132692646,,,595.0,22.0
515,1997,7,Maharashtra,Latur,265.0,526.002,-1.1300386,32.78568649291992,22.21261405944824,27.49914932250977,1.0611479500858076,20,0.3474296260279855,22,0.7358257770815386,,,809.0,22.6
515,1998,7,Maharashtra,Latur,483.0,1121.1818,2.179049,32.23496627807617,22.245553970336918,27.24026107788086,0.4990450025793786,18,0.1042288878083956,15,-0.4398958449943984,,,265.0,20.3
515,1999,7,Maharashtra,Latur,594.0,736.7103,0.04146003,31.4530029296875,20.959346771240234,26.206174850463867,-1.7461821503185235,12,-0.6253733268503737,15,-0.4398958449943984,,,483.0,19.7
515,2000,7,Maharashtra,Latur,625.0,865.7185,0.75872123,31.847713470458984,21.08169937133789,26.46470642089844,-1.1848536204231497,5,-1.476575910618938,14,-0.6078560767195323,,,594.0,20.8
515,2001,7,Maharashtra,Latur,647.0,708.2781,-0.11661794,31.8903923034668,21.993791580200195,26.94209289550781,-0.1483432726386246,6,-1.3549755415091431,17,-0.1039753815441307,,,625.0,20.7
515,2002,7,Maharashtra,Latur,444.0,622.672,-0.5925716,32.54450988769531,21.93816947937012,27.24134063720703,0.5013889617657801,26,1.077031840686755,14,-0.6078560767195323,,,647.0,20.7
515,2003,7,Maharashtra,Latur,327.0,655.0825,-0.41237524,32.53346633911133,22.368562698364254,27.45101547241211,0.9566388440292238,18,0.1042288878083956,23,0.9037860088066724,,,444.0,20.5
515,2004,7,Maharashtra,Latur,312.0,716.13293,-0.0729464,32.14679718017578,21.609149932861328,26.877973556518555,-0.2875603679906685,18,0.1042288878083956,14,-0.6078560767195323,,,327.0,19.9
515,2005,7,Maharashtra,Latur,456.0,790.98895,0.34323898,32.04960632324219,22.01791000366211,27.03375816345215,0.0506820534024819,24,0.8338311024671651,17,-0.1039753815441307,,,312.0,18.2
515,2006,7,Maharashtra,Latur,415.0,796.4806,0.37377146,31.793657302856445,21.84666633605957,26.820161819458008,-0.4130822813119182,14,-0.3821725886307839,24,1.0717462405318063,,,456.0,15.9
515,2007,7,Maharashtra,Latur,468.0,754.17847,0.1385796,31.84052276611328,21.863006591796875,26.85176467895508,-0.3444655679559372,14,-0.3821725886307839,31,2.247467862607744,,,415.0,12.6
515,2008,7,Maharashtra,Latur,359.0,659.4962,-0.38783592,32.35588455200195,21.86490249633789,27.11039352416992,0.2170741667424519,15,-0.260572219520989,13,-0.7758163084446662,,,468.0,3.9
515,2009,7,Maharashtra,Latur,394.0,606.4164,-0.6829498,33.13758087158203,22.16241836547852,27.649999618530277,1.3886769043142575,30,1.5634333171259345,27,1.575626935707208,,,359.0,3.2
515,2010,7,Maharashtra,Latur,446.0,1043.4705,1.7469887,32.24110794067383,22.342679977416992,27.291893005371094,0.6111491990032067,21,0.4690299951377804,10,-1.2796970036200677,,,394.0,6.3
515,2011,7,Maharashtra,Latur,478.0,599.0928,-0.7236677,32.2719612121582,22.05111122131348,27.16153717041016,0.3281181978805578,15,-0.260572219520989,18,0.0639848501810031,,,446.0,6.7
515,2012,7,Maharashtra,Latur,605.0,682.51575,-0.25985163,32.49457550048828,22.10594749450684,27.300262451171875,0.6293210946037888,23,0.7122307333573702,15,-0.4398958449943984,,,478.0,8.3
515,2013,7,Maharashtra,Latur,671.0,837.6045,0.60241264,30.938106536865234,21.92745018005371,26.43277740478516,-1.2541784910598277,6,-1.3549755415091431,12,-0.9437765401698,,,605.0,7.6
515,2014,7,Maharashtra,Latur,190.0,479.7577,-1.3871483,33.29116439819336,22.521358489990234,27.9062614440918,1.9450773221392823,43,3.1442381155532684,18,0.0639848501810031,,,671.0,5.8
515,2015,7,Maharashtra,Latur,79.0,410.6498,-1.7713752,33.89671325683594,22.80826759338379,28.352489471435547,2.913935872628659,47,3.630639591992448,20,0.3999053136312708,,,190.0,3.8
515,2016,7,Maharashtra,Latur,273.0,1053.5204,1.8028644,31.731956481933597,21.74798393249512,26.739971160888672,-0.587193723138553,14,-0.3821725886307839,22,0.7358257770815386,,,79.0,3.3
515,2017,7,Maharashtra,Latur,286.0,840.2109,0.6169036,32.510677337646484,21.86336708068848,27.1870231628418,0.3834538562704799,9,-0.9901744341797584,19,0.231945081906137,,,273.0,2.8
515,2018,7,Maharashtra,Latur,208.0,577.36536,-0.84446806,32.44666290283203,21.45002555847168,26.94834518432617,-0.1347681874566036,23,0.7122307333573702,26,1.407666703982074,,,286.0,1.95
515,2019,7,Maharashtra,Latur,81.0,817.0942,0.48837912,32.31462097167969,22.015625,27.165122985839844,0.3359037866975802,27,1.1986322097965498,7,-1.7835776987954692,,,208.0,0.88
171,1990,9,Punjab,Ludhiana,3671.0,552.8296,0.5699116,34.593528747558594,23.15516471862793,28.87434768676757,-0.6310283235378057,54,-0.8689018892690785,33,-0.1555881627296544,224.8,0.9991111111111112,,225.0
171,1991,9,Punjab,Ludhiana,3580.0,434.5671,-0.26346853,35.627254486083984,23.335161209106445,29.48120880126953,0.9900801278148128,78,0.8620330996305873,45,0.8762070216880535,230.5,0.9978354978354979,3671.0,231.0
171,1992,9,Punjab,Ludhiana,3881.0,301.61368,-1.2003738,34.838035583496094,22.977516174316406,28.90777587890625,-0.5417315742578332,49,-1.229513345289842,51,1.3921046138969075,226.2,1.0,3580.0,226.0
171,1993,9,Punjab,Ludhiana,3901.0,513.13464,0.29018652,35.362159729003906,23.00169944763184,29.181930541992188,0.1906179381525719,77,0.7899108084264345,35,0.0163777013399635,233.2,1.0,3881.0,233.0
171,1994,9,Punjab,Ludhiana,3557.0,496.41852,0.17239021,34.81182861328125,22.82091522216797,28.81637191772461,-0.785899029409858,41,-1.806491674923064,49,1.2201387498272895,243.8,0.9991803278688525,3901.0,244.0
171,1995,9,Punjab,Ludhiana,3230.0,659.3358,1.3204468,35.25235366821289,23.53196144104004,29.39215850830078,0.7522000279413156,62,-0.2919235596358566,52,1.4780875459317169,228.3,0.9926086956521739,3557.0,230.0
171,1996,9,Punjab,Ludhiana,3604.0,424.58545,-0.33380795,34.15411376953125,22.703594207763672,28.42885398864746,-1.8210759007986157,54,-0.8689018892690785,15,-1.7032809393562165,226.3,0.9969162995594714,3230.0,227.0
171,1997,9,Punjab,Ludhiana,3842.0,408.4052,-0.44782797,33.75026321411133,22.8056869506836,28.27797508239746,-2.224118811619236,54,-0.8689018892690785,20,-1.2733662791821714,233.6,0.9982905982905983,3604.0,234.0
171,1998,9,Punjab,Ludhiana,3274.0,581.8496,0.77441186,34.968040466308594,23.94477081298828,29.45640563964844,0.923823427618734,79,0.93415539083474,18,-1.4453321432517894,241.12,1.0,3842.0,241.0
171,1999,9,Punjab,Ludhiana,3612.0,313.53088,-1.1163949,35.04058837890625,23.413204193115234,29.226896286010746,0.310734956540983,68,0.1408101875890598,43,0.7042411576184355,236.93,0.999704641350211,3274.0,237.0
171,2000,9,Punjab,Ludhiana,3945.0,313.06183,-1.1197002,34.917842864990234,23.366470336914062,29.14215660095215,0.0843697861078915,69,0.2129324787932126,36,0.1023606333747725,238.27,1.0,3612.0,238.0
171,2001,9,Punjab,Ludhiana,3898.0,340.8938,-0.923572,35.144901275634766,23.519607543945312,29.33225440979004,0.5921781744302007,80,1.0062776820388928,46,0.9621899537228624,234.54,0.9980425531914894,3945.0,235.0
171,2002,9,Punjab,Ludhiana,4322.0,446.68396,-0.17808266,35.38019561767578,23.71647071838379,29.54833221435547,1.169386940587862,81,1.0783999732430454,25,-0.8434516190081265,236.17,1.0,3898.0,236.0
171,2003,9,Punjab,Ludhiana,4344.0,612.8002,0.99251634,34.912353515625,23.270326614379883,29.091339111328125,-0.0513790037509498,51,-1.0852687628815367,38,0.2743264974443906,240.97,0.9998755186721991,4322.0,241.0
171,2004,9,Punjab,Ludhiana,4632.0,207.58441,-1.8629856,34.40189743041992,23.31686210632324,28.859378814697266,-0.6710146802848662,68,0.1408101875890598,37,0.1883435654095815,246.94,0.9997570850202429,4344.0,247.0
171,2005,9,Punjab,Ludhiana,4520.0,429.7043,-0.297736,35.67418670654297,23.372875213623047,29.523530960083008,1.103135335493296,83,1.222644555651351,46,0.9621899537228624,249.71,0.9988400000000001,4632.0,250.0
171,2006,9,Punjab,Ludhiana,4371.0,381.48474,-0.63753295,34.90006637573242,23.55836677551269,29.229217529296875,0.3169356950936219,70,0.2850547699973653,34,-0.0696052306948454,248.55,1.0,4520.0,248.0
171,2007,9,Punjab,Ludhiana,4532.0,527.5137,0.39151365,34.94176483154297,23.258888244628903,29.100326538085938,-0.0273708853778364,56,-0.724657306860773,38,0.2743264974443906,249.83,0.9993200000000001,4371.0,250.0
171,2008,9,Punjab,Ludhiana,4469.0,774.2272,2.1300712,34.56209182739258,22.98751449584961,28.774803161621094,-0.8969416719870298,67,0.0686878963849071,15,-1.7032809393562165,254.04,1.0,4532.0,254.0
171,2009,9,Punjab,Ludhiana,4693.0,688.23755,1.5241137,36.30706024169922,23.26405143737793,29.78555679321289,1.8030850973233472,94,2.0159897588970312,26,-0.7574686869733175,256.49,0.9980155642023346,4469.0,257.0
171,2010,9,Punjab,Ludhiana,4409.0,502.59515,0.21591614,34.891109466552734,22.89130592346192,28.89120864868164,-0.5859876260805971,52,-1.013146471677384,29,-0.4995198908688904,257.1,1.0,4693.0,257.0
171,2011,9,Punjab,Ludhiana,4257.0,929.83105,3.226591,34.586666107177734,23.490652084350582,29.038658142089844,-0.1921057077970857,51,-1.0852687628815367,44,0.7902240896532445,257.41,1.0,4409.0,257.0
171,2012,9,Punjab,Ludhiana,4549.0,667.47974,1.377836,35.87758255004883,23.912612915039062,29.895097732543945,2.095701872850995,76,0.7177885172222818,42,0.6182582255836265,256.55,0.9982490272373541,4257.0,257.0
171,2013,9,Punjab,Ludhiana,4424.0,507.27768,0.24891329,34.89908218383789,24.19647026062012,29.547775268554688,1.167899170943348,72,0.4292993524056708,18,-1.4453321432517894,183.23,0.7129571984435797,4549.0,257.0
171,2014,9,Punjab,Ludhiana,4354.0,312.26453,-1.1253186,35.89528274536133,23.620155334472656,29.757719039916992,1.7287220906052678,82,1.1505222644471982,25,-0.8434516190081265,256.55,0.9982490272373541,4424.0,257.0
171,2015,9,Punjab,Ludhiana,4595.0,390.42026,-0.57456553,35.10057830810547,23.153654098510746,29.127117156982425,0.0441949106045056,78,0.8620330996305873,23,-1.0154174830777445,257.3,1.0,4354.0,257.0
171,2016,9,Punjab,Ludhiana,4815.0,324.6068,-1.0383443,35.71451950073242,23.728090286254883,29.72130584716797,1.6314515074428932,85,1.3668891380596564,41,0.5322752935488175,258.66,0.9986872586872588,4595.0,259.0
171,2017,9,Punjab,Ludhiana,4744.0,420.49387,-0.3626408,35.52715301513672,23.6381778717041,29.582664489746094,1.2610987679893986,100,2.448723506121948,38,0.2743264974443906,257.47,0.9979457364341087,4815.0,258.0
171,2018,9,Punjab,Ludhiana,4452.0,648.20776,1.242029,35.06485366821289,23.55179214477539,29.30832290649414,0.5282499356298073,68,0.1408101875890598,36,0.1023606333747725,258.661,0.9986911196911197,4744.0,259.0
171,2019,9,Punjab,Ludhiana,4676.0,497.84204,0.18242158,35.38929748535156,23.880762100219727,29.635028839111328,1.4009796851828311,76,0.7177885172222818,31,-0.3275540267992724,259.046,1.0,4452.0,259.0
722,1995,8,Orissa,Malkangiri,1205.0,1247.3019,-0.287517,31.73359680175781,24.375751495361328,28.05467414855957,0.4918946440310584,18,0.7493325916364458,15,0.3116433787910606,24.44,0.31333333333333335,,78.0
722,1996,8,Orissa,Malkangiri,1347.0,910.7692,-1.2381972,31.152416229248047,23.917451858520508,27.534934997558597,-0.9741294208052932,11,-0.5032830839349263,15,0.3116433787910606,10.76,0.12132145675949937,1205.0,88.69
722,1997,8,Orissa,Malkangiri,729.0,870.96814,-1.3506323,32.28071975708008,24.41346549987793,28.347091674804688,1.3167144207010129,16,0.3914423986160538,32,3.025221091679076,19.33,0.22733153004821827,1347.0,85.03
722,1998,8,Orissa,Malkangiri,1433.0,1218.5491,-0.3687416,31.635883331298828,24.726537704467773,28.181209564208984,0.848812078553444,13,-0.1453928909145342,11,-0.3268454948296488,39.35,0.48490449784349965,729.0,81.15
722,1999,8,Orissa,Malkangiri,1234.0,1230.5735,-0.3347735,30.96170425415039,23.7620906829834,27.361896514892575,-1.462217684394022,9,-0.8611732769553183,11,-0.3268454948296488,45.61,0.4785436995068723,1433.0,95.31
722,2000,8,Orissa,Malkangiri,685.0,1247.9519,-0.28568074,31.41195678710937,23.765098571777344,27.58852767944336,-0.8229609718037709,4,-1.7558987595062985,21,1.2693766892221248,24.46,0.2662457820833787,1234.0,91.87
722,2001,8,Orissa,Malkangiri,1084.0,1197.1436,-0.4292106,31.552417755126957,24.07326889038086,27.812843322753903,-0.1902356314495454,5,-1.5769536629961023,6,-1.1249565868555358,31.42,0.3204160717927799,685.0,98.06
722,2002,8,Orissa,Malkangiri,603.0,932.4395,-1.1769801,32.13078308105469,23.94156837463379,28.03617477416992,0.4397136067022178,19,0.9282776881466418,8,-0.805712150045181,20.41,0.23177379059732,1084.0,88.06
722,2003,8,Orissa,Malkangiri,1328.0,1618.825,0.76200855,31.637779235839844,24.742351531982425,28.190065383911133,0.8737916183325766,16,0.3914423986160538,14,0.1520211603858832,29.09,0.34163241338813854,603.0,85.15
722,2004,8,Orissa,Malkangiri,1404.0,1117.9264,-0.6529933,31.690980911254883,23.68052291870117,27.685752868652344,-0.548718658493087,15,0.2124973021058577,16,0.471265597196238,36.65,0.4312272032003765,1328.0,84.99
722,2005,8,Orissa,Malkangiri,1377.0,1449.1885,0.28279787,31.687646865844727,24.28346443176269,27.98555564880371,0.2969326447813907,23,1.6440580741874258,5,-1.284578805260713,36.4,0.38307724689539047,1404.0,95.02
722,2006,8,Orissa,Malkangiri,1407.0,2374.413,2.8964899,31.30680084228516,23.328039169311523,27.317420959472656,-1.587669527721572,15,0.2124973021058577,13,-0.0076010580192941,37.45,0.4234509271822705,1377.0,88.44
722,2007,8,Orissa,Malkangiri,1557.0,1661.7467,0.88325936,31.540849685668945,23.853857040405277,27.69735336303711,-0.5159972367966226,14,0.0335522055956617,9,-0.6460899316400036,37.43,0.4090710382513661,1407.0,91.5
722,2008,8,Orissa,Malkangiri,1197.0,1359.148,0.028439965,31.71731948852539,23.854507446289062,27.785913467407227,-0.2661964589622684,8,-1.0401183734655144,12,-0.1672232764244715,42.97,0.4578095035158747,1557.0,93.86
722,2009,8,Orissa,Malkangiri,1190.0,1035.9014,-0.884708,32.803009033203125,24.427648544311523,28.61532974243164,2.0733313919046603,23,1.6440580741874258,23,1.5886211260324796,32.12,0.34232121922626024,1197.0,93.83
722,2010,8,Orissa,Malkangiri,2091.0,1637.2205,0.8139745,31.715883255004883,24.06378936767578,27.889835357666016,0.0269351854198206,12,-0.3243379874247303,15,0.3116433787910606,33.8,0.34588620548505933,1190.0,97.72
722,2011,8,Orissa,Malkangiri,571.0,1202.2385,-0.4148177,32.2409782409668,23.656469345092773,27.94872283935547,0.1930386338671478,12,-0.3243379874247303,17,0.6308878156014154,35.33,0.3768131399317406,2091.0,93.76
722,2012,8,Orissa,Malkangiri,1876.0,1474.3921,0.35399625,31.71333122253418,23.635557174682617,27.6744441986084,-0.5806169336062632,16,0.3914423986160538,8,-0.805712150045181,38.13,0.394027074506562,571.0,96.77
722,2013,8,Orissa,Malkangiri,1752.0,1681.6641,0.9395244,30.99764442443848,23.686208724975582,27.34192657470703,-1.518546734897472,9,-0.8611732769553183,9,-0.6460899316400036,39.45,0.3982836951034831,1876.0,99.05
722,2014,8,Orissa,Malkangiri,1725.0,1574.7715,0.6375607,32.726959228515625,23.59206199645996,28.15951156616211,0.7876087090666009,27,2.35983846022821,13,-0.0076010580192941,41.57,0.4037098183937069,1752.0,102.97
722,2015,8,Orissa,Malkangiri,1370.0,1870.792,1.473797,32.41339492797852,24.265581130981445,28.339488983154297,1.2952695691912943,7,-1.2190634699757104,25,1.9078655628428345,41.74,0.42178658043654005,1725.0,98.96
722,2016,8,Orissa,Malkangiri,1946.0,1421.8215,0.20548826,31.787494659423828,23.723278045654297,27.755386352539062,-0.3523040476258517,11,-0.5032830839349263,18,0.7905100340065927,44.8,0.46744574290484137,1370.0,95.84
722,2017,8,Orissa,Malkangiri,1760.0,1925.1794,1.6274376,31.745832443237305,23.788503646850582,27.767168045043945,-0.3190715218417247,6,-1.3980085664859063,11,-0.3268454948296488,46.78,0.4697730467965455,1946.0,99.58
722,2018,8,Orissa,Malkangiri,1887.0,1823.9357,1.3414313,31.652462005615234,23.774044036865234,27.713253021240234,-0.4711491981149836,13,-0.1453928909145342,16,0.471265597196238,3.842,0.041423180592991916,1760.0,92.75
722,2019,8,Orissa,Malkangiri,2225.0,1546.6539,0.5581307,31.89950942993164,24.33987617492676,28.11969375610352,0.6752949308134947,23,1.6440580741874258,11,-0.3268454948296488,1.765,0.01693207981580967,1887.0,104.24
545,1992,9,Punjab,Mansa,3594.0,297.0055,0.20844185,35.130653381347656,23.005163192749023,29.067909240722656,-0.9901670719509272,56,-1.2815455595240817,51,0.6145364400496576,31.8,0.99375,,32.0
545,1993,9,Punjab,Mansa,3511.0,358.37024,0.6864147,35.63679504394531,23.40862846374512,29.52271270751953,0.0707056131897668,81,0.3592472727506859,49,0.487390969694556,47.3,1.0,3594.0,47.0
545,1994,9,Punjab,Mansa,3466.0,211.33798,-0.45882636,35.12215805053711,22.883071899414062,29.002614974975582,-1.1424722061119323,50,-1.675335839270026,48,0.4238182345170052,57.7,0.9948275862068966,3511.0,58.0
545,1995,9,Punjab,Mansa,3340.0,624.7383,2.7611678,35.64372634887695,24.042808532714844,29.8432674407959,0.8184302579039202,73,-0.1658064335772397,56,0.9324001159374116,49.8,0.996,3466.0,50.0
545,1996,9,Punjab,Mansa,3574.0,150.95589,-0.9291453,34.43634033203125,23.182222366333008,28.80928039550781,-1.5934436463585109,60,-1.0190187063601188,30,-0.7204909986789092,53.9,0.9981481481481481,3340.0,54.0
545,1997,9,Punjab,Mansa,3793.0,272.01562,0.013794608,33.98960876464844,23.383920669555664,28.68676376342773,-1.879225435500493,68,-0.4939650000321933,32,-0.5933455283238076,58.1,1.0,3574.0,58.0
545,1998,9,Punjab,Mansa,2560.0,345.3603,0.5850796,34.92738342285156,24.47163391113281,29.699508666992188,0.4830991368555606,72,-0.2314381468682304,19,-1.419791085631968,83.92,0.9990476190476191,3793.0,84.0
545,1999,9,Punjab,Mansa,3198.0,93.766525,-1.3745959,35.599021911621094,23.952287673950195,29.775653839111328,0.6607150503301412,89,0.8843009790786116,53,0.7416819104047592,91.01,1.0,2560.0,91.0
545,2000,9,Punjab,Mansa,3643.0,127.976364,-1.1081339,35.23836898803711,23.62967300415039,29.43402099609375,-0.1361763059667883,80,0.2936155594596952,35,-0.4026273227911552,83.5,0.9940476190476191,3198.0,84.0
545,2001,9,Punjab,Mansa,3559.0,212.30367,-0.4513046,35.33536148071289,23.7149658203125,29.52516365051269,0.0764226726761278,89,0.8843009790786116,79,2.39457302502108,68.26,1.0,3643.0,68.0
545,2002,9,Punjab,Mansa,3034.0,135.38397,-1.0504357,36.03241729736328,24.301109313964844,30.166763305664062,1.5730153740017168,87,0.7530375524966302,54,0.80525464558231,87.62,0.9956818181818182,3559.0,88.0
545,2003,9,Punjab,Mansa,3833.0,299.40637,0.22714241,34.956600189208984,23.57091522216797,29.26375770568848,-0.5333317527914728,48,-1.8065992658520076,32,-0.5933455283238076,78.23,1.0,3034.0,78.0
545,2004,9,Punjab,Mansa,4093.0,203.22751,-0.52199924,34.93699264526367,23.86182975769043,29.39941024780273,-0.2169091942466859,80,0.2936155594596952,36,-0.3390545876136044,75.27,1.0,3833.0,75.0
545,2005,9,Punjab,Mansa,4157.0,255.54651,-0.1144841,36.013397216796875,23.698888778686523,29.856143951416016,0.8484659533066279,92,1.0811961189515835,37,-0.2754818524360536,70.33,1.0,4093.0,70.0
545,2006,9,Punjab,Mansa,4177.0,273.60696,0.026189622,35.23052215576172,24.179018020629883,29.704769134521484,0.495369681651986,84,0.556142412623658,26,-0.9747819393891124,62.46,1.0,4157.0,62.0
545,2007,9,Punjab,Mansa,4131.0,178.10095,-0.71771115,35.17006301879883,23.572940826416016,29.371501922607425,-0.2820080381412653,70,-0.3627015734502118,48,0.4238182345170052,61.1,1.0,4177.0,61.0
545,2008,9,Punjab,Mansa,4169.0,500.82422,1.7959954,35.04719161987305,23.75777816772461,29.402484893798828,-0.209737287715917,87,0.7530375524966302,17,-1.5469365559870696,70.78,0.9969014084507043,4131.0,71.0
545,2009,9,Punjab,Mansa,4208.0,220.06723,-0.39083385,36.66751480102539,24.108169555664062,30.387842178344727,2.08870303781929,105,1.934408391734463,28,-0.8476364690340108,77.05,1.0,4169.0,77.0
545,2010,9,Punjab,Mansa,4051.0,324.2376,0.42055407,35.23287582397461,23.63921356201172,29.436044692993164,-0.1314558389511947,64,-0.7564918531961561,38,-0.2119091172585028,77.9,0.9987179487179488,4208.0,78.0
545,2011,9,Punjab,Mansa,3946.0,354.18677,0.65382946,34.899539947509766,24.003461837768555,29.451499938964844,-0.0954049961355911,53,-1.4784406993970538,44,0.1695272938068019,73.92,0.9989189189189189,4051.0,74.0
545,2012,9,Punjab,Mansa,4115.0,434.29233,1.2777754,35.976600646972656,24.29150390625,30.134052276611328,1.496713762957955,77,0.0967204195867231,43,0.1059545586292511,77.92,0.998974358974359,3946.0,78.0
545,2013,9,Punjab,Mansa,4123.0,232.39914,-0.29478005,35.4679069519043,24.52915000915528,29.99852752685547,1.1805892923396784,81,0.3592472727506859,39,-0.148336382080952,81.09,1.0,4115.0,81.0
545,2014,9,Punjab,Mansa,3610.0,136.0329,-1.0453812,36.48160552978516,24.122865676879883,30.302234649658203,1.8890152705611467,102,1.7375132518614909,32,-0.5933455283238076,82.18,1.0,4123.0,82.0
545,2015,9,Punjab,Mansa,3903.0,145.22963,-0.9737474,35.63663101196289,23.669925689697266,29.65327835083008,0.3752624926294058,91,1.015564405660593,39,-0.148336382080952,92.6,0.9956989247311827,3610.0,93.0
545,2016,9,Punjab,Mansa,4291.0,206.38284,-0.49742216,36.021175384521484,24.40384864807129,30.212512969970703,1.6797308516982572,96,1.3437229721155466,62,1.3138365270027164,103.03,1.0,3903.0,103.0
545,2017,9,Punjab,Mansa,4664.0,202.76476,-0.52560365,35.88811492919922,24.008190155029297,29.94815254211425,1.0630848113322768,100,1.6062498252795094,59,1.123118321470064,107.19,1.0,4291.0,107.0
545,2018,9,Punjab,Mansa,4431.0,236.13654,-0.2656693,35.37495422363281,23.850799560546875,29.612876892089844,0.2810222171116738,77,0.0967204195867231,37,-0.2754818524360536,116.283,1.0,4664.0,116.0
545,2019,9,Punjab,Mansa,4109.0,211.08543,-0.46079347,35.726314544677734,24.35127830505371,30.038795471191406,1.2745181327102846,77,0.0967204195867231,28,-0.8476364690340108,118.691,0.9974033613445379,4431.0,119.0
709,1990,8,Orissa,Mayurbhanja,1043.0,1497.2039,0.7486435,31.76039123535156,24.63941192626953,28.199901580810547,-0.7477481021933962,8,-0.6545793493831382,15,0.1548574032706277,65.43,0.20129830174747723,,325.04
709,1991,8,Orissa,Mayurbhanja,1228.0,1163.3984,-0.5596924,32.00555419921875,24.66738510131836,28.336469650268555,-0.3852515724123895,9,-0.5261105051116812,12,-0.3097148065412555,69.96,0.20833829660512207,1043.0,335.8
709,1992,8,Orissa,Mayurbhanja,1158.0,1111.5402,-0.76294863,31.98960876464844,24.13915061950684,28.06438064575196,-1.1074651932116604,9,-0.5261105051116812,13,-0.1548574032706277,71.26,0.21432223525519564,1228.0,332.49
709,1993,8,Orissa,Mayurbhanja,1327.0,1228.0682,-0.3062219,31.980653762817383,23.81039428710937,27.895523071289062,-1.5556686789383103,12,-0.14070397229731,9,-0.7742870163531388,72.69,0.22015931186964288,1158.0,330.17
709,1994,8,Orissa,Mayurbhanja,1320.0,1505.6123,0.78160006,31.745161056518555,24.12320327758789,27.934181213378903,-1.45305726756695,8,-0.6545793493831382,14,0.0,71.92,0.21099571671654052,1327.0,340.86
709,1995,8,Orissa,Mayurbhanja,1199.0,1125.266,-0.70915085,31.918954849243164,24.55986976623535,28.23941230773925,-0.6428736505179699,10,-0.3976416608402241,9,-0.7742870163531388,73.56,0.2128965038203288,1320.0,345.52
709,1996,8,Orissa,Mayurbhanja,821.0,1060.1011,-0.96456194,32.10529327392578,24.6098690032959,28.35758209228516,-0.3292122141890876,5,-1.0399858821975094,21,1.0840018228943942,73.53,0.21228743828853539,1199.0,346.37
709,1997,8,Orissa,Mayurbhanja,1375.0,1482.1729,0.6897301,32.35026168823242,24.37405204772949,28.36215591430664,-0.3170717876808799,19,0.7585779376028893,8,-0.9291444196237664,75.51,0.22137852179776601,821.0,341.09
709,1998,8,Orissa,Mayurbhanja,860.0,1018.0081,-1.1295434,32.51202392578125,25.54594993591309,29.028987884521484,1.4529193684453934,14,0.116233716245604,6,-1.238859226165022,72.69,0.21429203148492085,1375.0,339.21
709,1999,8,Orissa,Mayurbhanja,1156.0,1664.9487,1.4061122,31.61123847961425,24.854507446289062,28.232872009277344,-0.6602337516425033,8,-0.6545793493831382,7,-1.0840018228943942,85.4,0.25598753034980964,860.0,333.61
709,2000,8,Orissa,Mayurbhanja,1158.0,1101.1985,-0.8034824,32.41104507446289,24.86307144165039,28.63705825805664,0.4126093598488601,6,-0.9115170379260524,10,-0.619429613082511,79.35,0.23579579222631641,1156.0,336.52
709,2001,8,Orissa,Mayurbhanja,1535.0,1491.7211,0.72715396,31.690200805664062,24.93039321899414,28.3102970123291,-0.4547223532905193,0,-1.6823301035547946,13,-0.1548574032706277,78.77,0.2246527678749679,1158.0,350.63
709,2002,8,Orissa,Mayurbhanja,815.0,998.9321,-1.2043109,32.70431137084961,24.973594665527344,28.83895301818848,0.9485043916759296,27,1.7863286917745456,12,-0.3097148065412555,12.22,0.03901411148713364,1535.0,313.22
709,2003,8,Orissa,Mayurbhanja,1457.0,1335.7814,0.115955055,32.402809143066406,25.0405216217041,28.721664428710938,0.6371819366009431,17,0.5016402490599752,7,-1.0840018228943942,93.64,0.27470883327954937,815.0,340.87
709,2004,8,Orissa,Mayurbhanja,1507.0,1204.2344,-0.3996377,32.27359771728516,24.311635971069336,28.29261779785156,-0.5016487975376782,19,0.7585779376028893,16,0.3097148065412555,93.95,0.2890146737625742,1457.0,325.07
709,2005,8,Orissa,Mayurbhanja,1493.0,1462.1536,0.61126536,32.724117279052734,25.12895393371582,28.9265365600586,1.1809798899373327,27,1.7863286917745456,15,0.1548574032706277,95.65,0.30237410299370915,1507.0,316.33
709,2006,8,Orissa,Mayurbhanja,1579.0,1636.2407,1.2935925,32.470001220703125,24.43777847290039,28.45388984680176,-0.0735797889683174,13,-0.012235128025853,26,1.858288839247533,100.65,0.31703783034617444,1493.0,317.47
709,2007,8,Orissa,Mayurbhanja,1667.0,1782.4263,1.8665603,32.219017028808594,25.060327529907227,28.6396713256836,0.4195452999307212,12,-0.14070397229731,26,1.858288839247533,104.75,0.30379930394431554,1579.0,344.8
709,2008,8,Orissa,Mayurbhanja,1572.0,1547.3295,0.94510865,31.99960708618164,24.64431381225586,28.32196044921875,-0.423763759421567,4,-1.1684547264689664,24,1.5485740327062776,103.05,0.2985312436629103,1667.0,345.19
709,2009,8,Orissa,Mayurbhanja,1396.0,1158.1698,-0.5801858,33.1356201171875,24.94980430603028,29.042713165283203,1.4893507734300182,26,1.6578598475030886,23,1.3937166294356498,101.85,0.30993244476903414,1572.0,328.62
709,2010,8,Orissa,Mayurbhanja,932.0,855.6271,-1.765989,33.16575241088867,25.38823509216309,29.27699279785156,2.1112058977020305,22,1.1439844704172604,8,-0.9291444196237664,101.45,0.3564276429048238,1396.0,284.63
709,2011,8,Orissa,Mayurbhanja,1884.0,1449.2568,0.5607172,32.39451217651367,24.6716365814209,28.53307342529297,0.1365994464314369,15,0.244702560517061,28,2.1680036457887883,106.17,0.3548343972460814,932.0,299.21
709,2012,8,Orissa,Mayurbhanja,1726.0,1073.3431,-0.91266024,33.09052276611328,24.878236770629883,28.984378814697266,1.3345122395153757,21,1.0155156261458034,17,0.4645722098118832,106.74,0.37148922841332266,1884.0,287.33
709,2013,8,Orissa,Mayurbhanja,1390.0,1845.2844,2.1129303,32.11653518676758,24.90098190307617,28.508758544921875,0.0720597645603978,9,-0.5261105051116812,7,-1.0840018228943942,110.16,0.36097912638857027,1726.0,305.17
709,2014,8,Orissa,Mayurbhanja,2176.0,1368.9454,0.24594016,32.90732955932617,24.89443588256836,28.900882720947266,1.1128861716155791,26,1.6578598475030886,18,0.619429613082511,118.44,0.37485757690846944,1390.0,315.96
709,2015,8,Orissa,Mayurbhanja,984.0,1006.1651,-1.1759616,33.281864166259766,25.001821517944336,29.14184188842773,1.7524709763011763,17,0.5016402490599752,14,0.0,109.32,0.3437411564946703,2176.0,318.03
709,2016,8,Orissa,Mayurbhanja,2358.0,1155.7827,-0.58954185,32.58019256591797,24.77414321899414,28.67716789245605,0.5190735087401342,11,-0.269172816568767,16,0.3097148065412555,113.71,0.3707894479407832,984.0,306.67
709,2017,8,Orissa,Mayurbhanja,2023.0,1216.8788,-0.3500785,32.878421783447266,25.15842056274414,29.018421173095703,1.42487184431882,17,0.5016402490599752,10,-0.619429613082511,118.39,0.3652997624116758,2358.0,324.09
709,2018,8,Orissa,Mayurbhanja,2021.0,1436.7772,0.5118039,32.76475143432617,24.743120193481445,28.753936767578125,0.7228433279766869,21,1.0155156261458034,18,0.619429613082511,42.445,0.12606177606177607,2023.0,336.7
709,2019,8,Orissa,Mayurbhanja,2220.0,1284.8284,-0.08375303,32.75862121582031,25.10171890258789,28.9301700592041,1.1906243905620653,31,2.3002040688603738,6,-1.238859226165022,53.612,0.1665796669152374,2021.0,321.84
1019,1995,9,Punjab,Moga,3685.0,341.02933,0.11124453,35.25235366821289,23.53196144104004,29.39215850830078,0.6488647103600513,62,-0.4687118576833251,57,1.3677424936292188,108.4,1.0,,108.0
1019,1996,9,Punjab,Moga,3794.0,404.60294,0.50861144,34.15411376953125,22.703594207763672,28.42885398864746,-1.7243038483421884,54,-1.093661001261092,27,-0.9801533401212116,102.4,1.0,3685.0,102.0
1019,1997,9,Punjab,Moga,4009.0,337.4372,0.0887919,33.75026321411133,22.8056869506836,28.27797508239746,-2.0960046648324338,54,-1.093661001261092,35,-0.3540477844544301,107.5,1.0,3794.0,107.0
1019,1998,9,Punjab,Moga,3500.0,174.4964,-0.9296697,34.968040466308594,23.94477081298828,29.45640563964844,0.8071420452945441,79,0.8593050724194294,39,-0.0409950066210393,118.0,1.0,4009.0,118.0
1019,1999,9,Punjab,Moga,3359.0,114.09316,-1.3072201,35.04058837890625,23.413204193115234,29.226896286010746,0.2417295813552396,68,0.0,32,-0.5888373678294732,116.71,0.9975213675213674,3500.0,117.0
1019,2000,9,Punjab,Moga,3748.0,113.282974,-1.3122842,34.917842864990234,23.366470336914062,29.14215660095215,0.0329673964463941,69,0.0781186429472208,40,0.0372681878373082,159.45,1.0,3359.0,159.0
1019,2001,9,Punjab,Moga,3809.0,203.77559,-0.74666005,35.144901275634766,23.519607543945312,29.33225440979004,0.5012867428298489,80,0.9374237153666504,78,3.01126957725452,151.67,0.997828947368421,3748.0,152.0
1019,2002,9,Punjab,Moga,3812.0,352.606,0.18360445,35.38019561767578,23.71647071838379,29.54833221435547,1.0336096392412877,81,1.0155423583138712,44,0.350320965670699,149.31,1.0,3809.0,149.0
1019,2003,9,Punjab,Moga,4092.0,489.87817,1.0416243,34.912353515625,23.270326614379883,29.091339111328125,-0.0922250698479729,51,-1.3280169301027545,36,-0.2757845899960824,163.21,1.0,3812.0,163.0
1019,2004,9,Punjab,Moga,4457.0,61.714573,-1.6346126,34.40189743041992,23.31686210632324,28.859378814697266,-0.6636756045446344,68,0.0,48,0.6633737435040897,163.8,0.9987804878048782,4092.0,164.0
1019,2005,9,Punjab,Moga,4401.0,327.8217,0.028690157,35.67418670654297,23.372875213623047,29.523530960083008,0.9725100018421337,83,1.1717796442083128,46,0.5068473545873944,167.22,1.0,4457.0,167.0
1019,2006,9,Punjab,Moga,4232.0,464.11896,0.88061637,34.90006637573242,23.55836677551269,29.229217529296875,0.2474481277456616,70,0.1562372858944417,27,-0.9801533401212116,167.64,0.9978571428571428,4401.0,168.0
1019,2007,9,Punjab,Moga,4432.0,491.12946,1.0494455,34.94176483154297,23.258888244628903,29.100326538085938,-0.070083910775081,56,-0.9374237153666504,38,-0.119258201079387,169.25,1.0,4232.0,169.0
1019,2008,9,Punjab,Moga,4598.0,670.3707,2.1697931,34.56209182739258,22.98751449584961,28.774803161621094,-0.8720336851070644,67,-0.0781186429472208,15,-1.919311673621384,173.64,0.9979310344827585,4432.0,174.0
1019,2009,9,Punjab,Moga,4721.0,452.11978,0.8056155,36.30706024169922,23.26405143737793,29.78555679321289,1.6180291041249568,94,2.0310847166277424,26,-1.058416534579559,172.11,1.0,4598.0,172.0
1019,2010,9,Punjab,Moga,4331.0,360.7954,0.23479244,34.891109466552734,22.89130592346192,28.89120864868164,-0.5852605657907254,52,-1.2498982871555335,39,-0.0409950066210393,171.7,0.9982558139534883,4721.0,172.0
1019,2011,9,Punjab,Moga,4362.0,327.23978,0.025052933,34.586666107177734,23.490652084350582,29.038658142089844,-0.2220083494730307,51,-1.3280169301027545,74,2.698216799421129,173.51,0.997183908045977,4331.0,174.0
1019,2012,9,Punjab,Moga,4511.0,449.69998,0.7904905,35.87758255004883,23.912612915039062,29.895097732543945,1.8878909264329475,76,0.6249491435777669,28,-0.901890145662864,175.84,0.9990909090909091,4362.0,176.0
1019,2013,9,Punjab,Moga,4631.0,487.69016,1.0279481,34.89908218383789,24.19647026062012,29.547775268554688,1.032237564018604,72,0.3124745717888834,45,0.4285841601290466,176.47,1.0,4511.0,176.0
1019,2014,9,Punjab,Moga,4605.0,247.06114,-0.4761037,35.89528274536133,23.620155334472656,29.757719039916992,1.549448837429529,82,1.093661001261092,46,0.5068473545873944,177.06,1.0,4631.0,177.0
1019,2015,9,Punjab,Moga,4760.0,152.50436,-1.0671309,35.10057830810547,23.153654098510746,29.127117156982425,-0.0040833334537991,78,0.7811864294722086,38,-0.119258201079387,182.69,0.9983060109289618,4605.0,183.0
1019,2016,9,Punjab,Moga,4584.0,477.86304,0.9665237,35.71451950073242,23.728090286254883,29.72130584716797,1.4597423714149749,85,1.3280169301027545,59,1.524268882545914,178.15,1.0,4760.0,178.0
1019,2017,9,Punjab,Moga,4801.0,376.90765,0.33550203,35.52715301513672,23.6381778717041,29.582664489746094,1.118189618721774,100,2.4997965743110675,49,0.7416369379624373,180.88,0.9993370165745856,4584.0,181.0
1019,2018,9,Punjab,Moga,4514.0,283.4195,-0.24884577,35.06485366821289,23.55179214477539,29.30832290649414,0.4423297982442007,68,0.0,36,-0.2757845899960824,181.343,1.0,4801.0,181.0
1019,2019,9,Punjab,Moga,4564.0,369.54263,0.28946698,35.38929748535156,23.880762100219727,29.635028839111328,1.247192882980512,76,0.6249491435777669,27,-0.9801533401212116,181.307,1.0,4514.0,181.0
118,1990,7,Maharashtra,Nagpur,1008.0,1027.154,0.09767309,29.808887481689453,21.05522918701172,25.432058334350582,-2.558322738776284,7,-1.4903705177935411,13,-1.100873789046929,,,,38.1
118,1991,7,Maharashtra,Nagpur,1026.0,824.1734,-1.012707,31.69254875183105,21.819408416748047,26.755977630615234,-0.1861382709275525,15,-0.4111366945637355,31,1.654955961017569,,,1008.0,39.1
118,1992,7,Maharashtra,Nagpur,1198.0,979.3812,-0.16366215,32.41777801513672,21.945751190185547,27.181764602661133,0.576782282122317,32,1.882235179799602,21,0.123939433203959,,,1026.0,38.3
118,1993,7,Maharashtra,Nagpur,1405.0,1060.8307,0.2818969,31.49261474609375,22.854248046875,27.17343139648437,0.5618509322162704,17,-0.141328238756284,12,-1.25397544182829,,,1198.0,36.8
118,1994,7,Maharashtra,Nagpur,1350.0,1521.0525,2.7994823,30.042943954467773,21.833595275878903,25.938270568847656,-1.651297058663444,10,-1.0856578340823642,18,-0.3353655251401239,,,1405.0,37.1
118,1995,7,Maharashtra,Nagpur,1329.0,948.8987,-0.33041307,32.3826789855957,23.30398750305176,27.843334197998047,1.7621756236100157,26,1.0728098123772476,25,0.736346044329403,,,1350.0,38.6
118,1996,7,Maharashtra,Nagpur,1365.0,768.99286,-1.3145652,31.502546310424805,22.571895599365234,27.037220001220703,0.3177888076591805,26,1.0728098123772476,16,-0.641568830702846,,,1329.0,34.5
118,1997,7,Maharashtra,Nagpur,815.0,876.43933,-0.7267928,31.57941436767578,22.44045829772949,27.00993728637696,0.268903930328912,19,0.1284802170511673,11,-1.407077094609651,,,1365.0,53.5
118,1998,7,Maharashtra,Nagpur,1380.0,949.1059,-0.3292795,31.776731491088867,23.469282150268555,27.62300682067871,1.3673953799853344,19,0.1284802170511673,12,-1.25397544182829,,,815.0,29.2
118,1999,7,Maharashtra,Nagpur,1119.0,1162.4624,0.83786035,30.19986915588379,22.317842483520508,26.25885581970215,-1.0768758270641472,14,-0.5460409224674613,13,-1.100873789046929,,,1380.0,37.7
118,2000,7,Maharashtra,Nagpur,992.0,1090.0842,0.4419247,31.466407775878903,22.0166015625,26.741504669189453,-0.2120707687730624,9,-1.22056206198609,22,0.27704108598532,,,1119.0,37.7
118,2001,7,Maharashtra,Nagpur,1290.0,1116.9614,0.588953,30.800521850585938,22.29941177368164,26.54996681213379,-0.5552662571947747,5,-1.760178973600993,20,-0.0291622195774019,,,992.0,42.7
118,2002,7,Maharashtra,Nagpur,968.0,897.8834,-0.6094856,31.80268096923828,22.242027282714844,27.02235412597656,0.291152291026609,22,0.5331929007623446,27,1.042549349892125,,,1290.0,43.5
118,2003,7,Maharashtra,Nagpur,1454.0,1062.8019,0.29268003,30.99555778503418,22.551502227783203,26.77352905273437,-0.1546898200611405,17,-0.141328238756284,15,-0.794670483484207,,,968.0,44.9
118,2004,7,Maharashtra,Nagpur,961.0,669.6649,-1.8579262,31.71026039123535,21.58477020263672,26.64751434326172,-0.3804816318240691,16,-0.2762324666600098,32,1.80805761379893,,,1454.0,43.3
118,2005,7,Maharashtra,Nagpur,1373.0,1141.0068,0.7204904,31.452550888061523,22.346405029296875,26.89947891235352,0.0709857944262737,24,0.8030013565697961,20,-0.0291622195774019,,,961.0,45.8
118,2006,7,Maharashtra,Nagpur,1509.0,946.2728,-0.34477746,31.084510803222656,22.619802474975582,26.85215759277344,-0.0138040410438239,23,0.6680971286660703,30,1.501854308236208,,,1373.0,46.8
118,2007,7,Maharashtra,Nagpur,1521.0,1203.7229,1.0635707,31.419214248657227,21.940326690673828,26.679771423339844,-0.3226837399469916,18,-0.0064240108525583,25,0.736346044329403,,,1509.0,49.7
118,2008,7,Maharashtra,Nagpur,950.0,857.1044,-0.83256227,31.154443740844727,22.06150245666504,26.607973098754883,-0.4513312117970878,8,-1.3554662898898158,21,0.123939433203959,,,1521.0,57.5
118,2009,7,Maharashtra,Nagpur,1146.0,926.2575,-0.45426875,32.56117630004883,22.67013168334961,27.61565399169922,1.3542206594800048,27,1.2077140402809732,24,0.583244391548042,,,950.0,70.9
118,2010,7,Maharashtra,Nagpur,983.0,1165.0303,0.8519076,31.9520263671875,22.8746395111084,27.413333892822266,0.9917056652174032,25,0.9379055844735218,16,-0.641568830702846,,,1146.0,71.5
118,2011,7,Maharashtra,Nagpur,1515.0,900.5138,-0.59509647,31.21026039123535,21.581830978393555,26.396045684814453,-0.8310604906732678,16,-0.2762324666600098,25,0.736346044329403,,,983.0,77.5
118,2012,7,Maharashtra,Nagpur,1497.0,1029.2556,0.10916942,31.13078689575196,21.888887405395508,26.509838104248047,-0.6271684477814489,24,0.8030013565697961,27,1.042549349892125,,,1515.0,67.1
118,2013,7,Maharashtra,Nagpur,1352.0,1474.3306,2.543896,29.813661575317383,22.1466007232666,25.980131149291992,-1.5762917173066429,8,-1.3554662898898158,20,-0.0291622195774019,,,1497.0,77.8
118,2014,7,Maharashtra,Nagpur,1212.0,752.40247,-1.4053209,32.567108154296875,22.6122989654541,27.58970260620117,1.3077212438650792,32,1.882235179799602,23,0.430142738766681,,,1352.0,78.8
118,2015,7,Maharashtra,Nagpur,1210.0,1025.5138,0.08870026,32.205204010009766,22.387496948242188,27.296350479125977,0.7820960328559562,17,-0.141328238756284,40,3.0328708360498178,,,1212.0,88.7
118,2016,7,Maharashtra,Nagpur,1943.0,882.91394,-0.6913743,31.52713394165039,22.34546661376953,26.93630027770996,0.1369619239607387,21,0.3982886728586188,22,0.27704108598532,,,1210.0,87.7
118,2017,7,Maharashtra,Nagpur,1887.0,936.7489,-0.3968769,31.84751319885254,22.540359497070312,27.19393539428711,0.5985897766863917,19,0.1284802170511673,15,-0.794670483484207,,,1943.0,97.28
118,2018,7,Maharashtra,Nagpur,2070.0,964.03406,-0.2476169,31.453353881835938,21.63492584228516,26.544139862060547,-0.5657069241581423,19,0.1284802170511673,36,2.4204642249243737,,,1887.0,98.21
118,2019,7,Maharashtra,Nagpur,1568.0,1179.1099,0.9289282,31.39749336242676,22.669788360595703,27.033641815185547,0.3113774521032795,30,1.6124267239921504,22,0.27704108598532,,,2070.0,99.53
111,1990,7,Maharashtra,Nanded,980.0,1312.8955,2.3825157,30.558204650878903,21.93878936767578,26.248497009277344,-2.725366401512035,3,-2.1139927902529325,16,-0.6497411703059159,,,,29.9
111,1991,7,Maharashtra,Nanded,292.0,611.67505,-1.4686402,32.66826629638672,22.25669860839844,27.46248245239257,0.0157000770459217,23,0.2348880878058813,24,0.6497411703059159,,,980.0,34.2
111,1992,7,Maharashtra,Nanded,734.0,793.76654,-0.46857992,33.08627700805664,22.68101119995117,27.883644104003903,0.9666440046135534,32,1.2918844829323477,30,1.62435292576479,,,292.0,31.6
111,1993,7,Maharashtra,Nanded,1000.0,775.8134,-0.56717986,32.58839797973633,23.052059173583984,27.82022857666016,0.823457628526579,23,0.2348880878058813,10,-1.62435292576479,,,734.0,31.3
111,1994,7,Maharashtra,Nanded,860.0,748.5342,-0.7169995,31.49434471130371,22.411142349243164,26.95274353027344,-1.135243107784666,10,-1.2918844829323477,22,0.3248705851529579,,,1000.0,31.5
111,1995,7,Maharashtra,Nanded,576.0,1122.6619,1.3377382,33.11003112792969,23.02810287475586,28.069067001342773,1.3853117004538156,29,0.9395523512235257,20,0.0,,,860.0,31.4
111,1996,7,Maharashtra,Nanded,759.0,898.9248,0.10895723,32.378299713134766,22.56679916381836,27.47254943847656,0.038430397455793,31,1.174440439029407,16,-0.6497411703059159,,,576.0,28.2
111,1997,7,Maharashtra,Nanded,588.0,854.7683,-0.13355358,32.90242004394531,22.86307144165039,27.88274574279785,0.9646155883738786,25,0.4697761756117627,13,-1.137047048035353,,,759.0,34.5
111,1998,7,Maharashtra,Nanded,625.0,1084.6149,1.1287811,32.4177131652832,23.48215675354004,27.949935913085938,1.116324757960513,21,0.0,10,-1.62435292576479,,,588.0,25.3
111,1999,7,Maharashtra,Nanded,598.0,996.60486,0.6454235,31.41931533813477,22.58209228515625,27.000703811645508,-1.0269532429294237,15,-0.7046642634176441,11,-1.4619176331883108,,,625.0,26.1
111,2000,7,Maharashtra,Nanded,753.0,820.5936,-0.32124352,32.076698303222656,22.507253646850582,27.291976928710938,-0.3692855733366542,11,-1.174440439029407,20,0.0,,,598.0,26.7
111,2001,7,Maharashtra,Nanded,1021.0,936.30676,0.31426176,31.8310489654541,22.44709205627441,27.13907051086425,-0.7145340758560927,8,-1.526772570738229,19,-0.1624352925764789,,,753.0,23.9
111,2002,7,Maharashtra,Nanded,635.0,826.6544,-0.2879572,32.534183502197266,22.37970542907715,27.45694351196289,0.0031936635426708,34,1.526772570738229,29,1.4619176331883108,,,1021.0,24.1
111,2003,7,Maharashtra,Nanded,575.0,981.42065,0.5620307,32.26640319824219,22.599903106689453,27.43315315246582,-0.0505227605710512,20,-0.1174440439029406,20,0.0,,,635.0,23.3
111,2004,7,Maharashtra,Nanded,500.0,629.0189,-1.3733863,32.41450881958008,22.170589447021484,27.29254913330078,-0.3679935884706142,25,0.4697761756117627,17,-0.4873058777294369,,,575.0,16.4
111,2005,7,Maharashtra,Nanded,429.0,1023.6109,0.7937427,32.20758056640625,22.711275100708008,27.45942687988281,0.0088008778612762,24,0.352332131708822,19,-0.1624352925764789,,,500.0,15.6
111,2006,7,Maharashtra,Nanded,603.0,918.26184,0.2151577,31.875947952270508,22.496601104736328,27.18627548217773,-0.6079496310240069,16,-0.5872202195147035,26,0.974611755458874,,,429.0,15.6
111,2007,7,Maharashtra,Nanded,721.0,740.83234,-0.75929856,32.00882339477539,22.476926803588867,27.24287414550781,-0.4801551013077727,16,-0.5872202195147035,31,1.7867882183412689,,,603.0,14.5
111,2008,7,Maharashtra,Nanded,525.0,793.7357,-0.4687492,32.36856460571289,22.54202651977539,27.45529556274414,-0.0005272528715243,20,-0.1174440439029406,21,0.1624352925764789,,,721.0,8.0
111,2009,7,Maharashtra,Nanded,266.0,564.1672,-1.729557,33.46709060668945,22.962417602539062,28.21475410461425,1.7142596605800176,33,1.4093285268352882,25,0.812176462882395,,,525.0,5.6
111,2010,7,Maharashtra,Nanded,521.0,1025.9407,0.806538,32.34160232543945,22.96078491210937,27.65119361877441,0.4417923792496936,22,0.1174440439029406,21,0.1624352925764789,,,266.0,5.2
111,2011,7,Maharashtra,Nanded,375.0,756.1002,-0.6754462,32.47895431518555,22.34646987915039,27.41271209716797,-0.0966767666022193,23,0.2348880878058813,19,-0.1624352925764789,,,521.0,4.0
111,2012,7,Maharashtra,Nanded,523.0,770.5363,-0.5961621,32.42120742797852,22.467906951904297,27.444557189941406,-0.0247735021908745,23,0.2348880878058813,25,0.812176462882395,,,375.0,4.0
111,2013,7,Maharashtra,Nanded,500.0,1215.8955,1.8497844,30.879838943481445,22.385358810424805,26.632598876953125,-1.8581000271016004,7,-1.6442166146411696,12,-1.299482340611832,,,523.0,0.8
111,2014,7,Maharashtra,Nanded,125.0,460.4884,-2.2989686,33.5088005065918,23.068702697753903,28.28875160217285,1.8813391434563236,40,2.231436834155873,38,2.9238352663766216,,,500.0,0.8
111,2015,7,Maharashtra,Nanded,250.0,516.40704,-1.9918593,33.826805114746094,23.319860458374023,28.57333374023437,2.523899203348857,40,2.231436834155873,27,1.137047048035353,,,125.0,0.4
111,2016,7,Maharashtra,Nanded,1857.0,1158.029,1.5319774,31.977035522460938,22.41708755493164,27.19706153869629,-0.5835957162991453,19,-0.2348880878058813,22,0.3248705851529579,,,250.0,0.7
111,2017,7,Maharashtra,Nanded,1485.0,728.68665,-0.8260036,32.60643005371094,22.834775924682617,27.720603942871094,0.5985144501165709,14,-0.8221083073205848,14,-0.974611755458874,,,1857.0,0.81
111,2018,7,Maharashtra,Nanded,1399.0,865.5858,-0.07414302,32.37696838378906,22.09743309020996,27.237201690673828,-0.492962977946441,21,0.0,35,2.436529388647185,,,1485.0,0.84
111,2019,7,Maharashtra,Nanded,1301.0,1005.14905,0.69234884,32.458473205566406,22.899263381958008,27.67886734008789,0.504277073987615,30,1.0569963951264665,11,-1.4619176331883108,,,1399.0,0.86
1074,1998,7,Maharashtra,Nandurbar,1135.0,1115.951,0.9147279,32.55182647705078,24.119213104248047,28.33551979064941,1.3371508517215709,29,-0.0969762275752853,9,-1.9811620942780863,,,,15.5
1074,1999,7,Maharashtra,Nandurbar,438.0,566.60913,-1.3400154,31.88405036926269,23.18411636352539,27.53408432006836,-0.7069953737226075,13,-1.6485958687798514,29,0.1801056449343716,,,1135.0,21.7
1074,2000,7,Maharashtra,Nandurbar,233.0,480.64987,-1.6928304,32.955814361572266,23.030065536499023,27.992938995361328,0.4633621746493138,45,1.4546434136292807,22,-0.5763380637899886,,,438.0,21.0
1074,2001,7,Maharashtra,Nandurbar,615.0,840.33124,-0.21653825,31.95888900756836,22.799346923828125,27.37911796569824,-1.102253507389766,25,-0.4848811378764269,29,0.1801056449343716,,,233.0,20.0
1074,2002,7,Maharashtra,Nandurbar,732.0,759.05194,-0.5501446,32.5028076171875,22.89215660095215,27.69748306274414,-0.2902295387379635,46,1.551619641204566,39,1.2607395145406006,,,615.0,19.8
1074,2003,7,Maharashtra,Nandurbar,790.0,1189.6517,1.2172283,32.06293869018555,22.584444046020508,27.323692321777344,-1.243622494629085,19,-1.0667385033281391,29,0.1801056449343716,,,732.0,22.4
1074,2004,7,Maharashtra,Nandurbar,458.0,998.30505,0.43185648,32.266536712646484,22.395620346069336,27.3310775756836,-1.224785620731456,16,-1.3576671860539953,23,-0.4682746768293658,,,790.0,21.2
1074,2005,7,Maharashtra,Nandurbar,1569.0,808.6797,-0.34645027,32.739871978759766,23.32869338989257,28.03428268432617,0.5688136412310756,33,0.2909286827258561,27,-0.0360211289868741,,,458.0,19.7
1074,2006,7,Maharashtra,Nandurbar,845.0,1381.7474,2.0056744,31.892807006835938,23.222091674804688,27.557449340820312,-0.6474004085248453,29,-0.0969762275752853,29,0.1801056449343716,,,1569.0,20.0
1074,2007,7,Maharashtra,Nandurbar,1486.0,1140.6613,1.0161496,32.65836715698242,23.019868850708008,27.83911895751953,0.0710278429481933,30,0.0,35,0.828485966698109,,,845.0,21.0
1074,2008,7,Maharashtra,Nandurbar,1074.0,655.8063,-0.9739107,32.316009521484375,23.1643123626709,27.74016189575196,-0.1813726455734453,28,-0.1939524551505707,40,1.3688029015012235,,,1486.0,20.4
1074,2009,7,Maharashtra,Nandurbar,689.0,620.9558,-1.1169525,33.40385818481445,23.359346389770508,28.3816032409668,1.4546915826720486,40,0.9697622757528538,27,-0.0360211289868741,,,1074.0,18.7
1074,2010,7,Maharashtra,Nandurbar,1056.0,905.84595,0.05236323,33.05052185058594,23.74947738647461,28.39999961853028,1.5016134960869487,37,0.6788335930269976,17,-1.1166549985931031,,,689.0,23.4
1074,2011,7,Maharashtra,Nandurbar,1634.0,750.3602,-0.58581924,32.431304931640625,22.81294250488281,27.62212371826172,-0.4824415448574397,39,0.8727860481775683,28,0.0720422579737487,,,1056.0,19.4
1074,2012,7,Maharashtra,Nandurbar,1455.0,545.656,-1.4260163,32.68385696411133,22.61908531188965,27.65147018432617,-0.4075902685690594,46,1.551619641204566,26,-0.144084515947497,,,1634.0,19.5
1074,2013,7,Maharashtra,Nandurbar,902.0,1417.6904,2.1532004,31.049867630004883,22.82699203491211,26.93843078613281,-2.2262729297609782,9,-2.036500779080993,20,-0.7924648377112344,,,1455.0,22.5
1074,2014,7,Maharashtra,Nandurbar,495.0,717.1465,-0.72214323,33.53898620605469,23.854856491088867,28.696922302246094,2.258946313820092,62,3.103239282409132,21,-0.6844014507506115,,,902.0,18.2
1074,2015,7,Maharashtra,Nandurbar,915.0,723.92773,-0.69430995,33.6137809753418,23.68912696838379,28.65145492553711,2.1429769439928057,45,1.4546434136292807,39,1.2607395145406006,,,495.0,18.9
1074,2016,7,Maharashtra,Nandurbar,1162.0,838.55396,-0.22383301,32.37202453613281,23.549108505249023,27.960567474365234,0.3807951747034837,23,-0.6788335930269976,22,-0.5763380637899886,,,915.0,25.3
1074,2017,7,Maharashtra,Nandurbar,1132.0,952.51306,0.24390581,32.795406341552734,23.56231117248535,28.17885971069336,0.9375726911894824,38,0.775809820602283,19,-0.9005282246718573,,,1162.0,26.6
1074,2018,7,Maharashtra,Nandurbar,862.0,807.85974,-0.3498157,32.824066162109375,23.32041931152344,28.072242736816406,0.6656347838731959,51,2.036500779080993,38,1.1526761275799775,,,1132.0,26.12
1074,2019,7,Maharashtra,Nandurbar,1605.0,1547.5776,2.6863153,32.208229064941406,23.746957778930664,27.97759246826172,0.4242192285284,23,-0.6788335930269976,20,-0.7924648377112344,,,862.0,26.96
99,1990,7,Maharashtra,Nasik,1058.0,957.5956,-0.121675655,30.85225486755371,22.64849853515625,26.750377655029297,-1.68418419099538,3,-2.226592846785754,12,-0.944864036506298,,,,39.5
99,1991,7,Maharashtra,Nasik,769.0,821.4037,-0.69954234,31.644933700561523,22.461275100708008,27.05310440063477,-0.8537076778347812,17,-0.0372339940934071,30,1.2066938297550311,,,1058.0,41.5
99,1992,7,Maharashtra,Nasik,1175.0,804.49646,-0.7712803,32.214412689208984,23.036176681518555,27.625293731689453,0.7159910931528308,19,0.2755315562912138,14,-0.7058020513661503,,,769.0,41.8
99,1993,7,Maharashtra,Nasik,1256.0,929.8722,-0.23930691,31.76372528076172,23.199478149414062,27.48160171508789,0.3217978259619608,13,-0.6627650948626491,8,-1.4229880067865934,,,1175.0,46.1
99,1994,7,Maharashtra,Nasik,1237.0,1148.3141,0.6875493,30.970327377319336,22.46199417114257,26.71615982055664,-1.7780546807134987,13,-0.6627650948626491,32,1.4457558148951788,,,1256.0,44.7
99,1995,7,Maharashtra,Nasik,956.0,761.4851,-0.95377886,32.81977081298828,23.40581512451172,28.11279296875,2.0533577858537235,28,1.6829765330220083,17,-0.3472090736559288,,,1237.0,38.7
99,1996,7,Maharashtra,Nasik,1440.0,939.5392,-0.19828954,31.7863712310791,22.9867000579834,27.38653564453125,0.0610011175711869,20,0.4319143314835243,17,-0.3472090736559288,,,956.0,42.0
99,1997,7,Maharashtra,Nasik,1337.0,831.6478,-0.65607613,31.992647171020508,23.112712860107425,27.55268096923828,0.5167910071122073,21,0.5882971066758348,16,-0.4667400662260026,,,1440.0,44.2
99,1998,7,Maharashtra,Nasik,1254.0,996.86096,0.044928655,31.82875633239746,23.63091468811035,27.729835510253903,1.0027827063886126,17,-0.0372339940934071,8,-1.4229880067865934,,,1337.0,45.6
99,1999,7,Maharashtra,Nasik,1197.0,941.84064,-0.1885244,31.325654983520508,22.926307678222656,27.125980377197266,-0.6537855111040279,11,-0.97553064524727,16,-0.4667400662260026,,,1254.0,47.8
99,2000,7,Maharashtra,Nasik,873.0,663.24915,-1.3705972,32.01650619506836,22.87405204772949,27.44527816772461,0.2221506907227269,15,-0.3499995444780281,20,0.0113839040542927,,,1197.0,45.6
99,2001,7,Maharashtra,Nasik,1208.0,752.5361,-0.99174994,31.37450790405273,22.658334732055664,27.01642227172852,-0.9543385172026108,8,-1.4446789708242016,18,-0.2276780810858549,,,873.0,46.6
99,2002,7,Maharashtra,Nasik,894.0,883.47394,-0.43617624,31.824506759643555,22.78398704528809,27.30424690246582,-0.1647432825352124,28,1.6829765330220083,34,1.6848178000353264,,,1208.0,49.1
99,2003,7,Maharashtra,Nasik,1310.0,886.38794,-0.42381203,31.69783973693848,22.55650329589844,27.12717056274414,-0.6505204505920934,15,-0.3499995444780281,28,0.9676318446148834,,,894.0,50.6
99,2004,7,Maharashtra,Nasik,1382.0,1131.6842,0.6169881,31.598756790161133,22.56719017028809,27.08297348022461,-0.7717672169102792,10,-1.1319134204395809,21,0.1309148966243665,,,1310.0,50.8
99,2005,7,Maharashtra,Nasik,1167.0,1615.3711,2.6692877,31.76182746887207,23.06944465637207,27.41563606262207,0.140832893581741,25,1.2138282074450768,13,-0.8253330439362242,,,1382.0,50.3
99,2006,7,Maharashtra,Nasik,1012.0,1452.2487,1.9771537,31.25705909729004,23.17581558227539,27.21643829345703,-0.4056304472594623,21,0.5882971066758348,24,0.489507874334588,,,1167.0,49.0
99,2007,7,Maharashtra,Nasik,1352.0,1048.5137,0.2640928,31.9765682220459,22.996700286865234,27.48663330078125,0.335601078574915,19,0.2755315562912138,33,1.5652868074652526,,,1012.0,50.6
99,2008,7,Maharashtra,Nasik,1285.0,1321.1343,1.4208311,31.670913696289062,22.788461685180664,27.229686737060547,-0.3692857191891136,15,-0.3499995444780281,25,0.6090388669046619,,,1352.0,51.2
99,2009,7,Maharashtra,Nasik,392.0,888.395,-0.41529593,32.616600036621094,23.28640556335449,27.95150375366211,1.610889761798898,24,1.0574454322527662,25,0.6090388669046619,,,1285.0,48.1
99,2010,7,Maharashtra,Nasik,407.0,935.66614,-0.214723,32.07160186767578,23.608266830444336,27.83993530273437,1.3048217336176369,20,0.4319143314835243,7,-1.5425189993566673,,,392.0,59.1
99,2011,7,Maharashtra,Nasik,1237.0,808.5514,-0.75407505,31.600425720214844,23.00362777709961,27.302026748657227,-0.170833876182475,10,-1.1319134204395809,12,-0.944864036506298,,,407.0,62.9
99,2012,7,Maharashtra,Nasik,1190.0,761.00616,-0.955811,32.0149040222168,22.598201751708984,27.30655288696289,-0.1584172277933392,16,-0.1936167692857176,24,0.489507874334588,,,1237.0,67.9
99,2013,7,Maharashtra,Nasik,1285.0,1027.6675,0.17564173,30.550525665283203,22.75960731506348,26.655067443847656,-1.945650655388602,3,-2.226592846785754,15,-0.5862710587960764,,,1190.0,72.6
99,2014,7,Maharashtra,Nasik,1218.0,785.51746,-0.85180885,32.752655029296875,23.628746032714844,28.19070053100586,2.2670832051974408,46,4.497866486483597,21,0.1309148966243665,,,1285.0,71.2
99,2015,7,Maharashtra,Nasik,1453.0,686.17896,-1.2733054,32.80768203735352,23.74903106689453,28.278356552124023,2.5075517724201606,29,1.8393593082143187,23,0.3699768817645142,,,1218.0,69.6
99,2016,7,Maharashtra,Nasik,2028.0,1051.5676,0.27705085,31.443851470947266,23.222448348999023,27.333148956298828,-0.0854556832766474,17,-0.0372339940934071,22,0.2504458891944404,,,1453.0,71.9
99,2017,7,Maharashtra,Nasik,2119.0,1195.4202,0.8874219,31.98665428161621,23.33145332336425,27.659053802490234,0.8086057903663596,11,-0.97553064524727,15,-0.5862710587960764,,,2028.0,72.5
99,2018,7,Maharashtra,Nasik,1709.0,811.2821,-0.74248856,32.08693313598633,23.038896560668945,27.56291580200196,0.5448684345273563,42,3.872335385714355,26,0.7285698594747357,,,2119.0,74.05
99,2019,7,Maharashtra,Nasik,1187.0,1478.6338,2.0891066,31.642967224121094,23.69397354125977,27.66847038269043,0.8344384886795342,21,0.5882971066758348,11,-1.0643950290763715,,,1709.0,76.29
723,1995,8,Orissa,Nawarangpur,1310.0,1238.9825,-0.3263175,31.369281768798828,23.30699348449707,27.338138580322266,0.2457316127113361,17,0.7705156039303671,10,-0.8090579958330257,12.43,0.08536501613900144,,145.61
723,1996,8,Orissa,Nawarangpur,1482.0,1195.5808,-0.4849998,30.885684967041016,23.30862808227539,27.097156524658203,-0.389660232003362,9,-0.58052545501603,12,-0.3895464424381236,8.32,0.05412086125024394,1310.0,153.73
723,1997,8,Orissa,Nawarangpur,1128.0,1041.8662,-1.0470002,31.54928207397461,23.484769821166992,27.517024993896484,0.7173973058356801,14,0.2638752068254681,11,-0.5993022191355747,13.11,0.08781566079442696,1482.0,149.29
723,1998,8,Orissa,Nawarangpur,1356.0,769.9353,-2.0412145,31.50725746154785,24.2778434753418,27.89255142211914,1.7075392037873725,13,0.0949950744571685,12,-0.3895464424381236,13.65,0.08908758647696123,1128.0,153.22
723,1999,8,Orissa,Nawarangpur,1543.0,1083.0322,-0.8964919,30.55405616760254,23.15888977050781,26.85647201538086,-1.024267543002367,9,-0.58052545501603,7,-1.438325325925379,13.52,0.08641738574624482,1356.0,156.45
723,2000,8,Orissa,Nawarangpur,1131.0,1188.3718,-0.5113568,31.357255935668945,22.705554962158203,27.03140640258789,-0.5630220669223536,4,-1.4249261168575282,21,1.4982555478389363,0.93,0.006055870287165463,1543.0,153.57
723,2001,8,Orissa,Nawarangpur,1270.0,1603.8481,1.007678,30.978891372680664,22.40817070007324,26.69353103637696,-1.453890275465206,4,-1.4249261168575282,14,0.0299651109567786,14.73,0.08883126281510072,1131.0,165.82
723,2002,8,Orissa,Nawarangpur,545.0,868.76025,-1.6798978,31.744903564453125,22.611242294311523,27.17807388305664,-0.1763072938331572,16,0.6016354715620674,15,0.2397208876542297,10.6,0.06704193283157295,1270.0,158.11
723,2003,8,Orissa,Nawarangpur,1658.0,1544.3796,0.7902535,31.188495635986328,23.33731842041016,27.26290702819824,0.0473703091980468,15,0.4327553391937678,13,-0.1797906657406724,15.35,0.0948760739229866,545.0,161.79
723,2004,8,Orissa,Nawarangpur,1322.0,1333.9879,0.021034343,31.145687103271484,22.681371688842773,26.91352844238281,-0.8738281739559995,9,-0.58052545501603,18,0.8689882177465831,7.55,0.04285633195209173,1658.0,176.17
723,2005,8,Orissa,Nawarangpur,1227.0,1191.8645,-0.4985871,31.374706268310547,23.616012573242188,27.495359420776367,0.6602721873962271,24,1.9526765305084648,13,-0.1797906657406724,6.49,0.038509464190351866,1322.0,168.53
723,2006,8,Orissa,Nawarangpur,1331.0,1704.4043,1.3753242,30.96940803527832,22.391895294189453,26.680652618408203,-1.4878465039803392,11,-0.2427651902794307,20,1.2884997711414852,7.53,0.04582243047526319,1227.0,164.33
723,2007,8,Orissa,Nawarangpur,1530.0,1643.9805,1.1544069,31.17274284362793,23.303136825561523,27.237939834594727,-0.018460116048219,14,0.2638752068254681,11,-0.5993022191355747,8.37,0.055500298388701005,1331.0,150.81
723,2008,8,Orissa,Nawarangpur,1231.0,1388.4963,0.22032414,31.05085182189941,23.2388916015625,27.14487075805664,-0.2638532100048271,5,-1.2560459844892284,16,0.4494766643516808,19.64,0.1235764172906311,1530.0,158.93
723,2009,8,Orissa,Nawarangpur,1357.0,1111.1564,-0.7936664,32.228885650634766,23.61026191711425,27.919574737548828,1.7787909581715764,23,1.783796398140165,23,1.9177671012338384,18.62,0.11568091451292246,1231.0,160.96
723,2010,8,Orissa,Nawarangpur,1960.0,1765.0303,1.5969806,31.52457427978516,23.795164108276367,27.65987014770508,1.0940338381156012,12,-0.073885057911131,6,-1.64808110262283,26.92,0.18317909635274904,1357.0,146.96
723,2011,8,Orissa,Nawarangpur,704.0,1063.5089,-0.96787167,31.412744522094727,22.947189331054688,27.17996597290039,-0.1713184640513157,11,-0.2427651902794307,24,2.12752287793129,23.1,0.16497643193829453,1960.0,140.02
723,2012,8,Orissa,Nawarangpur,2276.0,1258.435,-0.2551966,31.02594566345215,23.0645751953125,27.04526138305664,-0.526490958519837,17,0.7705156039303671,20,1.2884997711414852,25.96,0.17976594418669067,704.0,144.41
723,2013,8,Orissa,Nawarangpur,2869.0,1630.3481,1.1045654,30.486730575561523,22.964183807373047,26.72545623779297,-1.3697138310212096,7,-0.9182857197526292,8,-1.228569549227928,26.92,0.18334127903017094,2276.0,146.83
723,2014,8,Orissa,Nawarangpur,2328.0,1482.0594,0.5624029,31.71398162841797,22.67404556274414,27.19401359558105,-0.1342794203585201,20,1.277156001035266,18,0.8689882177465831,27.82,0.18869972190191955,2869.0,147.43
723,2015,8,Orissa,Nawarangpur,1254.0,1251.8447,-0.27929172,31.72553825378418,23.686792373657227,27.706165313720703,1.2160992377777455,4,-1.4249261168575282,29,3.176301761418545,30.2,0.2191900130643054,2328.0,137.78
723,2016,8,Orissa,Nawarangpur,2657.0,1338.1859,0.03638276,31.39387321472168,23.15222549438477,27.273048400878903,0.0741098333412436,16,0.6016354715620674,20,1.2884997711414852,27.58,0.1870718306993149,1254.0,147.43
723,2017,8,Orissa,Nawarangpur,2464.0,1384.2637,0.20484896,31.467554092407227,23.40291786193848,27.43523597717285,0.5017460862034777,8,-0.7494055873843296,8,-1.228569549227928,27.13,0.21726595659485864,2657.0,124.87
723,2018,8,Orissa,Nawarangpur,1217.0,1120.3474,-0.76006275,31.344322204589844,22.907657623291016,27.12598991394043,-0.3136358975153602,15,0.4327553391937678,19,1.0787439944440342,0.869,0.006737478678864941,2464.0,128.98
723,2019,8,Orissa,Nawarangpur,3176.0,1436.2502,0.39491856,31.264986038208008,23.53948974609375,27.40223693847656,0.4147382796957672,19,1.1082758686669665,10,-0.8090579958330257,3.405,0.02736478341236036,1217.0,124.43
726,1995,8,Orissa,Nayagarh,1780.0,986.4801,-1.0803043,31.8856201171875,23.87908363342285,27.88235092163086,-1.1023028205437866,14,0.1066596619070958,18,0.4576245766458667,33.28,0.34476328602506995,,96.53
726,1996,8,Orissa,Nayagarh,435.0,782.77783,-2.140962,32.02497100830078,24.18071937561035,28.10284423828125,-0.5082181664550781,4,-1.20607463848793,20,0.7727103507299061,9.08,0.09640089181441767,1780.0,94.19
726,1997,8,Orissa,Nayagarh,1739.0,1139.362,-0.28426298,32.18856430053711,23.966535568237305,28.07754898071289,-0.5763722700391376,16,0.369206521986101,25,1.5604247859400044,32.64,0.3004418262150221,435.0,108.64
726,1998,8,Orissa,Nayagarh,1715.0,1063.8594,-0.677398,32.513267517089844,25.198169708251957,28.8557186126709,1.520283735898318,13,-0.0246137681324067,6,-1.4328900678583694,17.3,0.16878048780487806,1739.0,102.5
726,1999,8,Orissa,Nayagarh,705.0,1306.7104,0.58710355,31.381567001342773,24.247188568115234,27.814376831054688,-1.285448344863551,7,-0.8122543483694222,6,-1.4328900678583694,22.7,0.23156176680607976,1715.0,98.03
726,2000,8,Orissa,Nayagarh,1152.0,894.71906,-1.558095,32.25947952270508,24.251829147338867,28.255653381347656,-0.0964979008284369,5,-1.0748012084484273,15,-0.0150040844801922,27.11,0.27489353072399103,705.0,98.62
726,2001,8,Orissa,Nayagarh,1619.0,1297.9432,0.54145354,31.62450790405273,23.81647109985352,27.720489501953125,-1.538413025516676,1,-1.5998949286064377,12,-0.4876327456062513,27.51,0.2586498683715683,1152.0,106.36
726,2002,8,Orissa,Nayagarh,620.0,1087.2489,-0.5556111,32.61124038696289,24.28902053833008,28.450130462646484,0.4274900881353604,22,1.1568471022231164,12,-0.4876327456062513,8.84,0.08823235851881425,1619.0,100.19
726,2003,8,Orissa,Nayagarh,1564.0,1471.946,1.447469,31.94124412536621,24.377450942993164,28.159347534179688,-0.3559788990312973,17,0.5004799520256036,7,-1.2753471808163497,34.0,0.34882527957320203,620.0,97.47
726,2004,8,Orissa,Nayagarh,1261.0,929.51,-1.3769419,32.1807861328125,24.37124252319336,28.27601432800293,-0.0416385239803117,17,0.5004799520256036,24,1.4028818988979848,25.7,0.27044091339576976,1564.0,95.03
726,2005,8,Orissa,Nayagarh,1610.0,1536.5698,1.7839586,32.48882293701172,25.11170196533203,28.800262451171875,1.370865807855298,26,1.6819408223811267,10,-0.8027185196902906,32.9,0.32965931863727455,1261.0,99.8
726,2006,8,Orissa,Nayagarh,1502.0,1302.9172,0.56735265,32.200592041015625,23.97764778137207,28.08911895751953,-0.5451987824549945,12,-0.1558871981719093,26,1.717967672982024,34.91,0.34319701140385367,1610.0,101.72
726,2007,8,Orissa,Nayagarh,1841.0,1271.7119,0.40486962,32.104637145996094,25.069868087768555,28.58725357055664,0.7969467926192398,11,-0.2871606282114118,12,-0.4876327456062513,35.87,0.3712097692228086,1502.0,96.63
726,2008,8,Orissa,Nayagarh,1408.0,1149.3972,-0.23201092,31.84673118591309,24.29686164855957,28.071796417236328,-0.5918716499523878,3,-1.3373480685274324,23,1.245339011855965,36.97,0.39076207589049783,1841.0,94.61
726,2009,8,Orissa,Nayagarh,1531.0,1099.758,-0.49047711,32.85189437866211,24.439672470092773,28.645782470703125,0.9546437329435086,23,1.288120532262619,23,1.245339011855965,35.55,0.3454139137193937,1408.0,102.92
726,2010,8,Orissa,Nayagarh,1682.0,1247.326,0.27789482,32.95692825317383,24.792680740356445,28.874805450439453,1.5717102262139329,20,0.8943002421441113,11,-0.645175632648271,38.1,0.4035162041940267,1531.0,94.42
726,2011,8,Orissa,Nayagarh,648.0,1067.666,-0.6575772,32.23679733276367,23.706470489501957,27.97163391113281,-0.8617438106832959,14,0.1066596619070958,14,-0.1725469715222119,36.62,0.4281038110825344,1682.0,85.54
726,2012,8,Orissa,Nayagarh,2195.0,1207.4144,0.07007897,32.40627670288086,24.05647087097168,28.231372833251957,-0.1619180289105571,18,0.6317533820651061,17,0.300081689603847,37.59,0.3931185944363104,648.0,95.62
726,2013,8,Orissa,Nayagarh,844.0,1839.7479,3.362577,31.75640869140625,23.931371688842773,27.843891143798828,-1.2059266589293225,8,-0.6809809183299196,5,-1.590432954900389,39.5,0.38920090649325056,2195.0,101.49
726,2014,8,Orissa,Nayagarh,2099.0,1290.47,0.50254095,32.48770523071289,23.54861831665039,28.01816177368164,-0.7363817836263249,21,1.025573672183614,13,-0.3300898585642317,40.57,0.44280724732591137,844.0,91.62
726,2015,8,Orissa,Nayagarh,848.0,960.21655,-1.2170559,32.91194152832031,24.57454490661621,28.743244171142575,1.217238996473766,12,-0.1558871981719093,16,0.1425388025618273,44.5,0.49209333185889637,2099.0,90.43
726,2016,8,Orissa,Nayagarh,2285.0,1025.3678,-0.87781984,32.27496337890625,23.969236373901367,28.122100830078125,-0.4563343005385749,12,-0.1558871981719093,15,-0.0150040844801922,45.51,0.4963463845566583,848.0,91.69
726,2017,8,Orissa,Nayagarh,1381.0,1095.0594,-0.5149423,32.61907958984375,24.379831314086918,28.499454498291016,0.5603859649777507,12,-0.1558871981719093,10,-0.8027185196902906,44.44,0.49039947031560355,2285.0,90.62
726,2018,8,Orissa,Nayagarh,2396.0,1235.5634,0.21664764,32.446434020996094,23.90576934814453,28.176101684570312,-0.3108374689391258,16,0.369206521986101,19,0.6151674636878864,4.141,0.047341945809992,1381.0,87.47
726,2019,8,Orissa,Nayagarh,2601.0,1456.6985,1.3680764,32.421478271484375,24.51004981994629,28.465763092041016,0.4696097558306516,20,0.8943002421441113,5,-1.590432954900389,4.55,0.05270473763465771,2396.0,86.33
721,1995,8,Orissa,Nuapada,900.0,1006.75635,-0.4671018,32.7387580871582,23.18980407714844,27.96428108215332,0.640993684906607,24,0.8756327625763726,20,0.0711092131494839,21.36,0.22550675675675674,,94.72
721,1996,8,Orissa,Nuapada,668.0,728.70197,-1.4033949,32.080787658691406,23.02738571166992,27.554086685180664,-0.3001095899668983,15,-0.7204573362970154,27,1.0213868797834935,25.0,0.238299494805071,900.0,104.91
721,1997,8,Orissa,Nuapada,944.0,1009.5945,-0.45754495,32.47339630126953,23.02195930480957,27.747676849365234,0.1440416194157678,21,0.3436027296185766,23,0.4783710702783453,21.31,0.20191396626871325,668.0,105.54
721,1998,8,Orissa,Nuapada,853.0,739.69885,-1.3663651,32.88954544067383,24.27568817138672,28.58261680603028,2.0596326985220896,19,-0.011083959019954,10,-1.2864303106133872,29.57,0.28113709830766304,944.0,105.18
721,1999,8,Orissa,Nuapada,1045.0,940.4251,-0.69045913,31.536470413208008,23.00653648376465,27.271503448486328,-0.948436362443808,14,-0.8978006806162807,20,0.0711092131494839,6.57,0.06581188019633377,853.0,99.83
721,2000,8,Orissa,Nuapada,301.0,815.7556,-1.110259,32.400787353515625,22.55379104614257,27.4772891998291,-0.4763049878070677,15,-0.7204573362970154,36,2.2431724511700777,0.32,0.003026004728132388,1045.0,105.75
721,2001,8,Orissa,Nuapada,1262.0,1737.2853,1.99281,31.89627456665039,22.229476928710938,27.062875747680664,-1.4270879820334057,9,-1.7845174022126074,16,-0.4719065963556645,31.67,0.28531531531531534,301.0,111.0
721,2002,8,Orissa,Nuapada,253.0,814.9691,-1.1129074,32.643333435058594,22.40862846374512,27.52598190307617,-0.3645899989470101,27,1.4076627955341685,22,0.3426171179020582,1.78,0.01727149233456239,1262.0,103.06
721,2003,8,Orissa,Nuapada,1286.0,1497.1549,1.1842184,32.19398498535156,23.225032806396484,27.709508895874023,0.056473416897895,21,0.3436027296185766,13,-0.8791684534845259,31.98,0.2970186681526888,253.0,107.67
721,2004,8,Orissa,Nuapada,885.0,1040.3208,-0.35408014,32.043399810791016,22.48431396484375,27.263856887817383,-0.9659797597699862,19,-0.011083959019954,17,-0.3361526439793774,32.29,0.3061824388393704,1286.0,105.46
721,2005,8,Orissa,Nuapada,974.0,1059.9451,-0.2879993,32.504051208496094,23.561635971069336,28.03284454345703,0.7982978763967861,24,0.8756327625763726,22,0.3426171179020582,32.73,0.30474860335195525,885.0,107.4
721,2006,8,Orissa,Nuapada,1106.0,1521.26,1.2653875,31.99954032897949,22.25058937072754,27.12506484985352,-1.2844083936522452,22,0.5209460739378419,31,1.5644026892886422,38.08,0.3498070916773838,974.0,108.86
721,2007,8,Orissa,Nuapada,1848.0,1432.3787,0.9660972,32.28326797485352,23.10620880126953,27.694738388061523,0.0225856471563325,19,-0.011083959019954,25,0.7498789750309196,38.3,0.3504117108874657,1106.0,109.3
721,2008,8,Orissa,Nuapada,1428.0,1165.0464,0.06590861,31.914247512817383,22.98287582397461,27.448562622070312,-0.5422119738708167,8,-1.9618607465318727,21,0.206863165525771,40.9,0.38749407863571766,1848.0,105.55
721,2009,8,Orissa,Nuapada,1200.0,1406.8713,0.88020635,33.27908706665039,23.38823509216309,28.333660125732425,1.488454864648445,27,1.4076627955341685,25,0.7498789750309196,37.07,0.3692231075697211,1428.0,100.4
721,2010,8,Orissa,Nuapada,1858.0,945.66956,-0.67279947,32.8466682434082,23.48084831237793,28.16375732421875,1.098649240547339,21,0.3436027296185766,17,-0.3361526439793774,40.93,0.3905907052199637,1200.0,104.79
721,2011,8,Orissa,Nuapada,792.0,907.87317,-0.80007136,32.27228927612305,22.51189613342285,27.392093658447266,-0.671767928283097,17,-0.3657706476584847,37,2.378926403546365,37.4,0.37915652879156525,1858.0,98.64
721,2012,8,Orissa,Nuapada,2100.0,1009.13477,-0.45909294,32.1007194519043,22.87026023864746,27.48548889160156,-0.4574925495169186,20,0.1662593852993112,26,0.8856329274072067,37.45,0.3821428571428572,792.0,98.0
721,2013,8,Orissa,Nuapada,2006.0,1653.7927,1.7116653,31.52960968017578,22.84771156311035,27.18865966796875,-1.138503690821265,14,-0.8978006806162807,8,-1.5579382153659616,40.03,0.3821114929362352,2100.0,104.76
721,2014,8,Orissa,Nuapada,2121.0,1451.578,1.0307472,32.618648529052734,22.350400924682617,27.48452377319336,-0.4597068071988876,24,0.8756327625763726,20,0.0711092131494839,35.3,0.3836122582047381,2006.0,92.02
721,2015,8,Orissa,Nuapada,847.0,1119.7711,-0.086546905,32.714874267578125,23.309059143066406,28.011966705322266,0.7503981440115661,14,-0.8978006806162807,40,2.7861882606752264,42.65,0.4590463889785814,2121.0,92.91
721,2016,8,Orissa,Nuapada,1458.0,1077.8505,-0.22770642,32.410926818847656,22.981767654418945,27.696346282958984,0.0262746179585196,22,0.5209460739378419,22,0.3426171179020582,38.78,0.39737678040782864,847.0,97.59
721,2017,8,Orissa,Nuapada,677.0,934.78217,-0.7094606,32.591697692871094,23.28169059753418,27.93669509887696,0.5777035488306654,20,0.1662593852993112,10,-1.2864303106133872,39.22,0.4394890183774092,1458.0,89.24
721,2018,8,Orissa,Nuapada,1514.0,1023.97626,-0.40911716,32.386573791503906,22.66506576538086,27.525819778442383,-0.3649619592295476,22,0.5209460739378419,40,2.7861882606752264,11.943,0.12980110857515487,677.0,92.01
721,2019,8,Orissa,Nuapada,2224.0,1174.9456,0.09924211,32.30557632446289,23.4299373626709,27.86775588989257,0.4195372846856129,24,0.8756327625763726,10,-1.2864303106133872,17.052,0.1814814814814815,1514.0,93.96
112,1990,7,Maharashtra,Osmanabad,961.0,890.9634,1.1798397,30.07359313964844,21.014705657958984,25.54414939880371,-1.995610878261613,0,-1.9286607002936755,16,-0.606984610576064,,,,15.5
112,1991,7,Maharashtra,Osmanabad,243.0,469.55948,-1.0192822,31.534639358520508,21.231958389282227,26.383298873901367,-0.1443519265573635,14,0.2030169158203869,30,1.420895792939423,,,961.0,15.2
112,1992,7,Maharashtra,Osmanabad,683.0,520.4709,-0.7535979,32.333396911621094,21.34248352050781,26.837940216064453,0.8586384577198828,21,1.268855723877418,20,-0.0275902095716391,,,243.0,12.6
112,1993,7,Maharashtra,Osmanabad,728.0,707.91437,0.22458732,31.631567001342773,21.57503318786621,26.60330009460449,0.340995727583895,15,0.3552796026856771,10,-1.4760762120827011,,,683.0,11.4
112,1994,7,Maharashtra,Osmanabad,634.0,426.91617,-1.2418189,30.89849853515625,21.05725479125977,25.977876663208008,-1.0387593224250231,8,-0.710559205371354,17,-0.4621360103249578,,,728.0,11.2
112,1995,7,Maharashtra,Osmanabad,405.0,621.34753,-0.22716698,32.603267669677734,21.509998321533203,27.05663299560547,1.341099542202208,21,1.268855723877418,21,0.117258390679467,,,634.0,11.1
112,1996,7,Maharashtra,Osmanabad,700.0,888.8334,1.1687242,31.68803977966309,20.88823509216309,26.28813743591309,-0.3542888557467029,14,0.2030169158203869,16,-0.606984610576064,,,405.0,15.0
112,1997,7,Maharashtra,Osmanabad,282.0,542.5626,-0.63831085,32.212745666503906,21.58189582824707,26.89731979370117,0.9896365431749128,17,0.6598049764162575,22,0.2621069909305732,,,700.0,14.9
112,1998,7,Maharashtra,Osmanabad,243.0,1197.9978,2.7821176,31.58535957336425,21.48241806030273,26.53388977050781,0.1878686773528052,17,0.6598049764162575,15,-0.7518332108271703,,,282.0,14.8
112,1999,7,Maharashtra,Osmanabad,559.0,671.1874,0.032925285,30.882221221923828,20.24712371826172,25.564672470092773,-1.9503346544566476,7,-0.8628218922366442,9,-1.6209248123338076,,,243.0,15.2
112,2000,7,Maharashtra,Osmanabad,488.0,779.2213,0.596707,31.48418426513672,20.350391387939453,25.91728782653809,-1.1724251705094535,1,-1.776398013428385,23,0.4069555911816794,,,559.0,17.2
112,2001,7,Maharashtra,Osmanabad,152.0,578.2003,-0.45233336,31.412748336791992,21.416732788085938,26.41474151611328,-0.0749858903654612,6,-1.0150845791019345,29,1.2760471926883168,,,488.0,15.8
112,2002,7,Maharashtra,Osmanabad,311.0,553.02277,-0.58372396,32.12059020996094,21.62496757507324,26.872779846191406,0.935498634673555,21,1.268855723877418,14,-0.8966818110782765,,,152.0,16.7
112,2003,7,Maharashtra,Osmanabad,144.0,426.06683,-1.2462512,32.11830139160156,21.85496711730957,26.98663330078125,1.1866722732763473,17,0.6598049764162575,32,1.7105929934416355,,,311.0,18.0
112,2004,7,Maharashtra,Osmanabad,362.0,617.5235,-0.24712294,31.46855926513672,21.119672775268555,26.29411697387696,-0.3410973165618838,7,-0.8628218922366442,19,-0.1724388098227454,,,144.0,18.5
112,2005,7,Maharashtra,Osmanabad,376.0,617.10614,-0.24930096,31.39169692993164,21.280914306640625,26.336305618286133,-0.2480243802847574,19,0.9643303501468378,16,-0.606984610576064,,,362.0,17.0
112,2006,7,Maharashtra,Osmanabad,383.0,637.9324,-0.14061798,31.10209274291992,21.10895347595215,26.10552215576172,-0.7571588832335958,12,-0.1015084579101933,23,0.4069555911816794,,,376.0,17.5
112,2007,7,Maharashtra,Osmanabad,416.0,742.3142,0.404105,31.41156768798828,21.36705780029297,26.389312744140625,-0.1310846464777112,10,-0.4060338316407736,32,1.7105929934416355,,,383.0,16.6
112,2008,7,Maharashtra,Osmanabad,360.0,461.1065,-1.0633945,31.64006423950196,21.4096736907959,26.52486801147461,0.167965653319589,5,-1.1673472659672244,25,0.6966527916838919,,,416.0,5.0
112,2009,7,Maharashtra,Osmanabad,608.0,680.11255,0.07950184,32.43157196044922,21.88921546936035,27.16039276123047,1.57000535772174,20,1.116593037012128,24,0.5518041914327857,,,360.0,6.1
112,2010,7,Maharashtra,Osmanabad,302.0,932.08093,1.3944142,31.66202545166016,21.80634117126465,26.73418426513672,0.6297410578553331,14,0.2030169158203869,11,-1.331227611831595,,,608.0,11.2
112,2011,7,Maharashtra,Osmanabad,383.0,550.6541,-0.5960849,31.443592071533203,21.701305389404297,26.57244873046875,0.2729341179142627,2,-1.624135326563095,17,-0.4621360103249578,,,302.0,10.7
112,2012,7,Maharashtra,Osmanabad,239.0,440.2397,-1.1722894,31.923852920532227,21.55901908874512,26.741436004638672,0.6457392179767534,16,0.5075422895509673,22,0.2621069909305732,,,383.0,11.5
112,2013,7,Maharashtra,Osmanabad,489.0,737.4878,0.37891805,30.48568344116211,21.37052154541016,25.928102493286133,-1.1485667886345396,4,-1.3196099528325147,9,-1.6209248123338076,,,239.0,13.1
112,2014,7,Maharashtra,Osmanabad,191.0,475.1194,-0.9902675,32.56884002685547,21.830774307250977,27.199806213378903,1.656955904999225,34,3.2482706531261902,17,-0.4621360103249578,,,489.0,13.1
112,2015,7,Maharashtra,Osmanabad,97.0,358.28983,-1.5999497,33.08397674560547,22.100143432617188,27.592060089111328,2.522312459867869,25,1.877906471338579,20,-0.0275902095716391,,,191.0,6.2
112,2016,7,Maharashtra,Osmanabad,190.0,887.55676,1.1620622,31.10491943359375,21.22296142578125,26.1639404296875,-0.6282815428341064,11,-0.2537711447754835,22,0.2621069909305732,,,97.0,6.3
112,2017,7,Maharashtra,Osmanabad,293.0,938.15625,1.4261186,31.904878616333008,21.358781814575195,26.6318302154541,0.4039364111967918,6,-1.0150845791019345,15,-0.7518332108271703,,,190.0,7.5
112,2019,7,Maharashtra,Osmanabad,114.0,761.46216,0.50402975,31.639387130737305,21.430986404418945,26.535186767578125,0.1907300000468072,20,1.116593037012128,10,-1.4760762120827011,,,293.0,1.22
109,1990,7,Maharashtra,Parbhani,992.0,1185.354,1.7406402,30.41777801513672,21.6299991607666,26.023887634277344,-2.3426108084790527,3,-1.949519756421552,12,-1.4159458774240965,,,,26.1
109,1991,7,Maharashtra,Parbhani,395.0,611.6087,-0.9181221,32.33529281616211,22.105424880981445,27.220359802246094,0.1658199191862175,19,-0.1043404940056605,27,0.9820269795038088,,,992.0,25.3
109,1992,7,Maharashtra,Parbhani,791.0,792.7041,-0.07891766,32.81431198120117,22.19875717163086,27.506534576416016,0.7657917498968259,33,1.5101913606082442,30,1.46162155088939,,,395.0,22.5
109,1993,7,Maharashtra,Parbhani,815.0,664.3373,-0.6737755,32.273075103759766,22.73810577392578,27.505590438842773,0.7638123443048975,21,0.1263069137963258,12,-1.4159458774240965,,,791.0,23.3
109,1994,7,Maharashtra,Parbhani,861.0,643.33594,-0.77109665,31.324508666992188,21.926733016967773,26.625621795654297,-1.0810616469583434,10,-1.1422538291145992,23,0.3425675509897006,,,815.0,25.1
109,1995,7,Maharashtra,Parbhani,612.0,692.8551,-0.5416226,33.238624572753906,22.80156898498535,28.020095825195312,1.8424844231273017,33,1.5101913606082442,16,-0.7764864489099885,,,861.0,25.5
109,1996,7,Maharashtra,Parbhani,668.0,947.08655,0.63649774,32.177711486816406,21.984968185424805,27.08134078979492,-0.1256365575275117,30,1.1642202489052649,18,-0.4567567346529344,,,612.0,23.8
109,1997,7,Maharashtra,Parbhani,461.0,650.94543,-0.7358339,32.72895431518555,22.50875663757324,27.61885452270508,1.001273035750326,18,-0.2196641979066537,20,-0.1370270203958803,,,668.0,15.2
109,1998,7,Maharashtra,Parbhani,450.0,1185.2991,1.7403857,32.10797500610352,22.72464179992676,27.416309356689453,0.5766325536936333,20,0.0109832098953326,13,-1.2560810202955697,,,461.0,22.9
109,1999,7,Maharashtra,Parbhani,462.0,897.21497,0.40539053,31.060522079467773,21.466535568237305,26.26352882385254,-1.840197681255872,12,-0.9116064213126128,17,-0.6166215917814615,,,450.0,9.1
109,2000,7,Maharashtra,Parbhani,344.0,786.5359,-0.10750145,32.15895462036133,21.52366065979004,26.84130859375,-0.6288694385816854,14,-0.6809590135106265,21,0.0228378367326466,,,462.0,9.6
109,2001,7,Maharashtra,Parbhani,552.0,956.82666,0.6816339,31.74549102783203,21.78915023803711,26.76732063293457,-0.7839868574028854,9,-1.2575775330155925,15,-0.9363513060385156,,,344.0,9.6
109,2002,7,Maharashtra,Parbhani,500.0,863.6468,0.24983405,32.406864166259766,22.111371994018555,27.259117126464844,0.2470755184346716,31,1.2795439528062578,26,0.8221621223752817,,,552.0,9.4
109,2003,7,Maharashtra,Parbhani,375.0,762.19415,-0.22030218,32.114444732666016,22.14627456665039,27.130359649658203,-0.0228674187142527,17,-0.3349879018076469,29,1.301756693760863,,,500.0,9.6
109,2004,7,Maharashtra,Parbhani,313.0,543.74524,-1.2326046,32.22117614746094,21.799673080444336,27.01042556762696,-0.2743119108767771,21,0.1263069137963258,27,0.9820269795038088,,,375.0,9.9
109,2005,7,Maharashtra,Parbhani,386.0,1154.672,1.5984584,32.082027435302734,22.303985595703125,27.19300651550293,0.1084731402087529,24,0.4722780254993054,14,-1.0962161631670426,,,313.0,7.0
109,2006,7,Maharashtra,Parbhani,410.0,871.57947,0.28659445,31.718168258666992,22.1641845703125,26.941177368164062,-0.4194923137465939,17,-0.3349879018076469,22,0.1827026938611736,,,386.0,7.8
109,2007,7,Maharashtra,Parbhani,388.0,779.6649,-0.13934185,31.944643020629883,22.14555549621582,27.04509925842285,-0.201617740663325,16,-0.4503116057086401,32,1.7813512651464438,,,410.0,7.2
109,2008,7,Maharashtra,Parbhani,328.0,392.55603,-1.9332224,32.18901824951172,22.16646957397461,27.177743911743164,0.0764747492054985,13,-0.7962827174116197,20,-0.1370270203958803,,,388.0,5.8
109,2009,7,Maharashtra,Parbhani,371.0,587.9745,-1.0276442,33.15836715698242,22.512680053710938,27.83552360534668,1.455524625702417,35,1.7408387684102304,27,0.9820269795038088,,,328.0,3.1
109,2010,7,Maharashtra,Parbhani,455.0,1034.2787,1.0405501,32.293270111083984,22.67353057861328,27.48340034484864,0.7172903146958319,22,0.241630617697319,17,-0.6166215917814615,,,371.0,4.0
109,2011,7,Maharashtra,Parbhani,353.0,619.9668,-0.87939036,32.15660095214844,22.00006484985352,27.078332901000977,-0.1319426638274458,21,0.1263069137963258,25,0.6622972652467547,,,455.0,1.7
109,2012,7,Maharashtra,Parbhani,93.0,622.70056,-0.8667219,32.41712188720703,21.9649658203125,27.19104385375977,0.1043583758570547,26,0.7029254333012918,25,0.6622972652467547,,,353.0,1.4
109,2013,7,Maharashtra,Parbhani,429.0,990.2388,0.83646715,30.707386016845703,21.98208999633789,26.3447380065918,-1.669940808755794,6,-1.603548644718572,19,-0.2968918775244074,,,93.0,0.7
109,2016,7,Maharashtra,Parbhani,200.0,956.6124,0.6806411,31.8063907623291,22.2191219329834,27.01275634765625,-0.269425378284193,20,0.0109832098953326,22,0.1827026938611736,,,429.0,0.02
109,2018,7,Maharashtra,Parbhani,200.0,571.80994,-1.1025515,32.422119140625,21.814350128173828,27.11823463439941,-0.0482877850736314,40,2.3174572879151967,39,2.900405265046133,,,200.0,0.01
109,2019,7,Maharashtra,Parbhani,100.0,800.9467,-0.040721003,32.22203063964844,22.506736755371094,27.36438369750977,0.4677692449367551,28,0.9335728411032782,13,-1.2560810202955697,,,200.0,0.01
176,1990,9,Punjab,Patiala,3381.0,633.2269,0.27043742,32.226924896240234,21.72973823547364,26.97833251953125,-0.7404128412753317,28,0.3927930616605485,32,0.1488064693344737,276.7,0.9953237410071942,,278.0
176,1991,9,Punjab,Patiala,3294.0,436.67334,-0.8123836,33.23928451538086,21.916996002197266,27.578140258789062,0.973094337422352,36,1.2176584911477002,44,1.3206574153434536,284.9,0.9961538461538461,3381.0,286.0
176,1992,9,Punjab,Patiala,3422.0,428.1,-0.8596144,32.46424865722656,21.62254905700684,27.043399810791016,-0.5545311605721442,25,0.0834685256028666,25,-0.5347732491707644,216.5,0.9931192660550459,3294.0,218.0
176,1993,9,Punjab,Patiala,3448.0,593.5904,0.052078288,32.90549087524414,21.75320053100586,27.329345703125,0.2623478277511384,32,0.8052257764041243,40,0.9300404333404604,239.5,0.9937759336099585,3422.0,241.0
176,1994,9,Punjab,Patiala,3414.0,787.67163,1.121279,32.46189498901367,21.48771095275879,26.974803924560547,-0.7504931927234438,23,-0.1227478317689213,36,0.539423451337467,237.4,0.9933054393305439,3448.0,239.0
176,1995,9,Punjab,Patiala,2945.0,979.7292,2.1793313,32.88215637207031,22.28222274780273,27.582189559936523,0.984662221813888,31,0.7021175977182303,49,1.8089286428471951,233.9,0.9911016949152542,3414.0,236.0
176,1996,9,Punjab,Patiala,3339.0,682.56836,0.5422612,31.7998046875,21.3764705657959,26.588138580322266,-1.8551035532461904,11,-1.3600459759996488,26,-0.4371190036700161,229.6,0.9982608695652173,2945.0,230.0
176,1997,9,Punjab,Patiala,3300.0,478.58975,-0.58146447,31.52516365051269,21.604705810546875,26.56493377685547,-1.921394123904424,21,-0.3289641891407092,16,-1.4136614586774991,240.1,1.0,3339.0,240.0
176,1998,9,Punjab,Patiala,3138.0,763.3941,0.9875332,32.29771041870117,22.681764602661133,27.48973846435547,0.72055156503473,26,0.1865767042887605,13,-1.706624195179744,246.14,1.0,3300.0,246.0
176,1999,9,Punjab,Patiala,3247.0,327.29703,-1.4149417,32.58987045288086,22.12013053894043,27.354999542236328,0.3356347071982238,29,0.4959012403464424,31,0.0511522238337254,250.77,0.9990836653386455,3138.0,251.0
176,2000,9,Punjab,Patiala,3348.0,400.52106,-1.0115478,32.04137420654297,21.852611541748047,26.946992874145508,-0.8299427086504292,12,-1.2569377973137548,35,0.4417692058367187,255.11,0.9965234375,3247.0,256.0
176,2001,9,Punjab,Patiala,3618.0,415.83893,-0.9271611,32.69209289550781,22.36176490783692,27.526927947998047,0.8267930204592111,11,-1.3600459759996488,36,0.539423451337467,249.77,0.9950996015936255,3348.0,251.0
176,2002,9,Punjab,Patiala,3451.0,521.58984,-0.3445754,32.64712142944336,22.28607940673828,27.46660041809082,0.6544517037282175,39,1.526983027205382,21,-0.9253902311737576,237.28,1.0,3618.0,237.0
176,2003,9,Punjab,Patiala,3862.0,664.06647,0.44033358,32.49176788330078,21.95633888244629,27.22405242919922,-0.0384498594605272,26,0.1865767042887605,38,0.7347319423389637,245.07,0.996219512195122,3451.0,246.0
176,2004,9,Punjab,Patiala,3860.0,448.62323,-0.74655116,31.890522003173828,22.35320281982422,27.121862411499023,-0.3303822862364748,20,-0.4320723678266032,25,-0.5347732491707644,249.46,0.9978400000000001,3862.0,250.0
176,2005,9,Punjab,Patiala,3950.0,473.2372,-0.61095184,33.05268478393555,22.182090759277344,27.617387771606445,1.0852150897184616,28,0.3927930616605485,37,0.6370776968382154,237.81,0.9992016806722689,3860.0,238.0
176,2006,9,Punjab,Patiala,4173.0,386.58698,-1.0883112,32.557125091552734,22.283266067504883,27.420196533203125,0.5218869089276121,20,-0.4320723678266032,46,1.5159659063449502,236.95,0.9997890295358649,3950.0,237.0
176,2007,9,Punjab,Patiala,4269.0,712.68823,0.7081927,32.59672927856445,22.057907104492188,27.32731819152832,0.2565557122974393,16,-0.844505082570179,20,-1.023044476674506,233.79,0.999102564102564,4173.0,234.0
176,2008,9,Punjab,Patiala,4239.0,941.7107,1.969886,32.06333541870117,21.60516166687012,26.834247589111328,-1.1520290083527835,3,-2.1849114054868006,15,-1.5113157041782477,238.29,1.0,4269.0,238.0
176,2009,9,Punjab,Patiala,4254.0,654.213,0.38605055,33.889930725097656,21.96725273132324,27.92859268188477,1.9742530478943756,40,1.630091205891276,26,-0.4371190036700161,234.01,0.9750416666666666,4239.0,240.0
176,2010,9,Punjab,Patiala,3731.0,536.9635,-0.25988135,32.57013320922852,21.60895538330078,27.08954429626465,-0.4227074078239407,31,0.7021175977182303,29,-0.1441562671677711,234.4,1.0,4254.0,234.0
176,2011,9,Punjab,Patiala,3859.0,993.22345,2.2536716,32.21771240234375,22.156274795532227,27.186992645263672,-0.1443207938588075,20,-0.4320723678266032,45,1.418311660844202,233.49,0.9978205128205129,3731.0,234.0
176,2012,9,Punjab,Patiala,3957.0,672.19946,0.48513857,33.495689392089844,22.641502380371094,28.06859588623047,2.3742087003237304,39,1.526983027205382,42,1.125348924341957,233.14,1.0,3859.0,233.0
176,2013,9,Punjab,Patiala,4152.0,476.5362,-0.5927776,32.48313522338867,22.80431365966797,27.64372444152832,1.1604526533917223,18,-0.6382887251983911,20,-1.023044476674506,230.98,0.9999134199134199,3957.0,231.0
176,2014,9,Punjab,Patiala,3930.0,266.74033,-1.7485508,33.638221740722656,22.427623748779297,28.032922744750977,2.2722990716026272,42,1.836307563263064,30,-0.0465020216670228,229.64,0.9984347826086956,4152.0,230.0
176,2015,9,Punjab,Patiala,3957.0,505.86536,-0.43120217,32.8387336730957,21.92381477355957,27.38127517700196,0.4106979080356455,21,-0.3289641891407092,32,0.1488064693344737,229.79,0.9990869565217391,3930.0,230.0
176,2016,9,Punjab,Patiala,4241.0,306.05246,-1.5319788,33.3006477355957,22.476381301879883,27.88851547241211,1.859762050798294,29,0.4959012403464424,34,0.3441149603359704,231.97,0.9998706896551725,3957.0,232.0
176,2017,9,Punjab,Patiala,4296.0,426.78952,-0.86683387,33.15647506713867,22.344009399414062,27.750242233276367,1.4647484949978138,20,-0.4320723678266032,37,0.6370776968382154,232.99,0.9999570815450645,4241.0,233.0
176,2018,9,Punjab,Patiala,3932.0,766.04895,1.0021589,32.70301818847656,22.217628479003903,27.460323333740234,0.636519575827819,25,0.0834685256028666,20,-1.023044476674506,234.406,1.0,4296.0,234.0
176,2019,9,Punjab,Patiala,3949.0,680.3879,0.5302488,32.99684524536133,22.64935111999512,27.823097229003903,1.6728777837889055,30,0.5990094190323364,27,-0.3394647581692678,234.791,0.9991106382978723,3932.0,235.0
710,1990,8,Orissa,Phulbani(Kandhamal),1173.0,1548.9575,1.2323704,31.749086380004883,23.654052734375,27.701568603515625,-0.7263087980949616,12,-0.7759887655596747,8,-0.9782749768110194,40.05,0.34877645214665154,,114.83
710,1991,8,Orissa,Phulbani(Kandhamal),1369.0,1678.9016,1.7383609,31.97771072387696,23.30339813232422,27.640554428100582,-0.8632598275572454,15,-0.2204513538521802,10,-0.6387084559344672,43.04,0.36052940190986765,1173.0,119.38
710,1992,8,Orissa,Phulbani(Kandhamal),1343.0,1565.2561,1.2958356,32.6207160949707,23.379409790039062,28.000062942504883,-0.0563151984901669,22,1.07580260679864,17,0.5497743671334653,45.3,0.3835082966474771,1369.0,118.12
710,1993,8,Orissa,Phulbani(Kandhamal),1195.0,1066.1052,-0.64781255,32.1475830078125,23.34222221374512,27.744903564453125,-0.6290401310724568,13,-0.5908096283238432,12,-0.2991419350579151,36.35,0.3193639079247936,1343.0,113.82
710,1994,8,Orissa,Phulbani(Kandhamal),1357.0,1595.2478,1.4126205,31.403657913208008,22.792613983154297,27.09813690185547,-2.08075786161802,9,-1.3315261772671692,10,-0.6387084559344672,45.67,0.35940820020461167,1195.0,127.07
710,1995,8,Orissa,Phulbani(Kandhamal),1247.0,1214.7222,-0.06911166,32.31313705444336,23.64372634887696,27.97843170166016,-0.1048681893661372,21,0.8906234695628087,10,-0.6387084559344672,13.01,0.22705061082024433,1357.0,57.3
710,1996,8,Orissa,Phulbani(Kandhamal),990.0,832.8495,-1.5560892,32.32999801635742,23.97954368591309,28.154769897460938,0.2909365114949733,14,-0.4056304910880117,9,-0.8084917163727433,8.19,0.15943157484913373,1247.0,51.37
710,1997,8,Orissa,Phulbani(Kandhamal),1392.0,1080.4392,-0.59199727,32.525230407714844,23.80974006652832,28.167484283447266,0.3194749329021924,20,0.7054443323269772,21,1.2289074088865697,12.12,0.20376597175521183,990.0,59.48
710,1998,8,Orissa,Phulbani(Kandhamal),1260.0,1144.7644,-0.34152082,32.691375732421875,24.97529411315918,28.833335876464844,1.814030263897896,17,0.1499069206194827,4,-1.6574080185641238,11.73,0.24555160142348753,1392.0,47.77
710,1999,8,Orissa,Phulbani(Kandhamal),1356.0,1017.65393,-0.83647746,31.663005828857425,24.03640365600586,27.84970474243164,-0.393805792242415,9,-1.3315261772671692,9,-0.8084917163727433,12.72,0.23275388838060387,1260.0,54.65
710,2000,8,Orissa,Phulbani(Kandhamal),778.0,825.751,-1.5837301,32.48882293701172,23.63568878173828,28.062255859375,0.0832816072141822,11,-0.961167902795506,13,-0.129358674619639,10.29,0.19555302166476624,1356.0,52.62
710,2001,8,Orissa,Phulbani(Kandhamal),1510.0,1314.7407,0.3203515,31.91692924499512,23.30575180053711,27.6113395690918,-0.9288348351621462,7,-1.701884451738832,12,-0.2991419350579151,13.3,0.22895506971940094,778.0,58.09
710,2002,8,Orissa,Phulbani(Kandhamal),777.0,888.39233,-1.3398104,32.701107025146484,23.250980377197266,27.976043701171875,-0.1102282409115755,23,1.2609817440344715,12,-0.2991419350579151,10.32,0.19322224302565064,1510.0,53.41
710,2003,8,Orissa,Phulbani(Kandhamal),1450.0,1427.9504,0.76117986,32.18954086303711,23.860654830932617,28.025096893310547,-0.0001245622810835,18,0.3350860578553142,14,0.040424585818637,9.13,0.1582871012482663,777.0,57.68
710,2004,8,Orissa,Phulbani(Kandhamal),1315.0,878.49634,-1.3783444,32.14790725708008,23.45078468322754,27.799346923828125,-0.5068378057427747,19,0.5202651950911457,21,1.2289074088865697,10.41,0.17957564257374506,1450.0,57.97
710,2005,8,Orissa,Phulbani(Kandhamal),1311.0,1309.2363,0.2989179,32.60862731933594,24.399477005004883,28.504051208496094,1.0749253926494262,24,1.446160881270303,9,-0.8084917163727433,10.56,0.18880743786876453,1315.0,55.93
710,2006,8,Orissa,Phulbani(Kandhamal),1400.0,1308.9465,0.29778945,32.12810516357422,22.672550201416016,27.40032768249512,-1.4024673132152592,17,0.1499069206194827,27,2.247606971516226,11.74,0.21241179663470236,1311.0,55.27
710,2007,8,Orissa,Phulbani(Kandhamal),1356.0,1243.4194,0.042632885,32.354248046875,24.25666618347168,28.305458068847656,0.6291677513473488,17,0.1499069206194827,22,1.3986906693248455,11.39,0.20895248578242526,1400.0,54.51
710,2008,8,Orissa,Phulbani(Kandhamal),1374.0,1421.8008,0.73723364,32.143592834472656,24.12163352966309,28.132614135742188,0.2412061930031856,8,-1.5167053145030005,13,-0.129358674619639,12.47,0.231655210848969,1356.0,53.83
710,2009,8,Orissa,Phulbani(Kandhamal),1356.0,1190.7041,-0.16263582,33.17568588256836,24.25869369506836,28.71718978881836,1.55333139903573,24,1.446160881270303,23,1.5684739297631216,15.82,0.32712985938792394,1374.0,48.36
710,2010,8,Orissa,Phulbani(Kandhamal),1342.0,1327.5522,0.3702384,33.05666732788086,24.594379425048828,28.825523376464844,1.7964945042093317,20,0.7054443323269772,13,-0.129358674619639,15.95,0.3000376222723853,1356.0,53.16
710,2011,8,Orissa,Phulbani(Kandhamal),1145.0,1105.5621,-0.4941709,32.55548858642578,23.52751541137696,28.041501998901367,0.0366979643501032,17,0.1499069206194827,27,2.247606971516226,14.86,0.39479277364505844,1342.0,37.64
710,2012,8,Orissa,Phulbani(Kandhamal),1616.0,1080.0419,-0.5935445,32.430458068847656,23.78856086730957,28.109508514404297,0.1893438412289504,18,0.3350860578553142,18,0.7195576275717414,15.23,0.3450385138196647,1145.0,44.14
710,2013,8,Orissa,Phulbani(Kandhamal),1550.0,1555.3911,1.2574222,31.952550888061523,23.64065361022949,27.796602249145508,-0.5129984400669554,14,-0.4056304910880117,6,-1.3178414976875716,15.66,0.33999131567520624,1616.0,46.06
710,2014,8,Orissa,Phulbani(Kandhamal),1852.0,1324.4824,0.3582848,32.68162536621094,23.34383583068848,28.01272964477539,-0.0278838068662032,23,1.2609817440344715,14,0.040424585818637,16.39,0.3581730769230769,1550.0,45.76
710,2015,8,Orissa,Phulbani(Kandhamal),861.0,832.5341,-1.5573171,33.06339263916016,24.429096221923828,28.746244430541992,1.6185467865689085,16,-0.0352722166163487,26,2.07782371107795,12.44,0.4109679550710274,1852.0,30.27
710,2016,8,Orissa,Phulbani(Kandhamal),1793.0,1045.2068,-0.72918916,32.576663970947266,23.932485580444336,28.254573822021484,0.5149541290398495,21,0.8906234695628087,21,1.2289074088865697,17.65,0.4329163600686779,861.0,40.77
710,2017,8,Orissa,Phulbani(Kandhamal),1561.0,1147.6294,-0.33036482,32.81343078613281,24.1356201171875,28.47452545166016,1.0086525508576925,17,0.1499069206194827,10,-0.6387084559344672,17.0,0.5644090305444887,1793.0,30.12
710,2018,8,Orissa,Phulbani(Kandhamal),1960.0,1559.1975,1.272244,32.60545349121094,23.632699966430664,28.119075775146484,0.2108182969413133,18,0.3350860578553142,19,0.8893408880100173,1.553,0.04063317634746206,1561.0,38.22
710,2019,8,Orissa,Phulbani(Kandhamal),1826.0,1606.7695,1.4574851,32.53582000732422,24.033605575561523,28.284713745117188,0.5826055144399208,27,2.0016982929777973,11,-0.4689251954961912,0.839,0.02110691823899371,1960.0,39.75
103,1990,7,Maharashtra,Pune,1388.0,926.57385,-0.43577892,28.643529891967773,21.49552154541016,25.06952667236328,-1.8391725615242915,0,-1.123908329553163,17,0.130080675035541,,,,61.9
103,1991,7,Maharashtra,Pune,1048.0,1495.2144,0.16444534,29.54476928710937,21.511045455932617,25.527908325195312,-0.5830414499509575,5,0.131521187500902,14,-0.5003102885982332,,,1388.0,60.6
103,1992,7,Maharashtra,Pune,1321.0,833.6279,-0.5338873,30.249868392944336,21.781078338623047,26.01547241210937,0.7530600599474279,12,1.8891225113765933,16,-0.080049646175717,,,1048.0,61.9
103,1993,7,Maharashtra,Pune,854.0,915.0237,-0.44797063,29.49555397033692,21.912582397460938,25.70406723022461,-0.1003024925322645,9,1.1358648011441543,6,-2.181352858288298,,,1321.0,63.0
103,1994,7,Maharashtra,Pune,1182.0,1070.5314,-0.28382564,29.13186454772949,21.4472885131836,25.28957748413086,-1.2361539435659703,1,-0.8728224261423502,17,0.130080675035541,,,854.0,61.5
103,1995,7,Maharashtra,Pune,1518.0,749.49,-0.6226985,30.50621032714844,22.07682991027832,26.291519165039062,1.5095277598683172,9,1.1358648011441543,13,-0.7104406098094913,,,1182.0,51.9
103,1996,7,Maharashtra,Pune,1364.0,1129.6069,-0.22146887,29.672876358032227,21.47248268127441,25.57267951965332,-0.4603522238147378,7,0.6336929943225281,14,-0.5003102885982332,,,1518.0,59.9
103,1997,7,Maharashtra,Pune,1105.0,1202.2869,-0.1447521,30.070650100708008,21.92816925048828,25.999408721923828,0.7090397531047143,1,-0.8728224261423502,20,0.7604716386693152,,,1364.0,64.9
103,1998,7,Maharashtra,Pune,1212.0,1142.3452,-0.20802307,29.78447914123535,21.94584846496582,25.865163803100582,0.3411602403391632,7,0.6336929943225281,14,-0.5003102885982332,,,1105.0,60.8
103,1999,7,Maharashtra,Pune,1446.0,904.4339,-0.4591486,29.243202209472656,20.7259464263916,24.98457336425781,-2.0719752766483683,0,-1.123908329553163,17,0.130080675035541,,,1212.0,61.7
103,2000,7,Maharashtra,Pune,1175.0,595.41797,-0.7853281,29.84516716003418,20.9318962097168,25.38853073120117,-0.9649863445395636,0,-1.123908329553163,18,0.340210996246799,,,1446.0,64.0
103,2001,7,Maharashtra,Pune,1462.0,752.5964,-0.6194196,29.58794212341309,21.920164108276367,25.754053115844727,0.0366768688340674,0,-1.123908329553163,20,0.7604716386693152,,,1175.0,59.1
103,2002,7,Maharashtra,Pune,693.0,664.93274,-0.71195227,30.274707794189453,22.2099666595459,26.24233627319336,1.3747488911617791,8,0.8847788977333412,15,-0.2901799673869751,,,1462.0,57.7
103,2003,7,Maharashtra,Pune,1402.0,592.224,-0.78869945,30.02287673950196,22.013267517089844,26.0180721282959,0.7601842202688139,11,1.6380366079657804,21,0.9706019598805734,,,693.0,60.4
103,2004,7,Maharashtra,Pune,1259.0,1745.4872,0.42861897,29.65424919128418,21.58934593200684,25.621797561645508,-0.3257510671044779,0,-1.123908329553163,21,0.9706019598805734,,,1402.0,67.6
103,2005,7,Maharashtra,Pune,1144.0,4911.579,3.7705638,29.502973556518555,21.86526107788086,25.68411636352539,-0.1549750655048227,6,0.3826070909117151,8,-1.7610922158657818,,,1259.0,64.5
103,2006,7,Maharashtra,Pune,1078.0,2224.1104,0.9338261,29.47317314147949,21.79264640808105,25.63290977478028,-0.2952995938598959,0,-1.123908329553163,20,0.7604716386693152,,,1144.0,63.9
103,2007,7,Maharashtra,Pune,1245.0,1702.6768,0.38343075,30.01751708984375,21.64617729187012,25.83184814453125,0.2498633156631047,5,0.131521187500902,22,1.1807322810918317,,,1078.0,62.8
103,2008,7,Maharashtra,Pune,1234.0,1275.686,-0.06727615,29.6650333404541,21.78428268432617,25.724658966064453,-0.0438737068906069,4,-0.119564715909911,20,0.7604716386693152,,,1245.0,61.2
103,2009,7,Maharashtra,Pune,818.0,2223.4062,0.9330829,30.266340255737305,22.37297439575196,26.319656372070312,1.586633858959252,3,-0.3706506193207241,23,1.3908626023030894,,,1234.0,62.6
103,2010,7,Maharashtra,Pune,1181.0,1070.612,-0.28374046,29.77702522277832,22.255327224731445,26.016176223754883,0.754988757789395,6,0.3826070909117151,8,-1.7610922158657818,,,818.0,60.9
103,2011,7,Maharashtra,Pune,1381.0,1601.9075,0.27706447,29.32692527770996,22.0272216796875,25.677074432373047,-0.1742724975712362,2,-0.6217365227315371,13,-0.7104406098094913,,,1181.0,62.0
103,2012,7,Maharashtra,Pune,1368.0,1331.3307,-0.008540849,29.83921813964844,21.68134117126465,25.76028060913086,0.053742447300167,4,-0.119564715909911,18,0.340210996246799,,,1381.0,77.6
103,2013,7,Maharashtra,Pune,1866.0,1203.3491,-0.14363085,28.73797416687012,21.73388862609864,25.23593139648437,-1.3831635790751744,0,-1.123908329553163,10,-1.3408315734432656,,,1368.0,82.1
103,2014,7,Maharashtra,Pune,1658.0,977.1686,-0.38237405,30.37052154541016,22.032554626464844,26.2015380859375,1.2629471382092918,6,0.3826070909117151,15,-0.2901799673869751,,,1866.0,82.1
103,2015,7,Maharashtra,Pune,1965.0,737.4948,-0.6353599,30.758575439453125,22.33286666870117,26.54572105407715,2.2061326511606394,3,-0.3706506193207241,19,0.5503413174580571,,,1658.0,54.6
103,2016,7,Maharashtra,Pune,2157.0,959.85834,-0.40064573,29.185623168945312,21.75568962097168,25.47065734863281,-0.7399297817238455,4,-0.119564715909911,21,0.9706019598805734,,,1965.0,53.5
103,2017,7,Maharashtra,Pune,2385.0,1128.9204,-0.22219352,29.93936347961425,22.00473022460937,25.9720458984375,0.6340557443222746,0,-1.123908329553163,15,-0.2901799673869751,,,2157.0,52.0
103,2018,7,Maharashtra,Pune,1833.0,731.231,-0.6419716,29.9631290435791,21.76102638244629,25.86207771301269,0.3327032400457025,2,-0.6217365227315371,14,-0.5003102885982332,,,2385.0,57.97
103,2019,7,Maharashtra,Pune,1809.0,1625.694,0.30217212,29.7937126159668,22.156557083129883,25.975135803222656,0.6425231982625752,11,1.6380366079657804,9,-1.5509618946545236,,,1833.0,59.51
711,1990,8,Orissa,Puri,1170.0,1213.5088,-0.2720344,31.650524139404297,23.92006492614746,27.78529357910156,-0.8058450552614246,6,-0.8068684607506708,17,0.6481690089353083,179.25,0.49193150008233166,,364.38
711,1991,8,Orissa,Puri,1655.0,1583.0422,1.0845629,31.69660186767578,23.6163387298584,27.656471252441406,-1.107546935900063,7,-0.6542176708789222,11,-0.6690776866428988,237.23,0.528811216869887,1170.0,448.61
711,1992,8,Orissa,Puri,1382.0,1320.255,0.11984251,32.188106536865234,23.62071990966797,27.9044132232666,-0.5268668563937022,12,0.1090362784798202,17,0.6481690089353083,215.67,0.5206150726596823,1655.0,414.26
711,1993,8,Orissa,Puri,1701.0,1278.8708,-0.03208321,31.77182960510254,23.592288970947266,27.68206024169922,-1.0476175247267123,11,-0.0436145113919282,11,-0.6690776866428988,210.75,0.5052502876869965,1382.0,417.12
711,1994,8,Orissa,Puri,1311.0,1441.3384,0.5643527,31.14627456665039,23.21758270263672,27.181928634643555,-2.218925715841629,8,-0.5015668810071737,9,-1.1081599185023012,207.84,0.5420263398096232,1701.0,383.45
711,1995,8,Orissa,Puri,1460.0,1130.1978,-0.57787824,31.863204956054688,23.989213943481445,27.92620849609375,-0.4758223288536102,12,0.1090362784798202,9,-1.1081599185023012,136.62,0.7232398094229752,1311.0,188.9
711,1996,8,Orissa,Puri,1254.0,683.21515,-2.2187998,31.87320327758789,24.178890228271484,28.026046752929688,-0.2420011378534722,4,-1.1121700404941677,20,1.3067923567244115,144.46,0.7538092256313923,1460.0,191.64
711,1997,8,Orissa,Puri,1127.0,1230.6431,-0.20913263,32.16091537475586,24.058364868164062,28.10964012145996,-0.0462254742060045,15,0.5669886480950657,17,0.6481690089353083,107.01,0.6556583542675081,1254.0,163.21
711,1998,8,Orissa,Puri,1207.0,1226.8027,-0.2232309,32.37261962890625,25.249345779418945,28.81098175048828,1.5963165752496304,12,0.1090362784798202,20,1.3067923567244115,132.01,0.7483135876650984,1127.0,176.41
711,1999,8,Orissa,Puri,860.0,1436.5359,0.54672223,31.445816040039062,24.374900817871094,27.91035842895508,-0.5129431850589196,7,-0.6542176708789222,6,-1.7667832662914047,147.25,0.7034347680695552,1207.0,209.33
711,2000,8,Orissa,Puri,1249.0,777.8654,-1.8713284,32.20352935791016,24.258432388305664,28.2309799194336,0.2379523247366864,2,-1.4174716202376647,11,-0.6690776866428988,94.18,0.6558952573298976,860.0,143.59
711,2001,8,Orissa,Puri,1666.0,1705.9053,1.5356064,31.5036563873291,23.838823318481445,27.67123985290528,-1.072958874576616,1,-1.5701224101094131,11,-0.6690776866428988,117.04,0.8462762111352132,1249.0,138.3
711,2002,8,Orissa,Puri,873.0,1661.3644,1.3720919,32.515750885009766,24.364574432373047,28.440162658691406,0.7278582864393974,22,1.6355441771973052,11,-0.6690776866428988,71.65,0.4905182446772096,1666.0,146.07
711,2003,8,Orissa,Puri,1210.0,1338.6155,0.18724579,31.82392120361328,24.536664962768555,28.180294036865234,0.1192459910663879,16,0.7196394379668142,11,-0.6690776866428988,118.09,0.714268432831307,873.0,165.33
711,2004,8,Orissa,Puri,1561.0,899.7682,-1.4238101,32.11052322387695,24.48967361450196,28.300098419189453,0.3998278466582546,15,0.5669886480950657,17,0.6481690089353083,125.41,0.7284079688679793,1210.0,172.17
711,2005,8,Orissa,Puri,1524.0,1432.9434,0.53353363,32.34267807006836,25.16790771484375,28.75529289245605,1.4658932733691576,25,2.093496546812551,23,1.9654157045135152,142.91,0.7558975986459325,1561.0,189.06
711,2006,8,Orissa,Puri,1371.0,1707.6941,1.5421733,32.05327224731445,24.051700592041016,28.05248641967773,-0.1800794400534669,13,0.2616870683515687,14,-0.0104543388537952,156.07,0.8676822149330071,1524.0,179.87
711,2007,8,Orissa,Puri,1533.0,1198.547,-0.32696077,31.975425720214844,25.15764808654785,28.56653594970703,1.0238245257582332,9,-0.3489160911354252,12,-0.4495365707131976,136.87,0.7968677224033536,1371.0,171.76
711,2008,8,Orissa,Puri,1207.0,1254.7837,-0.12050977,31.868106842041016,24.382549285888672,28.125328063964844,-0.00948431388245,4,-1.1121700404941677,15,0.2090867770759059,136.84,0.8013117058031269,1533.0,170.77
711,2009,8,Orissa,Puri,1730.0,1334.7786,0.17316006,32.81581497192383,24.536209106445312,28.67601203918457,1.2802175201765988,22,1.6355441771973052,21,1.526333472654113,120.68,0.8531636620714035,1207.0,141.45
711,2010,8,Orissa,Puri,1713.0,1183.1399,-0.3835219,32.630916595458984,24.81928253173828,28.72509956359864,1.3951804991537498,14,0.4143378582233172,12,-0.4495365707131976,129.76,0.8457828184069873,1730.0,153.42
711,2011,8,Orissa,Puri,1513.0,823.8738,-1.7024267,32.28797912597656,23.836538314819336,28.062259674072266,-0.1571904788986995,11,-0.0436145113919282,37,5.038991327529332,126.97,0.8445523480111746,1713.0,150.34
711,2012,8,Orissa,Puri,2459.0,903.77136,-1.409114,32.18608093261719,24.112876892089844,28.14947891235352,0.0470769714691505,17,0.8722902278385627,17,0.6481690089353083,138.56,0.9905633400057192,1513.0,139.88
711,2013,8,Orissa,Puri,1474.0,1557.4202,0.99050146,31.79111099243164,24.035490036010746,27.913299560546875,-0.5060550550627065,10,-0.1962653012636767,7,-1.5472421503617035,135.11,1.0,2459.0,135.11
711,2014,8,Orissa,Puri,2109.0,1301.5046,0.051007878,32.415618896484375,23.700672149658203,28.05814552307129,-0.1668258202747368,21,1.4828933873255568,11,-0.6690776866428988,122.63,0.9341102985984155,1474.0,131.28
711,2015,8,Orissa,Puri,2085.0,806.69946,-1.7654755,32.73911666870117,24.77653312683105,28.7578239440918,1.4718209961350537,11,-0.0436145113919282,16,0.4286278930056071,111.43,0.8444225522885723,2109.0,131.96
711,2016,8,Orissa,Puri,2720.0,1095.3237,-0.70590454,32.24661636352539,24.25848197937012,28.25254821777344,0.28846527804231,8,-0.5015668810071737,20,1.3067923567244115,103.65,0.9620382402079081,2085.0,107.74
711,2017,8,Orissa,Puri,1688.0,1283.0503,-0.01674002,32.46628952026367,24.407609939575195,28.43695068359375,0.7203358409701128,9,-0.3489160911354252,10,-0.8886188025726,89.74,0.8823992133726646,2720.0,101.7
711,2018,8,Orissa,Puri,2293.0,1605.437,1.1667765,32.386016845703125,23.94357109069824,28.164794921875,0.0829470647698282,15,0.5669886480950657,18,0.8677101248650094,82.086,0.6831960049937578,1688.0,120.15
711,2019,8,Orissa,Puri,2460.0,1625.3529,1.2398899,32.30921173095703,24.47317886352539,28.39119529724121,0.6131767291157969,17,0.8722902278385627,8,-1.3277010344320024,83.287,0.7079218019549511,2293.0,117.65
97,1990,7,Maharashtra,Raigarh,1650.0,5000.4727,2.1658907,31.34450912475586,22.79490089416504,27.06970596313477,-1.0104128855197627,14,-0.7866030212323297,11,-0.5899273722553002,,,,152.4
97,1991,7,Maharashtra,Raigarh,2231.0,3643.7544,0.31679037,32.01169967651367,22.343595504760746,27.17764663696289,-0.7771751012261578,21,0.3470307446613218,14,-0.1577712739752547,,,1650.0,150.4
97,1992,7,Maharashtra,Raigarh,2119.0,3285.8003,-0.17107292,32.837188720703125,22.504314422607425,27.670751571655277,0.2883241060052771,29,1.6426121913969236,15,-0.0137192412152394,,,2231.0,139.0
97,1993,7,Maharashtra,Raigarh,2371.0,4287.909,1.1947227,32.30339813232422,22.679607391357425,27.49150276184082,-0.0989960186120609,16,-0.4627076595484293,7,-1.166135503295361,,,2119.0,138.5
97,1994,7,Maharashtra,Raigarh,2198.0,4105.97,0.94675416,31.1807861328125,22.103857040405277,26.642322540283203,-1.9339013079511425,11,-1.2724460637581805,8,-1.022083470535346,,,2371.0,146.1
97,1995,7,Maharashtra,Raigarh,2254.0,2701.5999,-0.96729213,32.4845085144043,22.78241729736328,27.63346290588379,0.207750903380525,23,0.6709261063452223,13,-0.3018233067352698,,,2198.0,146.4
97,1996,7,Maharashtra,Raigarh,2333.0,3330.955,-0.10953049,32.17790603637695,23.25542449951172,27.716665267944336,0.3875342407154067,18,-0.1388122978645288,11,-0.5899273722553002,,,2254.0,142.4
97,1997,7,Maharashtra,Raigarh,2531.0,3482.3027,0.096744455,32.467124938964844,23.069477081298828,27.76830101013184,0.4991085497413551,22,0.5089784255032721,32,2.435165315705019,,,2333.0,139.0
97,1998,7,Maharashtra,Raigarh,2568.0,3539.5698,0.17479499,32.62902069091797,24.076536178588867,28.35277938842773,1.762047135230661,20,0.1850830638193716,5,-1.4542395688153915,,,2531.0,135.4
97,1999,7,Maharashtra,Raigarh,2421.0,3605.46,0.26459807,31.49993324279785,23.203855514526367,27.35189437866211,-0.4006612649608453,12,-1.1104983829162305,10,-0.7339794050153154,,,2568.0,135.7
97,2000,7,Maharashtra,Raigarh,2166.0,2774.84,-0.86747146,32.27568435668945,22.647449493408203,27.461566925048828,-0.163681257240986,12,-1.1104983829162305,15,-0.0137192412152394,,,2421.0,134.7
97,2001,7,Maharashtra,Raigarh,2669.0,2697.3945,-0.97302365,31.72863006591797,22.445295333862305,27.086963653564453,-0.9731225357832534,8,-1.7582891062840311,15,-0.0137192412152394,,,2166.0,133.7
97,2002,7,Maharashtra,Raigarh,2086.0,2632.0242,-1.0621183,32.63954162597656,22.20928192138672,27.42441177368164,-0.2439659624650357,28,1.4806645105549734,11,-0.5899273722553002,,,2669.0,133.2
97,2003,7,Maharashtra,Raigarh,2827.0,3200.9036,-0.28678048,32.231239318847656,22.97686195373535,27.604049682617188,0.144194926005778,20,0.1850830638193716,21,0.8505929553448517,,,2086.0,133.1
97,2004,7,Maharashtra,Raigarh,2235.0,3478.79,0.09195693,32.050655364990234,22.329805374145508,27.190231323242188,-0.7499821605142338,18,-0.1388122978645288,25,1.4268010863849123,,,2827.0,133.0
97,2005,7,Maharashtra,Raigarh,2278.0,4356.4307,1.288112,32.654640197753906,23.42294311523437,28.03879165649414,1.0835836766073004,24,0.8328737871871725,13,-0.3018233067352698,,,2235.0,129.5
97,2006,7,Maharashtra,Raigarh,2379.0,4037.4448,0.85335946,31.946800231933597,21.970457077026367,26.958629608154297,-1.2504262373384365,21,0.3470307446613218,20,0.7065409225848365,,,2278.0,132.2
97,2007,7,Maharashtra,Raigarh,2514.0,3595.0195,0.25036857,32.26947784423828,22.987384796142575,27.62843132019043,0.1968786727654816,16,-0.4627076595484293,22,0.9946449881048668,,,2379.0,133.1
97,2008,7,Maharashtra,Raigarh,2720.0,1673.5266,-2.368475,31.82575035095215,22.8054256439209,27.315587997436523,-0.4791119509947152,10,-1.4343937446001307,20,0.7065409225848365,,,2514.0,132.3
97,2009,7,Maharashtra,Raigarh,2526.0,2748.5696,-0.9032761,33.161895751953125,23.39974021911621,28.280818939208984,1.6065552790349245,27,1.3187168297130232,23,1.138697020864882,,,2720.0,130.4
97,2010,7,Maharashtra,Raigarh,2370.0,3458.9734,0.06494839,33.202415466308594,23.635883331298828,28.41914939880371,1.9054591931198428,26,1.156769148871073,6,-1.3101875360553763,,,2526.0,126.2
97,2011,7,Maharashtra,Raigarh,2415.0,4010.1174,0.81611437,32.141441345214844,22.51947784423828,27.33045959472656,-0.4469774619479024,16,-0.4627076595484293,13,-0.3018233067352698,,,2370.0,126.8
97,2012,7,Maharashtra,Raigarh,2606.0,3024.1938,-0.5276219,32.279998779296875,22.949478149414062,27.61473846435547,0.1672912036277274,23,0.6709261063452223,14,-0.1577712739752547,,,2415.0,127.9
97,2013,7,Maharashtra,Raigarh,2861.0,4202.815,1.0787458,31.69313621520996,22.95078659057617,27.32196044921875,-0.4653423821983318,14,-0.7866030212323297,7,-1.166135503295361,,,2606.0,127.9
97,2014,7,Maharashtra,Raigarh,2800.0,3283.7656,-0.173846,32.66460037231445,22.46515655517578,27.56487846374512,0.0595539100311214,23,0.6709261063452223,18,0.4184368570648061,,,2861.0,125.3
97,2015,7,Maharashtra,Raigarh,2940.0,2368.6592,-1.421064,32.95355224609375,23.426176071166992,28.189865112304688,1.4100226068935469,17,-0.3007599787064791,18,0.4184368570648061,,,2800.0,115.6
97,2016,7,Maharashtra,Raigarh,2728.0,4318.1167,1.2358931,32.40790939331055,23.146936416625977,27.777423858642575,0.5188211649922089,23,0.6709261063452223,25,1.4268010863849123,,,2940.0,113.3
97,2017,7,Maharashtra,Raigarh,2721.0,4200.581,1.0757012,32.752315521240234,23.265722274780277,28.009017944335938,1.019248756250657,22,0.5089784255032721,15,-0.0137192412152394,,,2728.0,114.24
97,2018,7,Maharashtra,Raigarh,2841.0,3618.1387,0.28187814,32.43719482421875,22.76771354675293,27.60245513916016,0.1407494427631032,24,0.8328737871871725,12,-0.4458753394952851,,,2721.0,114.08
97,2019,7,Maharashtra,Raigarh,1976.0,5686.9634,3.1015234,32.452537536621094,23.33974266052246,27.896141052246094,0.775344810913939,26,1.156769148871073,9,-0.8780314377753307,,,2841.0,98.9
98,1990,7,Maharashtra,Ratnagiri,2224.0,3833.299,0.90449125,28.108041763305664,21.79378890991211,24.950916290283203,-1.853116313769801,0,-0.6900655593423541,11,-0.3800709086855712,,,,82.5
98,1991,7,Maharashtra,Ratnagiri,2430.0,3451.8433,0.37745264,28.971830368041992,21.773399353027344,25.372615814208984,-0.4002745606786559,3,1.3801311186847085,14,0.1641215287505876,,,2224.0,82.7
98,1992,7,Maharashtra,Ratnagiri,2116.0,3237.3433,0.08108864,29.382551193237305,22.02908706665039,25.70581817626953,0.7476762345310509,1,0.0,19,1.0711089244775192,,,2430.0,82.2
98,1993,7,Maharashtra,Ratnagiri,2344.0,4119.06,1.299313,28.67320251464844,22.18261337280273,25.427907943725582,-0.2097817812910865,5,2.760262237369417,7,-1.1056608252671165,,,2116.0,82.5
98,1994,7,Maharashtra,Ratnagiri,2213.0,3382.0813,0.281066,28.314966201782227,21.87464141845703,25.094802856445312,-1.3573974448388135,0,-0.6900655593423541,8,-0.92426334612173,,,2344.0,81.6
98,1995,7,Maharashtra,Ratnagiri,2447.0,3218.2642,0.054727994,29.52712631225586,22.414249420166016,25.970687866210938,1.6602068940223988,2,0.6900655593423541,13,-0.0172759503947986,,,2213.0,83.4
98,1996,7,Maharashtra,Ratnagiri,2568.0,3199.5293,0.028842963,28.933727264404297,21.841110229492188,25.38741874694824,-0.3492754071781327,3,1.3801311186847085,7,-1.1056608252671165,,,2447.0,79.8
98,1997,7,Maharashtra,Ratnagiri,2324.0,3215.3743,0.050735176,29.331897735595703,22.18588256835937,25.75889015197754,0.9305201265749108,0,-0.6900655593423541,16,0.5269164870413602,,,2568.0,79.4
98,1998,7,Maharashtra,Ratnagiri,2794.0,3542.2378,0.5023463,29.10346412658692,22.616600036621094,25.860031127929688,1.2789716293030249,3,1.3801311186847085,8,-0.92426334612173,,,2324.0,78.8
98,1999,7,Maharashtra,Ratnagiri,2413.0,2954.2163,-0.31009382,28.51222038269043,21.72738647460937,25.11980438232422,-1.2712620365041896,0,-0.6900655593423541,11,-0.3800709086855712,,,2794.0,79.9
98,2000,7,Maharashtra,Ratnagiri,2121.0,2803.2935,-0.51861644,29.028499603271484,22.023332595825195,25.525917053222656,0.1278797961635079,0,-0.6900655593423541,8,-0.92426334612173,,,2413.0,78.8
98,2001,7,Maharashtra,Ratnagiri,2671.0,2493.7114,-0.9463506,28.68607711791992,22.146862030029297,25.41646957397461,-0.24918932201298,0,-0.6900655593423541,15,0.3455190078959739,,,2121.0,78.7
98,2002,7,Maharashtra,Ratnagiri,1892.0,2838.296,-0.47025532,29.44875907897949,22.2519588470459,25.85035896301269,1.2456490281689816,2,0.6900655593423541,12,-0.1986734295401849,,,2671.0,78.8
98,2003,7,Maharashtra,Ratnagiri,3011.0,2877.5476,-0.41602316,29.32993507385254,22.060392379760746,25.69516372680664,0.7109694607320571,1,0.0,10,-0.5614683878309575,,,1892.0,79.4
98,2004,7,Maharashtra,Ratnagiri,2361.0,2954.0693,-0.3102969,28.83908462524414,21.67607879638672,25.25758171081543,-0.7965907501865532,0,-0.6900655593423541,24,1.9780963202044504,,,3011.0,79.3
98,2005,7,Maharashtra,Ratnagiri,2528.0,3559.7158,0.5264948,28.720457077026367,21.81019592285156,25.26532745361328,-0.7699050702012841,0,-0.6900655593423541,9,-0.7428658669763438,,,2361.0,77.2
98,2006,7,Maharashtra,Ratnagiri,2708.0,3651.8723,0.6538229,28.81666755676269,21.63248443603516,25.22457504272461,-0.9103055229383592,0,-0.6900655593423541,14,0.1641215287505876,,,2528.0,78.0
98,2007,7,Maharashtra,Ratnagiri,2562.0,4030.0916,1.1763896,29.136207580566406,21.587974548339844,25.362091064453125,-0.4365344922616934,0,-0.6900655593423541,19,1.0711089244775192,,,2708.0,76.8
98,2008,7,Maharashtra,Ratnagiri,2597.0,673.05554,-3.4618607,29.01346206665039,21.89614486694336,25.454803466796875,-0.1171211623616772,0,-0.6900655593423541,20,1.2525064036229054,,,2562.0,77.5
98,2009,7,Maharashtra,Ratnagiri,2623.0,2831.6816,-0.4793939,29.40620803833008,22.456342697143555,25.9312744140625,1.5244194300441662,0,-0.6900655593423541,24,1.9780963202044504,,,2597.0,77.4
98,2010,7,Maharashtra,Ratnagiri,2860.0,3885.1428,0.9761212,29.03555488586425,22.22908592224121,25.63232040405273,0.4944612646831283,1,0.0,6,-1.2870583044125026,,,2623.0,78.1
98,2011,7,Maharashtra,Ratnagiri,2921.0,4373.922,1.6514429,28.657909393310547,22.024703979492188,25.341306686401367,-0.5081409573686815,0,-0.6900655593423541,13,-0.0172759503947986,,,2860.0,77.5
98,2012,7,Maharashtra,Ratnagiri,2909.0,3520.4004,0.47217464,29.18235206604004,21.858627319335938,25.520488739013672,0.1091781351839275,0,-0.6900655593423541,20,1.2525064036229054,,,2921.0,73.9
98,2013,7,Maharashtra,Ratnagiri,2957.0,3758.447,0.8010719,28.197450637817383,21.755687713623047,24.97657012939453,-1.764733551937279,0,-0.6900655593423541,7,-1.1056608252671165,,,2909.0,72.1
98,2014,7,Maharashtra,Ratnagiri,3041.0,2763.7983,-0.5731849,29.54557228088379,21.953096389770508,25.74933433532715,0.8975983691934288,2,0.6900655593423541,7,-1.1056608252671165,,,2957.0,72.5
98,2015,7,Maharashtra,Ratnagiri,2452.0,2186.8362,-1.3703449,30.120756149291992,22.270551681518555,26.19565391540528,2.4352612888075864,1,0.0,17,0.7083139661867465,,,3041.0,71.0
98,2016,7,Maharashtra,Ratnagiri,3138.0,4045.8406,1.1981493,28.463274002075195,21.79085350036621,25.127063751220703,-1.2462520148287564,3,1.3801311186847085,21,1.4339038827682915,,,2452.0,75.34
98,2017,7,Maharashtra,Ratnagiri,2984.0,3301.0747,0.16914321,29.392702102661133,22.24386405944824,25.818283081054688,1.1351410054375797,0,-0.6900655593423541,15,0.3455190078959739,,,3138.0,75.23
98,2018,7,Maharashtra,Ratnagiri,3166.0,3402.7993,0.30969107,29.28590965270996,21.92096519470215,25.60343742370605,0.3949534459151078,1,0.0,12,-0.1986734295401849,,,2984.0,76.12
98,2019,7,Maharashtra,Ratnagiri,3164.0,4889.836,2.364256,29.20461845397949,22.449615478515625,25.827117919921875,1.1655788457950698,4,2.070196678027062,9,-0.7428658669763438,,,3166.0,75.41
724,1995,8,Orissa,Rayagada,1662.0,1174.3345,-0.32938123,32.097450256347656,23.9975814819336,28.047515869140625,0.061209272673729,22,1.1919149244311682,18,0.6268063516649335,31.53,0.47881548974943056,,65.85
724,1996,8,Orissa,Rayagada,1135.0,1018.00146,-0.8508277,31.6475830078125,23.9427433013916,27.79516220092773,-0.6225206860932396,9,-0.7914315098222957,14,-0.048215873204995,27.47,0.45419973544973546,1662.0,60.48
724,1997,8,Orissa,Rayagada,1254.0,1091.7498,-0.60484135,32.37150192260742,23.978561401367188,28.175031661987305,0.4067020424148221,16,0.276524262468031,12,-0.3857269856399593,29.02,0.4807023355971509,1135.0,60.37
724,1998,8,Orissa,Rayagada,1699.0,1064.0874,-0.69710875,32.28013229370117,24.992679595947266,28.63640594482422,1.6567548814093955,14,-0.028605958186348,13,-0.2169714294224771,31.19,0.4751675807434491,1254.0,65.64
724,1999,8,Orissa,Rayagada,1522.0,838.3008,-1.4502168,31.51666831970215,23.981176376342773,27.74892234802246,-0.7478034804516672,9,-0.7914315098222957,6,-1.398260322944852,34.55,0.5200963420141501,1699.0,66.43
724,2000,8,Orissa,Rayagada,1052.0,967.28534,-1.0199906,32.20320510864258,23.778301239013672,27.990753173828125,-0.0925842330849266,4,-1.5542570614582434,13,-0.2169714294224771,33.9,0.48819124423963134,1522.0,69.44
724,2001,8,Orissa,Rayagada,1514.0,1490.1158,0.72390294,31.743528366088867,23.37549018859864,27.55950927734375,-1.261001453448133,4,-1.5542570614582434,12,-0.3857269856399593,32.26,0.4903480772153822,1052.0,65.79
724,2002,8,Orissa,Rayagada,846.0,820.4226,-1.5098492,32.428955078125,23.32163429260254,27.875293731689453,-0.4054113862299019,20,0.8867847037767891,15,0.1205396830124871,21.84,0.38902743142144636,1514.0,56.14
724,2003,8,Orissa,Rayagada,1748.0,1612.9581,1.1336416,31.89607620239257,24.04470634460449,27.97039031982422,-0.1477555861588314,18,0.5816544831224101,7,-1.22950476672737,31.85,0.5119755666291593,846.0,62.21
724,2004,8,Orissa,Rayagada,1626.0,1294.9045,0.072778486,31.94954490661621,23.4511775970459,27.70036125183105,-0.8793754783218172,17,0.4290893727952205,24,1.6393396889698262,23.6,0.3568728262513232,1748.0,66.13
724,2005,8,Orissa,Rayagada,1425.0,1276.1406,0.010191716,32.20634078979492,24.38660049438477,28.296470642089844,0.7357302251482849,24,1.497045145085547,14,-0.048215873204995,26.2,0.514835920613087,1626.0,50.89
724,2006,8,Orissa,Rayagada,1720.0,1899.6696,2.0899634,31.7999324798584,22.889610290527344,27.344772338867188,-1.8428122078947893,13,-0.1811710685135375,26,1.9768508014047903,32.32,0.5041335205116206,1425.0,64.11
724,2007,8,Orissa,Rayagada,1848.0,1721.5881,1.4959755,32.02941131591797,24.119150161743164,28.07427978515625,0.1337237374857404,14,-0.028605958186348,12,-0.3857269856399593,34.96,0.48704374477570356,1720.0,71.78
724,2008,8,Orissa,Rayagada,1566.0,1755.2761,1.6083412,31.8986930847168,24.134510040283203,28.0166015625,-0.0225503086883774,6,-1.2491268408038645,24,1.6393396889698262,32.17,0.5099064828023459,1848.0,63.09
724,2009,8,Orissa,Rayagada,1814.0,1182.441,-0.3023419,32.95817184448242,24.31607818603516,28.63712501525879,1.65870313919404,24,1.497045145085547,23,1.470584132752344,34.9,0.4914108701774148,1566.0,71.02
724,2010,8,Orissa,Rayagada,2132.0,1154.9728,-0.39396188,32.49627685546875,24.564115524291992,28.530197143554688,1.3689915220456528,13,-0.1811710685135375,12,-0.3857269856399593,37.7,0.6285428476158721,1814.0,59.98
724,2011,8,Orissa,Rayagada,1256.0,945.0217,-1.0942506,32.369930267333984,23.670129776000977,28.0200309753418,-0.013258617715449,13,-0.1811710685135375,14,-0.048215873204995,32.61,0.5502868714141074,2132.0,59.26
724,2012,8,Orissa,Rayagada,2119.0,1189.803,-0.27778625,32.00457763671875,23.76947784423828,27.88702774047852,-0.3736191265717186,18,0.5816544831224101,17,0.4580507954474513,33.75,0.6038647342995169,1256.0,55.89
724,2013,8,Orissa,Rayagada,2481.0,1271.815,-0.004236539,31.70378875732422,23.78575134277344,27.744770050048828,-0.7590537647942946,12,-0.3337361788407271,8,-1.0607492105098877,37.32,0.5466529954592061,2119.0,68.27
724,2014,8,Orissa,Rayagada,2820.0,1280.4631,0.024609385,32.44834518432617,23.41572952270508,27.932037353515625,-0.2516695583965683,22,1.1919149244311682,19,0.7955619078824157,31.01,0.4785493827160494,2481.0,64.8
724,2015,8,Orissa,Rayagada,1167.0,935.9697,-1.1244434,32.649269104003906,24.44754219055176,28.54840469360352,1.418323269558167,13,-0.1811710685135375,14,-0.048215873204995,23.39,0.44989421042508176,2820.0,51.99
724,2016,8,Orissa,Rayagada,2347.0,1050.8696,-0.74119645,32.23615264892578,23.97359085083008,28.10487174987793,0.216609961909903,16,0.276524262468031,20,0.9643174640998976,24.2,0.3942010099364717,1167.0,61.39
724,2017,8,Orissa,Rayagada,2409.0,1256.3433,-0.0558421,32.40786361694336,24.083402633666992,28.24563217163086,0.5979878829946824,12,-0.3337361788407271,8,-1.0607492105098877,31.98,0.6044226044226044,2347.0,52.91
724,2018,8,Orissa,Rayagada,2551.0,1374.7035,0.33894673,32.28253173828125,23.679033279418945,27.98078155517578,-0.1196014524433356,16,0.276524262468031,19,0.7955619078824157,37.404,0.7440620648498111,2409.0,50.27
724,2019,8,Orissa,Rayagada,3291.0,1303.3328,0.1008907,32.095306396484375,24.20130920410156,28.14830780029297,0.3342961012459872,20,0.8867847037767891,10,-0.7232380980749236,41.804,0.7327607361963191,2551.0,57.05
170,1990,9,Punjab,Roopnagar,3139.0,931.3137,0.6513334,32.226924896240234,21.729738235473636,26.97833251953125,-0.7404128412753326,28,0.3927930616605485,21,-0.9599478295951026,35.9,0.9972222222222222,,36.0
170,1991,9,Punjab,Roopnagar,3297.0,925.1874,0.6115804,33.23928451538086,21.916996002197266,27.578140258789062,0.973094337422353,36,1.2176584911477002,45,1.0067745529899854,36.3,0.981081081081081,3139.0,37.0
170,1992,9,Punjab,Roopnagar,3250.0,815.21545,-0.1020127,32.46424865722656,21.62254905700684,27.043399810791016,-0.5545311605721448,25,0.0834685256028666,25,-0.6321607658309213,41.2,1.0,3297.0,36.0
170,1993,9,Punjab,Roopnagar,3541.0,851.76447,0.13514893,32.90549087524414,21.75320053100586,27.329345703125,0.2623478277511387,32,0.8052257764041243,35,0.1873068935795321,36.3,0.981081081081081,3250.0,37.0
170,1994,9,Punjab,Roopnagar,3105.0,1088.2928,1.6699499,32.46189498901367,21.48771095275879,26.974803924560547,-0.7504931927234446,23,-0.1227478317689213,50,1.4165083826952125,36.9,0.9710526315789473,3541.0,38.0
170,1995,9,Punjab,Roopnagar,3154.0,976.7479,0.9461498,32.88215637207031,22.28222274780273,27.582189559936523,0.9846622218138892,31,0.7021175977182303,56,1.9081889783414845,37.1,0.9512820512820513,3105.0,39.0
170,1996,9,Punjab,Roopnagar,3250.0,1026.1538,1.2667379,31.7998046875,21.3764705657959,26.588138580322266,-1.8551035532461928,11,-1.3600459759996488,26,-0.550213999889876,39.3,0.9824999999999999,3154.0,40.0
170,1997,9,Punjab,Roopnagar,3209.0,811.0908,-0.1287769,31.52516365051269,21.604705810546875,26.56493377685547,-1.9213941239044263,21,-0.3289641891407092,19,-1.1238413614771934,42.3,0.983720930232558,3250.0,43.0
170,1998,9,Punjab,Roopnagar,2783.0,1014.79504,1.1930325,32.29771041870117,22.681764602661133,27.48973846435547,0.7205515650347307,26,0.1865767042887605,14,-1.53357519118242,46.21,1.0,3209.0,46.0
170,1999,9,Punjab,Roopnagar,3120.0,746.9048,-0.54527146,32.58987045288086,22.12013053894043,27.354999542236328,0.3356347071982242,29,0.4959012403464424,41,0.6789874892258041,49.84,0.9968,2783.0,50.0
170,2000,9,Punjab,Roopnagar,3327.0,675.9493,-1.0056922,32.04137420654297,21.852611541748047,26.946992874145508,-0.8299427086504301,12,-1.2569377973137548,50,1.4165083826952125,48.39,0.9875510204081632,3120.0,49.0
170,2001,9,Punjab,Roopnagar,3196.0,676.43976,-1.0025096,32.69209289550781,22.361764907836918,27.526927947998047,0.826793020459212,11,-1.3600459759996488,46,1.0887213189310307,50.93,0.9986274509803922,3327.0,51.0
170,2002,9,Punjab,Roopnagar,3205.0,728.21234,-0.6665642,32.64712142944336,22.28607940673828,27.46660041809082,0.6544517037282181,39,1.526983027205382,25,-0.6321607658309213,44.13,1.0,3196.0,44.0
170,2003,9,Punjab,Roopnagar,3333.0,770.6985,-0.39087734,32.49176788330078,21.95633888244629,27.22405242919922,-0.0384498594605273,26,0.1865767042887605,38,0.4331471914026681,51.3,1.0,3205.0,51.0
170,2004,9,Punjab,Roopnagar,3451.0,574.0883,-1.6666543,31.890522003173828,22.35320281982422,27.121862411499023,-0.3303822862364752,20,-0.4320723678266032,20,-1.041894595536148,48.92,0.9592156862745098,3333.0,51.0
170,2005,9,Punjab,Roopnagar,3459.0,485.74622,-2.2398944,33.05268478393555,22.182090759277344,27.617387771606445,1.085215089718463,28,0.3927930616605485,38,0.4331471914026681,36.83,0.9954054054054053,3451.0,37.0
170,2006,9,Punjab,Roopnagar,3632.0,845.3073,0.09324933,32.557125091552734,22.283266067504883,27.420196533203125,0.5218869089276128,20,-0.4320723678266032,29,-0.3043737020667399,37.39,0.9839473684210527,3459.0,38.0
170,2007,9,Punjab,Roopnagar,3697.0,794.0828,-0.2391395,32.59672927856445,22.057907104492188,27.32731819152832,0.2565557122974397,16,-0.844505082570179,38,0.4331471914026681,27.49,0.833030303030303,3632.0,33.0
170,2008,9,Punjab,Roopnagar,3861.0,1027.6328,1.276335,32.06333541870117,21.60516166687012,26.834247589111328,-1.1520290083527849,3,-2.1849114054868006,16,-1.3696816593003294,35.91,0.9974999999999999,3697.0,36.0
170,2009,9,Punjab,Roopnagar,3553.0,822.04456,-0.057699576,33.889930725097656,21.96725273132324,27.92859268188477,1.9742530478943676,40,1.630091205891276,26,-0.550213999889876,37.51,0.9871052631578947,3861.0,38.0
170,2010,9,Punjab,Roopnagar,3868.0,862.00146,0.20157544,32.57013320922852,21.60895538330078,27.08954429626465,-0.4227074078239412,31,0.7021175977182303,29,-0.3043737020667399,37.5,0.9868421052631579,3553.0,38.0
170,2011,9,Punjab,Roopnagar,3342.0,1355.3074,3.4025712,32.21771240234375,22.156274795532227,27.186992645263672,-0.1443207938588077,20,-0.4320723678266032,45,1.0067745529899854,38.01,1.0,3868.0,38.0
170,2012,9,Punjab,Roopnagar,3816.0,815.48914,-0.10023682,33.495689392089844,22.641502380371094,28.06859588623047,2.374208700323733,39,1.526983027205382,42,0.7609342551668495,38.07,1.0,3342.0,38.0
170,2013,9,Punjab,Roopnagar,3459.0,948.79663,0.7647776,32.48313522338867,22.80431365966797,27.64372444152832,1.1604526533917237,18,-0.6382887251983911,18,-1.2057881274182387,37.0,1.0,3816.0,37.0
170,2014,9,Punjab,Roopnagar,3583.0,811.704,-0.124798186,33.638221740722656,22.427623748779297,28.032922744750977,2.27229907160263,42,1.836307563263064,23,-0.796054297713012,36.29,1.0,3459.0,36.0
170,2015,9,Punjab,Roopnagar,4472.0,849.07007,0.11766535,32.8387336730957,21.92381477355957,27.381275177001957,0.4106979080356256,21,-0.3289641891407092,22,-0.8780010636540573,37.23,1.0,3583.0,36.0
170,2016,9,Punjab,Roopnagar,4526.0,1019.9197,1.2262856,33.3006477355957,22.476381301879883,27.88851547241211,1.859762050798296,29,0.4959012403464424,25,-0.6321607658309213,37.77,0.9939473684210527,4472.0,38.0
170,2017,9,Punjab,Roopnagar,4250.0,1032.5139,1.3080078,33.15647506713867,22.344009399414062,27.750242233276367,1.4647484949978156,20,-0.4320723678266032,36,0.2692536595205774,39.84,0.9960000000000001,4526.0,40.0
170,2018,9,Punjab,Roopnagar,3463.0,1651.366,5.3236556,32.70301818847656,22.217628479003903,27.460323333740234,0.6365195758278198,25,0.0834685256028666,20,-1.041894595536148,40.76,0.9941463414634146,4250.0,41.0
170,2019,9,Punjab,Roopnagar,3600.0,1075.6392,1.5878417,32.99684524536133,22.64935111999512,27.823097229003903,1.6728777837889175,30,0.5990094190323364,29,-0.3043737020667399,40.424,1.0,3463.0,40.0
1017,1995,9,Punjab,S.B.S Nagar,3143.0,966.5467,1.0231267,31.25163459777832,20.347713470458984,25.79967498779297,0.9663177189580348,23,1.2885618208937668,49,1.6775555168270389,42.2,1.0,,42.0
1017,1996,9,Punjab,S.B.S Nagar,3463.0,774.57794,-0.21764956,30.186861038208008,19.604576110839844,24.89571762084961,-1.4988697687006134,5,-0.920401300638405,26,-0.5607298826963307,40.9,0.9975609756097561,3143.0,41.0
1017,1997,9,Punjab,S.B.S Nagar,3372.0,858.6968,0.32604653,29.815034866333008,19.609413146972656,24.71222305297852,-1.9992788912001864,9,-0.429520606964589,21,-1.047313665201411,43.0,1.0,3463.0,43.0
1017,1998,9,Punjab,S.B.S Nagar,3261.0,1047.1908,1.5443642,31.042356491088867,20.645620346069336,25.8439884185791,1.0871651384315764,17,0.5522407803830429,21,-1.047313665201411,45.75,0.9945652173913043,3372.0,46.0
1017,1999,9,Punjab,S.B.S Nagar,3478.0,683.0032,-0.8095366,31.02653694152832,20.077320098876957,25.551929473876957,0.290689461074064,12,-0.061360086709227,30,-0.1714628566922665,45.79,0.9954347826086957,3261.0,46.0
1017,2000,9,Punjab,S.B.S Nagar,3362.0,779.81213,-0.18381874,30.444900512695312,20.053071975708008,25.248985290527344,-0.5354714150496643,0,-1.534002167730675,35,0.3151209258128138,46.34,0.9859574468085107,3478.0,47.0
1017,2001,9,Punjab,S.B.S Nagar,3178.0,768.83093,-0.25479496,31.18510055541992,20.48673248291016,25.83591651916504,1.065152213746343,4,-1.0431214740568588,27,-0.4634131261953147,44.65,0.9922222222222222,3362.0,45.0
1017,2002,9,Punjab,S.B.S Nagar,3512.0,684.7355,-0.79833996,30.9318962097168,20.14300537109375,25.537450790405277,0.2512045576511891,12,-0.061360086709227,22,-0.949996908700395,42.76,0.9944186046511627,3178.0,43.0
1017,2003,9,Punjab,S.B.S Nagar,3638.0,876.58545,0.4416687,31.00614356994629,19.98960876464844,25.497875213623047,0.1432777678841977,18,0.6749609538014969,38,0.6070711953158621,46.97,0.9993617021276595,3512.0,47.0
1017,2004,9,Punjab,S.B.S Nagar,3980.0,628.9236,-1.1590761,30.131044387817383,19.95195960998535,25.041501998901367,-1.101300328136709,8,-0.5522407803830429,19,-1.2419471782034432,49.55,0.991,3638.0,50.0
1017,2005,9,Punjab,S.B.S Nagar,3490.0,615.61237,-1.2451122,31.31999969482422,20.096275329589844,25.70813751220703,0.7166853273007285,22,1.1658416474753128,37,0.509754438814846,49.03,1.0,3980.0,49.0
1017,2006,9,Punjab,S.B.S Nagar,3943.0,595.55853,-1.3747288,30.72261428833008,20.260326385498047,25.491470336914062,0.125810990688306,12,-0.061360086709227,30,-0.1714628566922665,52.97,0.9994339622641509,3490.0,53.0
1017,2007,9,Punjab,S.B.S Nagar,3880.0,857.94916,0.32121435,30.91463661193848,20.124116897583008,25.519376754760746,0.2019147480299057,12,-0.061360086709227,34,0.2178041693117977,49.62,0.9924,3943.0,50.0
1017,2008,9,Punjab,S.B.S Nagar,4096.0,1169.179,2.332826,30.53470230102539,19.66738510131836,25.101043701171875,-0.938923799332614,0,-1.534002167730675,13,-1.82584771720954,51.6,0.9923076923076923,3880.0,52.0
1017,2009,9,Punjab,S.B.S Nagar,4143.0,811.31775,0.019815553,32.196014404296875,19.80725479125977,26.00163459777832,1.517082967137604,28,1.902162687986037,26,-0.5607298826963307,55.86,0.9974999999999999,4096.0,56.0
1017,2010,9,Punjab,S.B.S Nagar,3983.0,822.05835,0.08923666,30.99869155883789,19.67823600769043,25.338462829589844,-0.2914566884821623,18,0.6749609538014969,29,-0.2687796131932825,57.9,0.9982758620689655,4143.0,58.0
1017,2011,9,Punjab,S.B.S Nagar,3965.0,1340.6377,3.4410372,30.65006446838379,20.169084548950195,25.409574508666992,-0.097527607423666,6,-0.797681127219951,45,1.2882884908229746,57.32,1.0,3983.0,57.0
1017,2012,9,Punjab,S.B.S Nagar,4140.0,824.16406,0.10284679,31.904054641723636,20.492809295654297,26.19843292236328,2.053772843342164,29,2.0248828614044907,42,0.9963382213199264,56.89,0.9980701754385966,3965.0,57.0
1017,2013,9,Punjab,S.B.S Nagar,3607.0,844.2561,0.23271026,30.85025978088379,20.85908508300781,25.854671478271484,1.1162989737723117,10,-0.3068004335461349,20,-1.1446304217024272,55.86,0.9974999999999999,4140.0,56.0
1017,2014,9,Punjab,S.B.S Nagar,3965.0,529.7227,-1.8002539,31.763994216918945,20.29732894897461,26.030662536621094,1.5962452310280972,26,1.656722341149129,19,-1.2419471782034432,57.0,1.0,3607.0,57.0
1017,2015,9,Punjab,S.B.S Nagar,4271.0,655.0674,-0.9900975,31.045307159423828,19.732797622680664,25.38905334472656,-0.153490995109967,11,-0.184080260127681,25,-0.6580466391973468,58.57,0.9927118644067797,3965.0,59.0
1017,2016,9,Punjab,S.B.S Nagar,4333.0,487.0806,-2.0758681,31.73454475402832,20.396039962768555,26.06529235839844,1.6906844230378084,16,0.429520606964589,25,-0.6580466391973468,59.58,0.993,4271.0,60.0
1017,2017,9,Punjab,S.B.S Nagar,4700.0,538.77155,-1.7417674,31.535720825195312,20.25842666625977,25.89707374572754,1.2319344484125343,9,-0.429520606964589,37,0.509754438814846,60.24,1.0,4333.0,60.0
1017,2018,9,Punjab,S.B.S Nagar,3950.0,775.5332,-0.21147531,31.09823989868164,20.1438102722168,25.62102508544922,0.4791205125030018,18,0.6749609538014969,20,-1.1446304217024272,60.299,1.0,4700.0,60.0
1017,2019,9,Punjab,S.B.S Nagar,4183.0,556.5373,-1.6269398,31.394550323486328,20.61568832397461,26.00511932373047,1.5265861839145232,25,1.534002167730675,30,-0.1714628566922665,60.033,1.0,3950.0,60.0
712,1990,8,Orissa,Sambalpur,1602.0,1270.9834,-0.26772913,31.354576110839844,22.979867935180664,27.167221069335938,-0.7424026594727484,12,-0.8363381417006319,16,-0.4226395492041727,269.22,0.4801669401441108,,560.68
712,1991,8,Orissa,Sambalpur,1658.0,1335.0103,-0.073433936,31.682222366333008,22.514705657958984,27.098464965820312,-0.8888765397629373,17,0.0245981806382537,18,-0.0367512651481888,272.3,0.5013994254990056,1602.0,543.08
712,1992,8,Orissa,Sambalpur,1344.0,1266.2267,-0.2821638,32.377647399902344,22.598363876342773,27.488006591796875,-0.0590204168316827,20,0.5411599740415852,19,0.1561928768798031,150.07,0.2795276323877289,1658.0,536.87
712,1993,8,Orissa,Sambalpur,1662.0,1382.2848,0.07002484,31.97549057006836,22.7353572845459,27.35542297363281,-0.3414686072092872,14,-0.4919636127650776,13,-1.0014719752881485,254.42,0.4532207496080946,1344.0,561.36
712,1994,8,Orissa,Sambalpur,1805.0,2027.2842,2.0273328,31.01111221313477,22.150653839111328,26.580883026123047,-1.991502069703745,10,-1.180712670636186,14,-0.8085278332601565,257.01,0.46426055383948406,1662.0,553.59
712,1995,8,Orissa,Sambalpur,1693.0,1153.6041,-0.62392694,32.15045928955078,22.900850296020508,27.525653839111328,0.0211810215051944,21,0.7133472385093623,18,-0.0367512651481888,77.8,0.5115055884286653,1805.0,152.1
712,1996,8,Orissa,Sambalpur,1279.0,1087.3389,-0.82501477,31.874313354492188,23.38006401062012,27.62718963623047,0.2374867955666657,17,0.0245981806382537,30,2.278578439187714,62.99,0.41649034646918803,1693.0,151.24
712,1997,8,Orissa,Sambalpur,1832.0,1501.3147,0.43123168,32.13313674926758,23.225229263305664,27.679183959960938,0.3482523852446104,22,0.8855345029771394,22,0.7350253029637789,69.91,0.46261249338274213,1279.0,151.12
712,1998,8,Orissa,Sambalpur,1359.0,1079.3706,-0.8491952,32.48921585083008,24.20457649230957,28.34689712524414,1.7707084762540313,17,0.0245981806382537,14,-0.8085278332601565,53.97,0.3753390360943042,1832.0,143.79
712,1999,8,Orissa,Sambalpur,1848.0,1447.0662,0.26660967,31.282026290893555,23.33222198486328,27.30712509155273,-0.4443595192351462,10,-1.180712670636186,9,-1.7732485434001162,64.58,0.410474798194877,1359.0,157.33
712,2000,8,Orissa,Sambalpur,719.0,848.14417,-1.5508723,32.12424850463867,22.79228782653809,27.458267211914062,-0.1223754085506304,11,-1.008525406168409,20,0.349137018907795,69.91,0.5101430239346176,1848.0,137.04
712,2001,8,Orissa,Sambalpur,1824.0,1885.0078,1.5955825,31.486404418945312,22.59849739074707,27.042449951171875,-1.0082075682905192,4,-2.213836257442849,20,0.349137018907795,62.38,0.4279931389365352,719.0,145.75
712,2002,8,Orissa,Sambalpur,1124.0,1046.5469,-0.9488017,32.46006393432617,22.376733779907227,27.418399810791016,-0.2073065294401535,24,1.2299090319126935,16,-0.4226395492041727,50.26,0.3632552760913558,1824.0,138.36
712,2003,8,Orissa,Sambalpur,1760.0,1686.6418,0.9936234,32.003135681152344,23.072025299072266,27.537580490112305,0.0465888436715989,19,0.368972709573808,14,-0.8085278332601565,57.71,0.397780534877309,1124.0,145.08
712,2004,8,Orissa,Sambalpur,1590.0,1124.595,-0.7119578,31.897844314575195,22.571439743041992,27.2346420288086,-0.5987730899959912,18,0.1967854451060309,19,0.1561928768798031,72.89,0.45550556180477436,1760.0,160.02
712,2005,8,Orissa,Sambalpur,1983.0,1434.6729,0.22900108,32.41817092895508,23.59339904785156,28.00578498840332,1.0440236331288182,24,1.2299090319126935,19,0.1561928768798031,69.11,0.45898917447034604,1590.0,150.57
712,2006,8,Orissa,Sambalpur,2034.0,1661.4583,0.9172015,31.936338424682617,22.00934600830078,26.972843170166016,-1.15649368089899,15,-0.3197763482973004,14,-0.8085278332601565,71.86,0.49888919744515414,1983.0,144.04
712,2007,8,Orissa,Sambalpur,2176.0,1619.1915,0.78893936,32.05692672729492,23.415882110595703,27.736404418945312,0.4701514201066185,17,0.0245981806382537,27,1.6997460131037383,73.79,0.5006445484768303,2034.0,147.39
712,2008,8,Orissa,Sambalpur,2228.0,1762.5525,1.2239809,31.76353073120117,23.1984977722168,27.481014251708984,-0.0739164788918201,11,-1.008525406168409,24,1.1209135870197628,75.94,0.5018172206436264,2176.0,151.33
712,2009,8,Orissa,Sambalpur,1313.0,1112.2301,-0.74948007,32.95869064331055,23.55843162536621,28.258560180664062,1.5825207462340631,26,1.574283560848248,24,1.1209135870197628,73.87,0.5289273951023916,2228.0,139.66
712,2010,8,Orissa,Sambalpur,1471.0,811.86914,-1.6609521,33.09287643432617,23.92300796508789,28.50794219970703,2.113789246571991,25,1.4020962963804708,12,-1.1944161173161405,78.85,0.5162705427879264,1313.0,152.73
712,2011,8,Orissa,Sambalpur,1816.0,1593.3081,0.71039385,32.05882263183594,22.78751373291016,27.423168182373047,-0.1971482765349862,14,-0.4919636127650776,13,-1.0014719752881485,75.12,0.5495647084644085,1471.0,136.69
712,2012,8,Orissa,Sambalpur,3003.0,1799.93,1.3374065,32.24483871459961,23.17940902709961,27.71212387084961,0.4184255963135064,20,0.5411599740415852,20,0.349137018907795,76.57,0.5523335497367092,1816.0,138.63
712,2013,8,Orissa,Sambalpur,1985.0,1294.4153,-0.19662298,31.56424903869629,23.11771011352539,27.34098052978516,-0.3722359236084429,13,-0.6641508772328547,6,-2.352080969484092,81.02,0.498707374122861,3003.0,162.46
712,2014,8,Orissa,Sambalpur,2433.0,1426.9731,0.20563562,32.42818832397461,22.81524085998535,27.621715545654297,0.2258251212315336,21,0.7133472385093623,19,0.1561928768798031,76.64,0.4402826449129661,1985.0,174.07
712,2015,8,Orissa,Sambalpur,1050.0,1218.8842,-0.4258289,32.81547164916992,23.78621292114257,28.30084228515625,1.672596006394763,17,0.0245981806382537,40,4.208019859467633,70.27,0.4754076178878289,2433.0,147.81
712,2016,8,Orissa,Sambalpur,1918.0,1104.7473,-0.7721873,32.26521682739258,23.329872131347656,27.79754447937012,0.6004005388566818,22,0.8855345029771394,20,0.349137018907795,72.24,0.4513307509683868,1050.0,160.06
712,2017,8,Orissa,Sambalpur,1102.0,1183.2019,-0.53410983,32.546512603759766,23.464624404907227,28.00556945800781,1.043564480097497,21,0.7133472385093623,10,-1.5803044013721244,72.02,0.5242393361479109,1918.0,137.38
712,2018,8,Orissa,Sambalpur,1079.0,1338.9504,-0.061477095,32.32805633544922,23.084936141967773,27.70649719238281,0.4064388578854014,19,0.368972709573808,19,0.1561928768798031,25.184,0.18607950347273533,1102.0,135.34
712,2019,8,Orissa,Sambalpur,2616.0,1423.4717,0.19501011,32.25684356689453,23.42236518859864,27.839603424072266,0.6900003927814122,24,1.2299090319126935,10,-1.5803044013721244,30.55,0.23865323021638937,1079.0,128.01
105,1990,7,Maharashtra,Sangli,1599.0,479.911,-0.60651124,29.041635513305664,21.93195915222168,25.486797332763672,-1.3701277434312786,0,-0.6606874726434099,18,-0.1314788284855222,,,,17.2
105,1991,7,Maharashtra,Sangli,1861.0,640.97864,0.7064695,29.458499908447266,22.08731842041016,25.77290916442871,-0.3515287751359945,2,0.1801874925391118,26,1.3410840505523247,,,1599.0,15.8
105,1992,7,Maharashtra,Sangli,2119.0,433.29626,-0.9865023,29.70464134216309,22.218889236450195,25.96176528930664,0.3208259920101509,0,-0.6606874726434099,16,-0.4996195482449839,,,1861.0,17.6
105,1993,7,Maharashtra,Sangli,2087.0,638.0382,0.6824999,29.228235244750977,22.301437377929688,25.764835357666016,-0.380272679891129,5,1.4414999403128943,14,-0.8677602680044457,,,2119.0,15.0
105,1994,7,Maharashtra,Sangli,1186.0,515.3726,-0.31743756,28.86169815063477,22.0766658782959,25.469181060791016,-1.4328441866910049,0,-0.6606874726434099,25,1.157013690672594,,,2087.0,15.6
105,1995,7,Maharashtra,Sangli,2397.0,575.57874,0.17334677,29.979671478271484,22.569868087768555,26.274768829345703,1.4351632813880335,3,0.6006249751303726,23,0.788872970913132,,,1186.0,14.6
105,1996,7,Maharashtra,Sangli,2291.0,708.3214,1.25543,29.483530044555664,22.028301239013672,25.755916595458984,-0.4120247466605616,5,1.4414999403128943,14,-0.8677602680044457,,,2397.0,14.8
105,1997,7,Maharashtra,Sangli,2058.0,478.01126,-0.6219975,30.157251358032227,22.456274032592773,26.3067626953125,1.5490660119249164,1,-0.240249990052149,16,-0.4996195482449839,,,2291.0,15.5
105,1998,7,Maharashtra,Sangli,3160.0,698.10657,1.1721612,29.77647018432617,22.73914909362793,26.25780868530273,1.374782747231961,6,1.8619374229041556,15,-0.6836899081247149,,,2058.0,16.3
105,1999,7,Maharashtra,Sangli,2637.0,561.4143,0.0578821,29.06999969482422,22.074052810668945,25.572025299072266,-1.0667040155601646,0,-0.6606874726434099,11,-1.4199713476436382,,,3160.0,17.9
105,2000,7,Maharashtra,Sangli,2172.0,537.8756,-0.13399912,29.303199768066406,22.176538467407227,25.7398681640625,-0.4691594536319061,0,-0.6606874726434099,22,0.6048026110334012,,,2637.0,18.6
105,2001,7,Maharashtra,Sangli,2667.0,513.4723,-0.33292854,29.32248306274414,22.232484817504883,25.777484893798828,-0.3352385253113861,0,-0.6606874726434099,22,0.6048026110334012,,,2172.0,17.7
105,2002,7,Maharashtra,Sangli,1535.0,356.1278,-1.6155591,29.844703674316406,22.350719451904297,26.09771156311035,0.8048141355070101,0,-0.6606874726434099,20,0.2366618912739395,,,2667.0,18.5
105,2003,7,Maharashtra,Sangli,2532.0,260.55505,-2.394643,30.132875442504883,22.294248580932617,26.21356201171875,1.217258272271033,7,2.2823749054954163,26,1.3410840505523247,,,1535.0,15.6
105,2004,7,Maharashtra,Sangli,2497.0,543.0398,-0.09190206,29.567710876464844,21.821046829223636,25.69437789916992,-0.6311112911962707,0,-0.6606874726434099,21,0.4207322511536703,,,2532.0,17.7
105,2005,7,Maharashtra,Sangli,2182.0,737.1034,1.490053,29.45725440979004,22.055294036865234,25.756275177001957,-0.4107481451736811,0,-0.6606874726434099,9,-1.7881120674031,,,2497.0,18.1
105,2006,7,Maharashtra,Sangli,1597.0,583.8911,0.24110708,29.36477470397949,21.59960556030273,25.4821891784668,-1.3865334306243815,0,-0.6606874726434099,22,0.6048026110334012,,,2182.0,18.1
105,2007,7,Maharashtra,Sangli,2332.0,647.43304,0.7590841,29.3643798828125,21.925621032714844,25.645000457763672,-0.8069020321130956,0,-0.6606874726434099,21,0.4207322511536703,,,1597.0,18.7
105,2008,7,Maharashtra,Sangli,2070.0,410.60864,-1.1714458,29.7998046875,22.127973556518555,25.963890075683597,0.3283905348632621,0,-0.6606874726434099,25,1.157013690672594,,,2332.0,18.7
105,2009,7,Maharashtra,Sangli,1875.0,669.2014,0.9365341,29.998628616333008,22.52503204345703,26.261829376220703,1.3890969809252809,0,-0.6606874726434099,19,0.0525915313942086,,,2070.0,18.7
105,2010,7,Maharashtra,Sangli,2667.0,652.25037,0.7983536,29.66294288635254,22.43640518188477,26.04967498779297,0.6337970692991055,4,1.0210624577216336,8,-1.9721824272828308,,,1875.0,20.2
105,2011,7,Maharashtra,Sangli,1862.0,459.2548,-0.77489525,29.45013236999512,22.150196075439453,25.80016326904297,-0.2545002716996337,0,-0.6606874726434099,14,-0.8677602680044457,,,2667.0,18.1
105,2012,7,Maharashtra,Sangli,1928.0,392.36462,-1.3201662,29.917320251464844,21.958627700805664,25.937973022460938,0.2361221252689397,3,0.6006249751303726,18,-0.1314788284855222,,,1862.0,17.5
105,2013,7,Maharashtra,Sangli,1759.0,530.8746,-0.19106974,28.89889144897461,21.927188873291016,25.41304016113281,-1.6327138045890977,0,-0.6606874726434099,17,-0.3155491883652531,,,1928.0,14.5
105,2014,7,Maharashtra,Sangli,2026.0,584.9877,0.25004593,30.140159606933597,22.181095123291016,26.160627365112305,1.0288033729870156,2,0.1801874925391118,14,-0.8677602680044457,,,1759.0,15.5
105,2015,7,Maharashtra,Sangli,1920.0,381.27155,-1.4105941,30.94359588623047,22.550222396850582,26.746910095214844,3.116053594470117,2,0.1801874925391118,31,2.261435849950979,,,2026.0,22.6
105,2016,7,Maharashtra,Sangli,2554.0,569.9015,0.12706737,29.20539093017578,22.00715446472168,25.606273651123047,-0.9447749926961926,2,0.1801874925391118,19,0.0525915313942086,,,1920.0,16.8
105,2017,7,Maharashtra,Sangli,2312.0,635.0698,0.6583024,30.134994506835938,22.465578079223636,26.30028533935547,1.5260056999597766,0,-0.6606874726434099,15,-0.6836899081247149,,,2554.0,17.0
105,2018,7,Maharashtra,Sangli,2634.0,343.86694,-1.7155064,29.91670227050781,22.157501220703125,26.03710174560547,0.5890345320569969,0,-0.6606874726434099,14,-0.8677602680044457,,,2312.0,15.42
105,2019,7,Maharashtra,Sangli,1268.0,846.1328,2.378832,29.7071533203125,22.4642276763916,26.08568954467773,0.7620140335293082,4,1.0210624577216336,8,-1.9721824272828308,,,2634.0,15.47
175,1990,9,Punjab,Sangrur,3693.0,488.46695,0.45755044,34.593528747558594,23.15516471862793,28.87434768676757,-0.6310283235378057,54,-0.8689018892690785,31,-0.4761690449937149,286.7,0.9989547038327525,,287.0
175,1991,9,Punjab,Sangrur,3535.0,282.62646,-0.7696277,35.627254486083984,23.335161209106445,29.48120880126953,0.9900801278148128,78,0.8620330996305873,61,2.132409201493594,300.9,0.9996677740863786,3693.0,301.0
175,1992,9,Punjab,Sangrur,3765.0,217.97086,-1.155091,34.838035583496094,22.977516174316406,28.90777587890625,-0.5417315742578332,49,-1.229513345289842,51,1.2628831193311576,301.9,0.9996688741721853,3535.0,302.0
175,1993,9,Punjab,Sangrur,3933.0,450.75732,0.23273349,35.362159729003906,23.00169944763184,29.181930541992188,0.1906179381525719,77,0.7899108084264345,47,0.915072686466183,326.4,1.0,3765.0,326.0
175,1994,9,Punjab,Sangrur,3557.0,481.4336,0.41561902,34.81182861328125,22.82091522216797,28.81637191772461,-0.785899029409858,41,-1.806491674923064,34,-0.215311220344984,326.4,0.9772455089820359,3933.0,334.0
175,1995,9,Punjab,Sangrur,3399.0,927.8655,3.077153,35.25235366821289,23.53196144104004,29.39215850830078,0.7522000279413156,62,-0.2919235596358566,52,1.349835727547401,319.4,0.9950155763239875,3557.0,321.0
175,1996,9,Punjab,Sangrur,3764.0,440.41946,0.17110132,34.15411376953125,22.703594207763672,28.42885398864746,-1.8210759007986157,54,-0.8689018892690785,26,-0.910932086074933,308.6,0.9987055016181231,3399.0,309.0
175,1997,9,Punjab,Sangrur,3835.0,406.51105,-0.031053608,33.75026321411133,22.8056869506836,28.27797508239746,-2.224118811619236,54,-0.8689018892690785,33,-0.3022638285612277,332.6,0.9987987987987988,3764.0,333.0
175,1998,9,Punjab,Sangrur,3575.0,520.00146,0.64555264,34.968040466308594,23.94477081298828,29.45640563964844,0.923823427618734,79,0.93415539083474,20,-1.4326477353723948,353.36,1.0,3835.0,353.0
175,1999,9,Punjab,Sangrur,3561.0,271.63226,-0.8351729,35.04058837890625,23.413204193115234,29.226896286010746,0.310734956540983,68,0.1408101875890598,31,-0.4761690449937149,359.52,0.9986666666666666,3575.0,360.0
175,2000,9,Punjab,Sangrur,3759.0,185.95016,-1.3459917,34.917842864990234,23.366470336914062,29.14215660095215,0.0843697861078915,69,0.2129324787932126,36,-0.0414060039124968,353.99,0.9915686274509804,3561.0,357.0
175,2001,9,Punjab,Sangrur,3903.0,254.59447,-0.9367487,35.144901275634766,23.519607543945312,29.33225440979004,0.5921781744302007,80,1.0062776820388928,47,0.915072686466183,348.59,0.9988252148997134,3759.0,349.0
175,2002,9,Punjab,Sangrur,4060.0,286.8027,-0.7447299,35.38019561767578,23.71647071838379,29.54833221435547,1.169386940587862,81,1.0783999732430454,42,0.4803096453849649,351.83,0.9995170454545454,3903.0,352.0
175,2003,9,Punjab,Sangrur,4279.0,427.9403,0.09670319,34.912353515625,23.270326614379883,29.091339111328125,-0.0513790037509498,51,-1.0852687628815367,45,0.7411674700336958,366.04,1.0,4060.0,366.0
175,2004,9,Punjab,Sangrur,4659.0,278.4044,-0.79479885,34.40189743041992,23.31686210632324,28.859378814697266,-0.6710146802848662,68,0.1408101875890598,35,-0.1283586121287404,367.07,1.0,4279.0,367.0
175,2005,9,Punjab,Sangrur,4428.0,409.70364,-0.012020011,35.67418670654297,23.372875213623047,29.523530960083008,1.103135335493296,83,1.222644555651351,37,0.0455466043037468,366.6,0.9989100817438693,4659.0,367.0
175,2006,9,Punjab,Sangrur,4523.0,274.1897,-0.81992596,34.90006637573242,23.55836677551269,29.229217529296875,0.3169356950936219,70,0.2850547699973653,38,0.1324992125199904,262.45,1.0,4428.0,262.0
175,2007,9,Punjab,Sangrur,4607.0,401.88675,-0.05862271,34.94176483154297,23.258888244628903,29.100326538085938,-0.0273708853778364,56,-0.724657306860773,20,-1.4326477353723948,262.12,1.0,4523.0,262.0
175,2008,9,Punjab,Sangrur,4618.0,646.1365,1.3975433,34.56209182739258,22.98751449584961,28.774803161621094,-0.8969416719870298,67,0.0686878963849071,16,-1.7804581682373692,266.8,0.9992509363295881,4607.0,267.0
175,2009,9,Punjab,Sangrur,4697.0,495.3003,0.4982894,36.30706024169922,23.26405143737793,29.78555679321289,1.8030850973233472,94,2.0159897588970312,26,-0.910932086074933,270.69,0.9988560885608856,4618.0,271.0
175,2010,9,Punjab,Sangrur,4357.0,497.5221,0.51153535,34.891109466552734,22.89130592346192,28.89120864868164,-0.5859876260805971,52,-1.013146471677384,38,0.1324992125199904,272.4,1.0,4697.0,272.0
175,2011,9,Punjab,Sangrur,4336.0,814.9355,2.403888,34.586666107177734,23.490652084350582,29.038658142089844,-0.1921057077970857,51,-1.0852687628815367,44,0.6542148618174521,274.02,1.0,4357.0,274.0
175,2012,9,Punjab,Sangrur,4707.0,583.3475,1.0232084,35.87758255004883,23.912612915039062,29.895097732543945,2.095701872850995,76,0.7177885172222818,42,0.4803096453849649,276.16,1.0,4336.0,276.0
175,2013,9,Punjab,Sangrur,4725.0,320.8571,-0.5417047,34.89908218383789,24.19647026062012,29.547775268554688,1.167899170943348,72,0.4292993524056708,33,-0.3022638285612277,273.03,1.0,4707.0,273.0
175,2014,9,Punjab,Sangrur,4727.0,172.25517,-1.4276384,35.89528274536133,23.620155334472656,29.757719039916992,1.7287220906052678,82,1.1505222644471982,28,-0.7370268696424458,271.37,1.0,4725.0,271.0
175,2015,9,Punjab,Sangrur,4869.0,297.91766,-0.6784648,35.10057830810547,23.153654098510746,29.127117156982425,0.0441949106045056,78,0.8620330996305873,32,-0.3892164367774713,274.39,1.0,4727.0,274.0
175,2016,9,Punjab,Sangrur,4874.0,278.41177,-0.7947548,35.71451950073242,23.728090286254883,29.72130584716797,1.6314515074428932,85,1.3668891380596564,62,2.219361809709837,279.46,1.0,4869.0,278.0
175,2017,9,Punjab,Sangrur,5077.0,217.8535,-1.1557907,35.52715301513672,23.6381778717041,29.582664489746094,1.2610987679893986,100,2.448723506121948,38,0.1324992125199904,284.13,1.0,4874.0,284.0
175,2018,9,Punjab,Sangrur,4714.0,440.17197,0.16962579,35.06485366821289,23.55179214477539,29.30832290649414,0.5282499356298073,68,0.1408101875890598,36,-0.0414060039124968,287.052,1.0,5077.0,287.0
175,2019,9,Punjab,Sangrur,4713.0,297.84177,-0.6789172,35.38929748535156,23.880762100219727,29.635028839111328,1.4009796851828311,76,0.7177885172222818,31,-0.4761690449937149,288.98,0.9999307958477509,4714.0,289.0
104,1990,7,Maharashtra,Satara,1722.0,1077.4114,-0.16778977,28.53228759765625,20.841699600219727,24.686992645263672,-1.491326721138428,0,-0.9655375145473016,16,-0.2932732531007411,,,,39.9
104,1991,7,Maharashtra,Satara,1899.0,1135.4076,-0.038420457,29.388824462890625,20.933006286621094,25.16091537475586,-0.194358598921193,4,0.1454919542468536,28,1.4254444162338349,,,1722.0,39.6
104,1992,7,Maharashtra,Satara,1549.0,899.7361,-0.56412137,29.961179733276367,21.07267951965332,25.516929626464844,0.7799334254692244,12,2.367550891835164,19,0.1364061642329028,,,1899.0,44.1
104,1993,7,Maharashtra,Satara,1961.0,1236.1542,0.18631001,29.19281005859375,21.22509765625,25.208953857421875,-0.0628933266725562,8,1.256521423041009,6,-1.725537977546221,,,1549.0,40.6
104,1994,7,Maharashtra,Satara,1683.0,1337.7607,0.4129588,28.730587005615234,20.86490249633789,24.79774475097656,-1.1882352219567756,1,-0.6877801473487628,22,0.5660855815665469,,,1961.0,36.9
104,1995,7,Maharashtra,Satara,1553.0,955.67957,-0.43933097,30.089933395385746,21.27071762084961,25.68032455444336,1.2270907355800684,4,0.1454919542468536,17,-0.1500467806561931,,,1683.0,36.5
104,1996,7,Maharashtra,Satara,2317.0,1218.3452,0.14658444,29.402875900268555,20.59790802001953,25.00039291381836,-0.6336549267400318,7,0.97876405584247,13,-0.722952670434385,,,1553.0,39.4
104,1997,7,Maharashtra,Satara,1563.0,1123.5675,-0.06483156,29.96718978881836,21.37679672241211,25.671993255615234,1.204290755067798,2,-0.410022780150224,25,0.9957649989001908,,,2317.0,37.1
104,1998,7,Maharashtra,Satara,2414.0,1107.2158,-0.10130646,29.639936447143555,21.3193473815918,25.47964096069336,0.6778868093943872,8,1.256521423041009,13,-0.722952670434385,,,1563.0,41.5
104,1999,7,Maharashtra,Satara,1616.0,1078.1458,-0.16615164,28.826536178588867,20.043201446533203,24.43486785888672,-2.18130799952556,0,-0.9655375145473016,15,-0.4364997255452891,,,2414.0,44.0
104,2000,7,Maharashtra,Satara,1169.0,718.1216,-0.9692399,29.402420043945312,20.265687942504883,24.83405303955078,-1.0888715706216967,0,-0.9655375145473016,18,-0.0068203082116451,,,1616.0,43.9
104,2001,7,Maharashtra,Satara,1731.0,785.21796,-0.8195713,29.206865310668945,21.288299560546875,25.2475814819336,0.0428175719846296,0,-0.9655375145473016,12,-0.866179142878933,,,1169.0,44.6
104,2002,7,Maharashtra,Satara,1568.0,740.8026,-0.91864645,29.941041946411133,21.433921813964844,25.687480926513672,1.246675334225224,6,0.7010066886439312,14,-0.579726197989837,,,1731.0,45.4
104,2003,7,Maharashtra,Satara,1661.0,622.49023,-1.1825601,30.06679916381836,21.34758186340332,25.70719146728516,1.300616496911544,9,1.5342787902395476,21,0.4228591091219988,,,1568.0,44.2
104,2004,7,Maharashtra,Satara,1653.0,1081.2937,-0.15912966,29.398168563842773,20.856470108032227,25.1273193359375,-0.2862997291279542,0,-0.9655375145473016,26,1.1389914713447389,,,1661.0,44.1
104,2005,7,Maharashtra,Satara,1683.0,2755.0127,3.5743532,29.28117752075196,21.00457572937012,25.14287567138672,-0.2437272380432293,3,-0.1322654129516851,7,-1.582311505101673,,,1653.0,43.6
104,2006,7,Maharashtra,Satara,2073.0,1481.9056,0.73449576,29.150850296020508,20.72418212890625,24.937515258789062,-0.8057300543882713,0,-0.9655375145473016,21,0.4228591091219988,,,1683.0,45.0
104,2007,7,Maharashtra,Satara,2065.0,1219.0889,0.14824326,29.64372634887696,20.696144104003903,25.16993522644043,-0.1696742793601748,3,-0.1322654129516851,33,2.1415767784565745,,,2073.0,49.6
104,2008,7,Maharashtra,Satara,2199.0,757.7241,-0.8809005,29.55372428894043,20.9658145904541,25.259769439697266,0.0761719390801707,2,-0.410022780150224,20,0.2796326366774508,,,2065.0,49.7
104,2009,7,Maharashtra,Satara,1520.0,1635.7676,1.077708,29.94418334960937,21.44607925415039,25.695131301879883,1.26761185479178,0,-0.9655375145473016,24,0.8525385264556428,,,2199.0,50.6
104,2010,7,Maharashtra,Satara,1619.0,1238.4131,0.19134885,29.5358829498291,21.31019592285156,25.423038482666016,0.5229847439909668,4,0.1454919542468536,9,-1.295858560212577,,,1520.0,50.8
104,2011,7,Maharashtra,Satara,1644.0,1065.8708,-0.19353266,29.253597259521484,21.17065620422364,25.212127685546875,-0.0542076198107388,0,-0.9655375145473016,11,-1.009405615323481,,,1619.0,50.5
104,2012,7,Maharashtra,Satara,1373.0,786.6788,-0.81631273,29.756732940673828,20.9825496673584,25.3696403503418,0.3768519018615063,4,0.1454919542468536,18,-0.0068203082116451,,,1644.0,51.0
104,2013,7,Maharashtra,Satara,1500.0,1163.094,0.02333824,28.72790908813477,20.889867782592773,24.808887481689453,-1.1577412919767556,0,-0.9655375145473016,11,-1.009405615323481,,,1373.0,50.4
104,2014,7,Maharashtra,Satara,1790.0,1012.5957,-0.31237093,30.16374015808105,21.0677490234375,25.6157455444336,1.0503595679554416,4,0.1454919542468536,13,-0.722952670434385,,,1500.0,52.9
104,2015,7,Maharashtra,Satara,1512.0,687.48676,-1.0375755,30.74689483642578,21.39730834960937,26.07210159301757,2.2992535554386606,3,-0.1322654129516851,20,0.2796326366774508,,,1790.0,52.7
104,2016,7,Maharashtra,Satara,1747.0,1198.906,0.10322234,29.02041816711425,20.85419654846192,24.93730735778809,-0.8062990099459166,3,-0.1322654129516851,21,0.4228591091219988,,,1512.0,47.0
104,2017,7,Maharashtra,Satara,1812.0,1088.6472,-0.14272654,29.96044540405273,21.208171844482425,25.58430862426757,0.9643272239070412,0,-0.9655375145473016,15,-0.4364997255452891,,,1747.0,45.8
104,2018,7,Maharashtra,Satara,2318.0,929.1909,-0.49841788,29.811050415039062,21.02564239501953,25.418346405029297,0.5101440956255398,1,-0.6877801473487628,13,-0.722952670434385,,,1812.0,47.03
104,2019,7,Maharashtra,Satara,1438.0,1789.3054,1.4201974,29.71996307373047,21.532455444335938,25.626209259033203,1.0789952577654762,8,1.256521423041009,8,-1.439085032657125,,,2318.0,49.64
1018,1995,9,Punjab,Shri Mukatsar Sahib,3667.0,546.1414,1.8801495,35.70261001586914,23.75320243835449,29.7279052734375,0.5781507768895188,79,-0.0699686941988548,41,-0.039850794561919,5.8,0.9666666666666667,,6.0
1018,1996,9,Punjab,Shri Mukatsar Sahib,3474.0,533.9646,1.7885244,34.551177978515625,23.003267288208008,28.7772216796875,-1.655372143719392,62,-1.3387343490047563,26,-1.4346286042290792,18.6,0.9789473684210527,3667.0,19.0
1018,1997,9,Punjab,Shri Mukatsar Sahib,3455.0,526.0979,1.729331,34.091434478759766,23.02705955505371,28.559246063232425,-2.1674810500757724,71,-0.6670348846957498,32,-0.8767174803622151,27.2,1.0,3474.0,22.0
1018,1998,9,Punjab,Shri Mukatsar Sahib,2870.0,284.07172,-0.09180815,35.42882537841797,24.160717010498047,29.794771194458008,0.7352446493290623,85,0.3778309486738163,18,-2.1785101027182314,76.72,0.9963636363636363,3455.0,77.0
1018,1999,9,Punjab,Shri Mukatsar Sahib,3209.0,175.43356,-0.9092618,35.49516677856445,23.70124244689941,29.59820556640625,0.2734360743796358,86,0.4524642224859282,62,1.9128381389721048,91.01,1.0,2870.0,91.0
1018,2000,9,Punjab,Shri Mukatsar Sahib,3472.0,208.90538,-0.6574013,35.42901611328125,23.650653839111328,29.53983497619629,0.1363010149544896,81,0.0792978534253688,40,-0.132835981873063,89.19,1.0,3209.0,89.0
1018,2001,9,Punjab,Shri Mukatsar Sahib,3677.0,228.56749,-0.5094527,35.51032638549805,23.71392059326172,29.612123489379883,0.3061346506180861,90,0.7509973177343756,27,-1.3416434169179352,64.8,0.9969230769230769,3472.0,65.0
1018,2002,9,Punjab,Shri Mukatsar Sahib,3145.0,129.3788,-1.2558033,35.983795166015625,24.096275329589844,30.04003524780273,1.3114646328738089,88,0.601730770110152,46,0.425075141993801,83.01,1.0,3677.0,83.0
1018,2003,9,Punjab,Shri Mukatsar Sahib,3770.0,370.27557,0.55683744,35.240196228027344,23.479019165039062,29.359607696533203,-0.2871224696758242,58,-1.637267444253204,32,-0.8767174803622151,87.07,1.0,3145.0,87.0
1018,2004,9,Punjab,Shri Mukatsar Sahib,3884.0,176.16849,-0.9037318,34.894771575927734,23.5139217376709,29.204345703125,-0.6518928551715519,78,-0.1446019680109667,57,1.447912202416385,85.6,0.9953488372093022,3770.0,86.0
1018,2005,9,Punjab,Shri Mukatsar Sahib,3870.0,278.3507,-0.13485618,36.2857551574707,23.70405006408692,29.994903564453125,1.2054328785975106,99,1.4226967820433825,38,-0.318806356495351,77.27,1.0,3884.0,77.0
1018,2006,9,Punjab,Shri Mukatsar Sahib,4000.0,226.60252,-0.5242382,35.22476959228516,23.971830368041992,29.59830093383789,0.2736601293079519,80,0.0046645796132569,45,0.332089954682657,68.14,1.0,3870.0,68.0
1018,2007,9,Punjab,Shri Mukatsar Sahib,4162.0,341.76047,0.34227398,35.2179069519043,23.350914001464844,29.28441047668457,-0.4637897806530615,70,-0.7416681585078617,36,-0.5047767311176391,67.69,0.9954411764705882,4000.0,68.0
1018,2008,9,Punjab,Shri Mukatsar Sahib,4232.0,305.38162,0.068539396,35.07300567626953,23.3605899810791,29.216796875,-0.6226402437306032,86,0.4524642224859282,38,-0.318806356495351,95.63,1.0,4162.0,95.0
1018,2009,9,Punjab,Shri Mukatsar Sahib,3870.0,137.37796,-1.1956133,36.66842651367188,23.49744987487793,30.08293914794922,1.41226246402466,106,1.9451296987281652,49,0.704030703927233,100.0,1.0,4232.0,100.0
1018,2010,9,Punjab,Shri Mukatsar Sahib,3892.0,217.27328,-0.5944366,35.271697998046875,23.3652286529541,29.31846237182617,-0.3837887279485266,60,-1.4880008966289804,38,-0.318806356495351,111.1,1.0,3870.0,111.0
1018,2011,9,Punjab,Shri Mukatsar Sahib,3558.0,370.22897,0.5564868,34.913917541503906,23.78862762451172,29.35127258300781,-0.3067048704106588,55,-1.86116726568954,41,-0.039850794561919,112.53,0.9958407079646018,3892.0,113.0
1018,2012,9,Punjab,Shri Mukatsar Sahib,3992.0,323.39996,0.20411937,36.136993408203125,24.036340713500977,30.08666610717773,1.4210185306232443,80,0.0046645796132569,43,0.1461195800603689,118.12,1.0,3558.0,118.0
1018,2013,9,Punjab,Shri Mukatsar Sahib,3974.0,441.28864,1.0911791,35.33908462524414,24.42549133300781,29.882287979125977,0.940855375946172,80,0.0046645796132569,39,-0.225821169184207,114.94,0.9994782608695651,3992.0,115.0
1018,2014,9,Punjab,Shri Mukatsar Sahib,3807.0,226.28134,-0.52665496,36.26226043701172,23.825414657592773,30.04383850097656,1.3203999434150544,95,1.124163686794935,52,0.9829862658606652,134.53,0.9965185185185186,3974.0,135.0
1018,2015,9,Punjab,Shri Mukatsar Sahib,4222.0,202.0481,-0.70899934,35.39958190917969,23.383501052856445,29.39154052734375,-0.2120999174784645,81,0.0792978534253688,32,-0.8767174803622151,158.34,1.0,3807.0,158.0
1018,2016,9,Punjab,Shri Mukatsar Sahib,4040.0,228.69467,-0.50849575,36.01651763916016,24.12578582763672,30.07115173339844,1.3845692748847995,95,1.124163686794935,63,2.005823326283249,172.84,0.9990751445086705,4222.0,173.0
1018,2017,9,Punjab,Shri Mukatsar Sahib,3971.0,241.28085,-0.41379032,35.81464385986328,23.8356990814209,29.825172424316406,0.8066688793776656,108,2.0943962463523893,49,0.704030703927233,173.22,1.0,4040.0,173.0
1018,2018,9,Punjab,Shri Mukatsar Sahib,4067.0,305.0586,0.06610875,35.36042785644531,23.708715438842773,29.53457260131836,0.1239376640100077,79,-0.0699686941988548,37,-0.4117915438064951,178.589,0.9977039106145251,3971.0,179.0
1018,2019,9,Punjab,Shri Mukatsar Sahib,3353.0,297.7898,0.011414276,35.91068649291992,24.097766876220703,30.004226684570312,1.2273364883896916,82,0.1539311272374807,31,-0.9697026676733592,189.685,0.9983421052631579,4067.0,190.0
517,1990,7,Maharashtra,Sindhudurg,1982.0,3782.525,0.86803836,29.44810485839844,23.011960983276367,26.23003387451172,-1.3963216541656625,0,-0.6900655593423541,14,0.5915451299785418,,,,78.7
517,1991,7,Maharashtra,Sindhudurg,1828.0,3449.9255,0.3829869,29.99346351623535,23.05634117126465,26.52490234375,-0.234414245911731,1,0.0,14,0.5915451299785418,,,1982.0,77.3
517,1992,7,Maharashtra,Sindhudurg,2029.0,3659.691,0.68890154,29.9477767944336,23.288890838623047,26.61833381652832,0.1337455667180835,0,-0.6900655593423541,9,-0.4436588474839061,,,1828.0,78.5
517,1993,7,Maharashtra,Sindhudurg,2053.0,3854.858,0.97352636,29.506797790527344,23.294902801513672,26.400850296020508,-0.7232321708608076,2,0.6900655593423541,6,-1.064781233961375,,,2029.0,78.7
517,1994,7,Maharashtra,Sindhudurg,2346.0,3804.4807,0.900058,29.22863006591797,23.126209259033203,26.177419662475582,-1.6036440677901214,0,-0.6900655593423541,8,-0.6506996429763957,,,2053.0,81.2
517,1995,7,Maharashtra,Sindhudurg,2287.0,3430.9453,0.3553068,30.19712448120117,23.561372756958008,26.879249572753903,1.1618648189115062,1,0.0,10,-0.2366180519914165,,,2346.0,81.2
517,1996,7,Maharashtra,Sindhudurg,2472.0,3134.1265,-0.07756362,29.910785675048828,23.080522537231445,26.495655059814453,-0.3496610064887562,5,2.760262237369417,9,-0.4436588474839061,,,2287.0,80.7
517,1997,7,Maharashtra,Sindhudurg,2578.0,3669.5303,0.7032509,30.47575187683105,23.5139217376709,26.994836807250977,1.6173277729827542,1,0.0,12,0.1774635389935626,,,2472.0,74.7
517,1998,7,Maharashtra,Sindhudurg,2725.0,3657.2078,0.68528014,30.14143943786621,23.805816650390625,26.97362899780273,1.533759967396726,4,2.070196678027062,6,-1.064781233961375,,,2578.0,80.1
517,1999,7,Maharashtra,Sindhudurg,2269.0,3376.1646,0.2754164,29.43490219116211,22.97464179992676,26.20477294921875,-1.4958604631575836,0,-0.6900655593423541,12,0.1774635389935626,,,2725.0,79.9
517,2000,7,Maharashtra,Sindhudurg,2475.0,3215.77,0.041502535,29.61882400512696,23.22039031982422,26.419607162475582,-0.6493221249814382,0,-0.6900655593423541,8,-0.6506996429763957,,,2269.0,79.8
517,2001,7,Maharashtra,Sindhudurg,2511.0,2485.9163,-1.0228912,29.705097198486328,23.353071212768555,26.529083251953125,-0.2179396861631437,0,-0.6900655593423541,10,-0.2366180519914165,,,2475.0,78.6
517,2002,7,Maharashtra,Sindhudurg,2184.0,2537.917,-0.94705504,30.18385505676269,23.44294166564941,26.81339836120605,0.902382987104946,1,0.0,10,-0.2366180519914165,,,2511.0,78.9
517,2003,7,Maharashtra,Sindhudurg,3106.0,2604.0999,-0.8505362,30.387845993041992,23.33189582824707,26.85987091064453,1.085504633215513,2,0.6900655593423541,9,-0.4436588474839061,,,2184.0,79.0
517,2004,7,Maharashtra,Sindhudurg,2783.0,2579.1738,-0.8868875,29.996994018554688,22.9354248046875,26.466209411621094,-0.4656894067618822,0,-0.6900655593423541,24,2.6619530849034376,,,3106.0,78.8
517,2005,7,Maharashtra,Sindhudurg,2849.0,2455.621,-1.0670725,29.844247817993164,23.100589752197266,26.47241973876953,-0.4412180716608783,0,-0.6900655593423541,7,-0.8577404384688854,,,2783.0,78.7
517,2006,7,Maharashtra,Sindhudurg,2909.0,3610.8662,0.61769724,29.931371688842773,22.866273880004883,26.398822784423828,-0.7312214304469155,0,-0.6900655593423541,14,0.5915451299785418,,,2849.0,78.8
517,2007,7,Maharashtra,Sindhudurg,2702.0,3758.1113,0.8324345,29.856534957885746,23.089868545532227,26.473201751708984,-0.4381366074743268,0,-0.6900655593423541,9,-0.4436588474839061,,,2909.0,79.1
517,2008,7,Maharashtra,Sindhudurg,2749.0,1275.2996,-2.7884128,30.14830017089844,23.125492095947266,26.63689613342285,0.2068890044339834,1,0.0,20,1.8337899029334792,,,2702.0,78.5
517,2009,7,Maharashtra,Sindhudurg,2606.0,2576.1902,-0.8912387,30.32790756225586,23.586275100708008,26.95709228515625,1.468598273500639,0,-0.6900655593423541,18,1.4197083119485,,,2749.0,78.5
517,2010,7,Maharashtra,Sindhudurg,2654.0,4015.131,1.2072632,30.04300308227539,23.448888778686523,26.74594497680664,0.6365879115991236,3,1.3801311186847085,5,-1.2718220294538645,,,2606.0,77.9
517,2011,7,Maharashtra,Sindhudurg,2706.0,4258.182,1.5617205,29.768695831298828,23.17634010314941,26.47251892089844,-0.4408272518128139,0,-0.6900655593423541,14,0.5915451299785418,,,2654.0,78.0
517,2012,7,Maharashtra,Sindhudurg,2776.0,3365.594,0.26000068,30.23104286193848,22.97490119934082,26.60297203063965,0.0732135848681187,0,-0.6900655593423541,20,1.8337899029334792,,,2706.0,76.8
517,2013,7,Maharashtra,Sindhudurg,3104.0,3539.9224,0.5142352,29.259017944335938,22.9327449798584,26.095882415771484,-1.9249355617191048,0,-0.6900655593423541,6,-1.064781233961375,,,2776.0,76.8
517,2014,7,Maharashtra,Sindhudurg,3254.0,2804.4324,-0.55837816,30.50064468383789,23.217191696166992,26.858917236328125,1.081746750061182,2,0.6900655593423541,10,-0.2366180519914165,,,3104.0,70.0
517,2015,7,Maharashtra,Sindhudurg,2918.0,2098.0947,-1.5884767,31.1857967376709,23.519189834594727,27.35249328613281,3.02664669235152,1,0.0,12,0.1774635389935626,,,3254.0,67.2
517,2016,7,Maharashtra,Sindhudurg,3264.0,3514.2986,0.47686633,29.56716537475586,23.11483192443848,26.340999603271484,-0.9590694018603168,2,0.6900655593423541,19,1.6267491074409897,,,2918.0,64.0
517,2017,7,Maharashtra,Sindhudurg,3221.0,3240.0176,0.07686434,30.469764709472656,23.68545150756836,27.077608108520508,1.943481967713456,0,-0.6900655593423541,9,-0.4436588474839061,,,3264.0,64.02
517,2018,7,Maharashtra,Sindhudurg,2941.0,3363.5964,0.2570875,30.300092697143555,23.240707397460938,26.77040100097656,0.7329550672087756,0,-0.6900655593423541,12,0.1774635389935626,,,3221.0,64.05
517,2019,7,Maharashtra,Sindhudurg,2500.0,4864.0815,2.4453435,30.13590812683105,23.6490535736084,26.892480850219727,1.2140016897947097,4,2.070196678027062,7,-0.8577404384688854,,,2941.0,64.05
106,1990,7,Maharashtra,Solapur,875.0,672.0526,0.5794266,29.946468353271484,21.565752029418945,25.75611114501953,-1.6140993049593513,0,-1.5482109148472891,17,-0.4362344260066093,,,,4.0
106,1991,7,Maharashtra,Solapur,756.0,438.6552,-0.76168245,30.99620819091797,21.682025909423828,26.3391170501709,-0.1819926225709739,5,-0.6742208822722066,27,1.1709450382282665,,,875.0,4.5
106,1992,7,Maharashtra,Solapur,1000.0,414.8318,-0.8985727,31.81875801086425,21.831504821777344,26.825130462646484,1.0118598746107748,16,1.248557189392975,23,0.5280732525343161,,,756.0,4.8
106,1993,7,Maharashtra,Solapur,900.0,649.98975,0.4526526,30.970521926879883,21.940065383911133,26.455293655395508,0.1033857779036536,11,0.3745671568178924,12,-1.2398241581240472,,,1000.0,3.0
106,1994,7,Maharashtra,Solapur,778.0,357.42874,-1.2284124,30.372875213623047,21.5831356048584,25.978004455566406,-1.069036399071709,2,-1.198614901817256,17,-0.4362344260066093,,,900.0,2.7
106,1995,7,Maharashtra,Solapur,1050.0,524.9424,-0.26587358,31.950912475585938,21.936798095703125,26.94385528564453,1.3034977652025277,16,1.248557189392975,14,-0.918388265277072,,,778.0,2.0
106,1996,7,Maharashtra,Solapur,1348.0,753.5343,1.047623,31.15326881408692,21.27182960510254,26.212549209594727,-0.4928962492118429,10,0.1997691503028759,16,-0.5969523724300969,,,1050.0,2.3
106,1997,7,Maharashtra,Solapur,1091.0,413.3783,-0.9069245,31.76450729370117,22.07307243347168,26.91878890991211,1.2419242478976915,9,0.0249711437878594,24,0.6887911989578038,,,1348.0,2.2
106,1998,7,Maharashtra,Solapur,1138.0,1062.0408,2.8203113,31.2978458404541,21.927778244018555,26.612812042236328,0.4903169091332893,12,0.5493651633329089,11,-1.4005421045475348,,,1091.0,2.9
106,1999,7,Maharashtra,Solapur,1313.0,559.8697,-0.06518015,30.46235466003418,20.81464195251465,25.63849830627441,-1.9030056964955109,2,-1.198614901817256,20,0.0459194132638534,,,1138.0,3.2
106,2000,7,Maharashtra,Solapur,1133.0,563.80994,-0.04253937,31.0932674407959,20.8773193359375,25.985294342041016,-1.0511293846797536,0,-1.5482109148472891,23,0.5280732525343161,,,1313.0,3.0
106,2001,7,Maharashtra,Solapur,1333.0,525.15546,-0.26464927,30.939348220825195,21.896011352539062,26.41767883300781,0.0109880199696417,7,-0.3246248692421736,25,0.8495091453812914,,,1133.0,0.6
106,2002,7,Maharashtra,Solapur,600.0,431.38257,-0.8034713,31.70039367675781,22.1273193359375,26.913856506347656,1.2298081989134957,19,1.7729512089380244,14,-0.918388265277072,,,1333.0,0.5
106,2003,7,Maharashtra,Solapur,500.0,285.93872,-1.6391964,31.84646987915039,22.115816116333008,26.981143951416016,1.3950943458835154,13,0.7241631698479254,29,1.4923809310752416,,,600.0,0.2
106,2004,7,Maharashtra,Solapur,250.0,511.38522,-0.34377348,30.973722457885746,21.404380798339844,26.18905258178711,-0.5506138081585994,5,-0.6742208822722066,31,1.813816823922217,,,500.0,0.4
106,2005,7,Maharashtra,Solapur,250.0,620.1725,0.28132167,30.84418487548828,21.573463439941406,26.208824157714844,-0.5020465367857544,16,1.248557189392975,12,-1.2398241581240472,,,250.0,0.4
106,2006,7,Maharashtra,Solapur,250.0,544.75977,-0.15200227,30.762222290039062,21.23719024658203,25.999706268310547,-1.015727657640084,4,-0.8490188887872231,27,1.1709450382282665,,,250.0,0.4
106,2007,7,Maharashtra,Solapur,1100.0,633.4979,0.35789007,31.121700286865234,21.630521774291992,26.376110076904297,-0.0911222551895028,8,-0.1498268627271571,24,0.6887911989578038,,,250.0,0.3
106,2008,7,Maharashtra,Solapur,1000.0,490.54813,-0.4635041,31.225950241088867,21.659868240356445,26.442909240722656,0.0729644685245408,5,-0.6742208822722066,19,-0.1147985331596341,,,1100.0,0.1
106,2009,7,Maharashtra,Solapur,100.0,759.48193,1.0817983,31.77320098876953,22.061765670776367,26.917484283447266,1.2387195388856305,15,1.0737591828779585,18,-0.2755164795831217,,,1000.0,0.1
106,2010,7,Maharashtra,Solapur,329.0,782.6221,1.2147622,31.12137222290039,22.00882339477539,26.56509780883789,0.3731107678383742,11,0.3745671568178924,11,-1.4005421045475348,,,100.0,0.7
106,2011,7,Maharashtra,Solapur,286.0,461.12463,-0.6325725,30.97143745422364,21.811567306518555,26.391502380371094,-0.0533123111436935,2,-1.198614901817256,16,-0.5969523724300969,,,329.0,0.7
106,2012,7,Maharashtra,Solapur,225.0,385.852,-1.0650915,31.54849624633789,21.66379165649414,26.606143951416016,0.4739372852938656,8,-0.1498268627271571,17,-0.4362344260066093,,,286.0,0.4
106,2013,7,Maharashtra,Solapur,250.0,558.63904,-0.07225152,30.291242599487305,21.54771423339844,25.919479370117188,-1.2127985208934706,2,-1.198614901817256,21,0.206637359687341,,,225.0,0.4
106,2014,7,Maharashtra,Solapur,250.0,413.0869,-0.9085988,31.78241539001465,22.0148868560791,26.898651123046875,1.1924574090828646,17,1.4233551959079913,15,-0.7576703188535845,,,250.0,0.4
106,2016,7,Maharashtra,Solapur,215.0,593.84515,0.13004397,30.592269897460938,21.463180541992188,26.02772521972656,-0.9469013778342762,5,-0.6742208822722066,27,1.1709450382282665,,,250.0,0.2
106,2017,7,Maharashtra,Solapur,117.0,757.0657,1.0679144,31.55455017089844,21.832969665527344,26.69375991821289,0.6891587957880783,6,-0.4994228757571901,15,-0.7576703188535845,,,215.0,0.6
106,2018,7,Maharashtra,Solapur,90.0,298.15057,-1.5690267,31.38227272033692,21.470531463623047,26.426403045654297,0.032418340176036,5,-0.6742208822722066,29,1.4923809310752416,,,117.0,1.92
106,2019,7,Maharashtra,Solapur,157.0,587.3017,0.092445046,31.2372989654541,21.99499893188477,26.61614990234375,0.4985160915471885,14,0.8989611763629419,23,0.5280732525343161,,,90.0,1.19
732,1995,8,Orissa,Sonepur,1737.0,1215.6777,-0.55245835,32.53032684326172,23.46333312988281,27.996829986572266,-0.2397302755850358,22,0.5149699356638096,19,-0.081181690246221,83.04,0.7686753679533463,,108.03
732,1996,8,Orissa,Sonepur,1637.0,888.0292,-1.266225,32.41437911987305,23.86006546020508,28.137222290039062,0.1059329008983505,16,-0.6621042029963266,25,0.7056562306017659,82.19,0.6949353174938699,1737.0,118.27
732,1997,8,Orissa,Sonepur,1820.0,1900.9261,0.9403225,32.720848083496094,23.705554962158203,28.21320152282715,0.29300314836752,22,0.5149699356638096,20,0.0499579632284434,84.89,0.7279197393243011,1637.0,116.62
732,1998,8,Orissa,Sonepur,1398.0,1085.806,-0.83537763,32.83202362060547,24.73915100097656,28.785587310791016,1.702287594564594,21,0.3187909125537869,14,-0.7368799576195435,75.25,0.6845887918486172,1820.0,109.92
732,1999,8,Orissa,Sonepur,1967.0,1164.3851,-0.6641968,31.70673179626465,23.857711791992188,27.78222274780273,-0.7681197814025689,12,-1.446820295436417,12,-0.9991592645688724,72.59,0.6465663133517414,1398.0,112.27
732,2000,8,Orissa,Sonepur,1301.0,957.1793,-1.1155847,32.5684928894043,23.436994552612305,28.002742767333984,-0.2251722796730381,17,-0.4659251798863039,35,2.0170527653484105,75.03,0.7255584566289528,1967.0,103.41
732,2001,8,Orissa,Sonepur,1884.0,1762.8998,0.6396387,31.980587005615234,23.080522537231445,27.530555725097656,-1.3877550486943149,11,-1.64299931854644,28,1.0990751910257592,81.05,0.6960068699012452,1301.0,116.45
732,2002,8,Orissa,Sonepur,1037.0,973.23944,-1.0805986,32.7288932800293,23.008235931396484,27.86856460571289,-0.5555354720656863,27,1.495865051213923,20,0.0499579632284434,79.74,0.6510450685826257,1884.0,122.48
732,2003,8,Orissa,Sonepur,1457.0,2024.975,1.210557,32.34006881713867,23.72013092041016,28.03009986877441,-0.1578157198776333,19,-0.0735671336662585,10,-1.2614385715182015,78.81,0.6714663031439039,1037.0,117.37
732,2004,8,Orissa,Sonepur,1724.0,1143.5979,-0.7094808,32.18000030517578,23.17196083068848,27.67597961425781,-1.0297034873025983,19,-0.0735671336662585,19,-0.081181690246221,82.27,0.6917514504330278,1457.0,118.93
732,2005,8,Orissa,Sonepur,2144.0,1751.0724,0.6138733,32.67862319946289,24.22026252746582,28.449443817138672,0.874660830839815,24,0.907327981883855,21,0.1810976167031079,80.56,0.6747633805176313,1724.0,119.39
732,2006,8,Orissa,Sonepur,2098.0,2155.4336,1.4947548,32.260066986083984,22.64208984375,27.451078414916992,-1.5834379943901309,23,0.7111489587738322,15,-0.605740304144879,92.39,0.6937227811983782,2144.0,133.18
732,2007,8,Orissa,Sonepur,2027.0,1830.3954,0.7866746,32.54254913330078,23.8718318939209,28.20719146728516,0.2782056499421402,19,-0.0735671336662585,23,0.4433769236524368,87.66,0.6984860557768924,2098.0,125.5
732,2008,8,Orissa,Sonepur,1964.0,2300.9985,1.811861,32.243988037109375,23.685489654541016,27.964738845825195,-0.3187426243654745,10,-1.8391783416564629,38,2.410471725772404,91.14,0.7254636631377855,2027.0,125.63
732,2009,8,Orissa,Sonepur,2345.0,1196.4048,-0.5944435,33.39137268066406,24.02719116210937,28.70928192138672,1.5144143092564075,26,1.2996860281039004,24,0.5745165771271014,81.83,0.641652944405238,1964.0,127.53
732,2010,8,Orissa,Sonepur,2448.0,922.96277,-1.1901239,33.20679473876953,24.19803810119629,28.7024154663086,1.497508249487645,22,0.5149699356638096,14,-0.7368799576195435,82.9,0.6481626270523847,2345.0,127.9
732,2011,8,Orissa,Sonepur,2202.0,1808.7035,0.7394199,32.58758544921875,23.1744441986084,27.88101577758789,-0.5248791503516474,16,-0.6621042029963266,13,-0.868019611094208,95.84,0.728156815073697,2448.0,131.62
732,2012,8,Orissa,Sonepur,4220.0,2013.4381,1.1854244,32.422874450683594,23.49346351623535,27.95816802978516,-0.3349207843386373,19,-0.0735671336662585,20,0.0499579632284434,97.88,0.7368817285251824,2202.0,132.83
732,2013,8,Orissa,Sonepur,3068.0,1168.1832,-0.65592283,31.96673393249512,23.472091674804688,27.71941375732422,-0.9227632670096834,14,-1.054462249216372,7,-1.6548575319421948,94.79,0.6932133976890449,4220.0,136.74
732,2014,8,Orissa,Sonepur,3361.0,1564.5486,0.20754011,32.797515869140625,22.9920654296875,27.894790649414062,-0.4909637160044065,22,0.5149699356638096,21,0.1810976167031079,80.14,0.6230272875689964,3068.0,128.63
732,2015,8,Orissa,Sonepur,2514.0,810.81714,-1.4344277,33.086883544921875,23.97032356262207,28.528602600097656,1.0695595232074684,19,-0.0735671336662585,35,2.0170527653484105,91.6,0.6965249790890427,3361.0,131.51
732,2016,8,Orissa,Sonepur,3319.0,1041.0737,-0.9328248,32.6434211730957,23.67009162902832,28.156757354736328,0.1540306409405052,22,0.5149699356638096,23,0.4433769236524368,95.72,0.7111441307578009,2514.0,134.6
732,2017,8,Orissa,Sonepur,2345.0,1052.7051,-0.90748644,32.92002487182617,23.891496658325195,28.40576171875,0.7671101139441474,21,0.3187909125537869,10,-1.2614385715182015,92.77,0.724086793630971,3319.0,128.12
732,2018,8,Orissa,Sonepur,3021.0,1358.2389,-0.24189568,32.661949157714844,23.340261459350582,28.00110626220703,-0.229201557251262,24,0.907327981883855,19,-0.081181690246221,85.074,0.6041758397841063,2345.0,140.81
732,2019,8,Orissa,Sonepur,3353.0,1634.6974,0.3603559,32.512821197509766,23.912919998168945,28.212871551513672,0.2921907182730763,24,0.907327981883855,13,-0.868019611094208,79.971,0.5272349683544304,3021.0,151.68
713,1990,8,Orissa,Sundargarh,941.0,1228.7715,-0.11731778,30.9666690826416,23.2724838256836,27.11957550048828,-0.8077746809917192,14,-0.6950945251522255,9,-1.0099141041984698,39.12,0.17331206804891014,,225.72
713,1991,8,Orissa,Sundargarh,1079.0,1297.8761,0.12603962,31.75398635864257,22.37967300415039,27.066829681396484,-0.9180249254379969,22,0.449767045686734,20,0.4039656416793878,45.23,0.20622834214845887,941.0,219.32
713,1992,8,Orissa,Sundargarh,697.0,942.1231,-1.1267729,32.76078796386719,22.62248420715332,27.691635131835938,0.3879544835163215,31,1.7377363128805636,20,0.4039656416793878,46.8,0.20700636942675157,1079.0,226.08
713,1993,8,Orissa,Sundargarh,944.0,1397.3229,0.47624937,32.09614181518555,22.82196044921875,27.45905113220215,-0.0981967082831843,15,-0.5519868287973556,8,-1.1384486265510023,48.89,0.2203939954018843,697.0,221.83
713,1994,8,Orissa,Sundargarh,1070.0,1944.9248,2.4046733,30.89038848876953,22.2408504486084,26.56562042236328,-1.9656613879788205,11,-1.1244176142168354,13,-0.4957760147883397,45.63,0.20534629404617255,944.0,222.21
713,1995,8,Orissa,Sundargarh,899.0,1133.8308,-0.45165893,32.439605712890625,23.09287643432617,27.7662410736084,0.5438971432225538,23,0.592874742041604,16,-0.1101724477307422,45.66,0.20252827677977378,1070.0,225.45
713,1996,8,Orissa,Sundargarh,867.0,1166.8925,-0.33522972,31.602155685424805,23.07464027404785,27.338397979736328,-0.3503880626239011,19,0.0204439566221242,26,1.175172775794583,47.92,0.20202360876897135,899.0,237.2
713,1997,8,Orissa,Sundargarh,1021.0,1213.2184,-0.17208926,31.858692169189453,22.9694766998291,27.4140853881836,-0.1921849021365433,21,0.3066593493318641,26,1.175172775794583,53.72,0.2277429201288791,867.0,235.88
713,1998,8,Orissa,Sundargarh,754.0,1066.896,-0.68737525,32.53875732421875,24.25849914550781,28.39862823486328,1.8657239782878847,22,0.449767045686734,6,-1.3955176712560673,44.15,0.19959312839059676,1021.0,221.2
713,1999,8,Orissa,Sundargarh,1020.0,1615.1982,1.2435149,31.219152450561523,23.199281692504883,27.209217071533203,-0.6204042829123761,12,-0.9813099178619654,8,-1.1384486265510023,22.68,0.0948120897955771,754.0,239.21
713,2000,8,Orissa,Sundargarh,545.0,1008.9223,-0.8915342,31.979671478271484,22.72130584716797,27.350488662719727,-0.3251159030974328,11,-1.1244176142168354,34,2.203448954614843,49.09,0.2208674525330694,1020.0,222.26
713,2001,8,Orissa,Sundargarh,977.0,1842.5223,2.0440547,31.456144332885746,22.5589542388916,27.007549285888672,-1.0419338571437289,6,-1.8399560959911847,13,-0.4957760147883397,54.05,0.21917197193949958,545.0,246.61
713,2002,8,Orissa,Sundargarh,325.0,1080.614,-0.6390661,32.37045669555664,22.331567764282227,27.35101318359375,-0.3240195402847212,28,1.3084132238159536,12,-0.6243105371408723,5.66,0.02499558381911323,977.0,226.44
713,2003,8,Orissa,Sundargarh,1020.0,1370.4001,0.38143885,32.07268142700195,23.06797409057617,27.570327758789062,0.1343956657401135,20,0.1635516529769941,8,-1.1384486265510023,50.77,0.20987143979165807,325.0,241.91
713,2004,8,Orissa,Sundargarh,1047.0,1137.6636,-0.43816155,31.741437911987305,22.70804023742676,27.22473907470703,-0.5879599172038419,17,-0.2657714360876156,16,-0.1101724477307422,51.78,0.22193647936222194,1020.0,233.31
713,2005,8,Orissa,Sundargarh,1150.0,1177.1897,-0.29896715,32.412742614746094,23.549543380737305,27.981143951416016,0.993090941299018,24,0.7359824383964739,19,0.2754311193268553,50.55,0.23784877429068835,1047.0,212.53
713,2006,8,Orissa,Sundargarh,1234.0,1115.7985,-0.5151613,31.84934425354004,22.9354248046875,27.392383575439453,-0.2375464151657597,19,0.0204439566221242,14,-0.3672414924358072,60.39,0.2690217391304348,1150.0,224.48
713,2007,8,Orissa,Sundargarh,1410.0,1463.1669,0.7081243,31.901243209838867,22.996078491210938,27.44866180419922,-0.1199126655226026,15,-0.5519868287973556,28,1.432241820499648,61.44,0.283944911729365,1234.0,216.38
713,2008,8,Orissa,Sundargarh,1376.0,1468.2384,0.72598404,31.943334579467773,22.918561935424805,27.43094825744629,-0.1569378344013391,9,-1.4106330069265751,24,0.9181037310895178,54.46,0.24931331258011355,1410.0,218.44
713,2009,8,Orissa,Sundargarh,719.0,1017.6394,-0.8608362,33.12176513671875,23.48627471923828,28.30401992797852,1.6679720210656368,29,1.4515209201708237,23,0.7895692087369853,53.54,0.2597012029491657,1376.0,206.16
713,2010,8,Orissa,Sundargarh,662.0,814.58594,-1.5759052,33.3110466003418,23.761110305786133,28.53607940673828,2.153026850052424,28,1.3084132238159536,11,-0.7528450594934047,53.75,0.2537531866679256,719.0,211.82
713,2011,8,Orissa,Sundargarh,1794.0,1502.2812,0.84586865,31.753267288208008,22.63274574279785,27.19300651550293,-0.6542878739859609,15,-0.5519868287973556,12,-0.6243105371408723,55.32,0.2861280645494983,662.0,193.34
713,2012,8,Orissa,Sundargarh,2321.0,1337.5115,0.26561877,32.22398376464844,23.209867477416992,27.71692657470703,0.4408191049583422,24,0.7359824383964739,21,0.5325001640319204,55.37,0.2708506579269187,1794.0,204.43
713,2013,8,Orissa,Sundargarh,1952.0,1381.8506,0.42176247,31.2988224029541,23.238300323486328,27.26856231689453,-0.4963598008952545,12,-0.9813099178619654,7,-1.2669831489035348,57.61,0.27299436099132823,2321.0,211.03
713,2014,8,Orissa,Sundargarh,2535.0,1171.816,-0.3178909,32.5917854309082,22.77500534057617,27.683395385742188,0.3707316204220885,25,0.8790901347513439,18,0.1468965969743228,50.66,0.2586937650002553,1952.0,195.83
713,2015,8,Orissa,Sundargarh,1172.0,1241.9924,-0.07075916,32.84900665283203,23.60554885864257,28.227277755737305,1.507564174631263,17,-0.2657714360876156,21,0.5325001640319204,53.39,0.274287182121757,2535.0,194.65
713,2016,8,Orissa,Sundargarh,1696.0,1041.1176,-0.77815604,32.14237594604492,23.405282974243164,27.77383041381836,0.5597605164290245,24,0.7359824383964739,20,0.4039656416793878,48.58,0.23385000481370943,1172.0,207.74
713,2017,8,Orissa,Sundargarh,1759.0,1289.4543,0.09638175,32.51671600341797,23.54719352722168,28.03195571899414,1.099298597046788,23,0.592874742041604,10,-0.8813795818459372,68.79,0.3457478890229192,1696.0,198.96
713,2018,8,Orissa,Sundargarh,1182.0,1100.4879,-0.5690786,32.23750305175781,22.97148704528809,27.604496002197266,0.2058147327470788,25,0.8790901347513439,19,0.2754311193268553,6.741,0.03658417453598176,1759.0,184.26
713,2019,8,Orissa,Sundargarh,1736.0,1302.2292,0.14136958,32.522335052490234,24.078174591064453,28.300254821777344,1.6601021294572924,31,1.7377363128805636,7,-1.2669831489035348,8.244,0.042737169517884914,1182.0,192.9
96,1990,7,Maharashtra,Thane,1926.0,2477.4692,0.0844269,29.749738693237305,22.51535987854004,26.132549285888672,-1.931417147697588,0,-1.342246698965723,13,-0.6385203472053107,,,,149.5
96,1991,7,Maharashtra,Thane,1784.0,2250.5217,-0.47484356,30.327125549316406,22.439281463623047,26.383203506469727,-1.1794017757598574,5,-0.5083064422118714,33,2.1550061718179228,,,1926.0,150.6
96,1992,7,Maharashtra,Thane,1935.0,2265.7324,-0.4373596,31.22686195373535,22.858627319335938,27.042743682861328,0.7993574484304998,16,1.326362122646602,16,-0.2194913693518257,,,1784.0,147.3
96,1993,7,Maharashtra,Thane,2047.0,2683.7788,0.59283894,30.55097961425781,23.04620742797852,26.798593521118164,0.0668556207480498,11,0.4924218658927505,7,-1.4765783029122808,,,1935.0,148.2
96,1994,7,Maharashtra,Thane,1898.0,2919.7214,1.1742762,30.027647018432617,22.527711868286133,26.27767944335937,-1.4959961557960506,2,-1.0086705962641824,14,-0.498844021254149,,,2047.0,153.2
96,1995,7,Maharashtra,Thane,2170.0,1802.4263,-1.5790925,31.43587875366211,23.232288360595703,27.334083557128903,1.6734383372331414,15,1.1595740712958318,13,-0.6385203472053107,,,1898.0,143.2
96,1996,7,Maharashtra,Thane,2599.0,2010.8064,-1.065578,30.611371994018555,22.80084991455078,26.706111907958984,-0.2106086667316497,10,0.3256338145419801,17,-0.079815043400664,,,2170.0,151.2
96,1997,7,Maharashtra,Thane,2355.0,2153.6929,-0.7134605,31.01712417602539,22.96686363220215,26.991992950439453,0.6470945787693567,10,0.3256338145419801,16,-0.2194913693518257,,,2599.0,151.8
96,1998,7,Maharashtra,Thane,1920.0,2528.2695,0.20961489,30.98921585083008,23.483139038085938,27.236177444458008,1.379699410497729,9,0.1588457631912098,13,-0.6385203472053107,,,2355.0,142.1
96,1999,7,Maharashtra,Thane,2130.0,1913.45,-1.305495,30.306468963623047,22.637189865112305,26.47182846069336,-0.9135082761054296,0,-1.342246698965723,11,-0.917872999107634,,,1920.0,141.8
96,2000,7,Maharashtra,Thane,1237.0,2083.5938,-0.8862069,30.78712272644043,22.88921546936035,26.83816909790039,0.1855906734614841,0,-1.342246698965723,19,0.1995376085016593,,,2130.0,141.7
96,2001,7,Maharashtra,Thane,2448.0,2255.6738,-0.46214715,30.301176071166992,22.7649040222168,26.53303909301757,-0.7298635071199802,0,-1.342246698965723,19,0.1995376085016593,,,1237.0,141.0
96,2002,7,Maharashtra,Thane,1138.0,2445.0605,0.0045616324,31.0268611907959,23.273530960083008,27.150196075439453,1.1217372223793185,17,1.4931501739973725,19,0.1995376085016593,,,2448.0,140.4
96,2003,7,Maharashtra,Thane,2821.0,2738.8108,0.7284552,30.81705665588379,22.754379272460938,26.785717010498047,0.0282233810801914,11,0.4924218658927505,22,0.6185665863551443,,,1138.0,140.9
96,2004,7,Maharashtra,Thane,2379.0,2672.593,0.56527364,30.44085121154785,22.42353057861328,26.43218994140625,-1.0324321695697214,3,-0.8418825449134121,23,0.758242912306306,,,2821.0,141.0
96,2005,7,Maharashtra,Thane,2227.0,3183.9219,1.8253497,30.623985290527344,22.822811126708984,26.723398208618164,-0.1587461296097713,15,1.1595740712958318,12,-0.7781966731564723,,,2379.0,139.5
96,2006,7,Maharashtra,Thane,1836.0,3226.1025,1.9292963,30.35888671875,22.948299407958984,26.65359306335449,-0.368176244757802,1,-1.175458647614953,20,0.339213934452821,,,2227.0,140.2
96,2007,7,Maharashtra,Thane,2200.0,2656.7524,0.5262374,31.05803871154785,22.64019775390625,26.84911727905273,0.218437519216696,11,0.4924218658927505,32,2.015329845866761,,,1836.0,140.6
96,2008,7,Maharashtra,Thane,2158.0,2595.3088,0.37482095,30.581762313842773,22.699478149414062,26.64062118530273,-0.4070946067754446,8,-0.0079422881595604,21,0.4788902604039826,,,2200.0,140.6
96,2009,7,Maharashtra,Thane,2098.0,1811.6548,-1.5563506,31.280656814575195,23.16431427001953,27.222484588623047,1.338617963515718,16,1.326362122646602,25,1.0375955642086294,,,2158.0,138.6
96,2010,7,Maharashtra,Thane,2029.0,2632.0593,0.4653858,30.810977935791016,23.38705825805664,27.099018096923828,0.968192524591142,9,0.1588457631912098,4,-1.8956072807657656,,,2098.0,138.3
96,2011,7,Maharashtra,Thane,2450.0,2624.5679,0.44692448,30.32300567626953,23.000980377197266,26.6619930267334,-0.3429745881888018,2,-1.0086705962641824,11,-0.917872999107634,,,2029.0,140.4
96,2012,7,Maharashtra,Thane,2600.0,2127.3315,-0.77842313,30.765947341918945,22.62843132019043,26.697189331054688,-0.2373782737774565,5,-0.5083064422118714,23,0.758242912306306,,,2450.0,139.6
96,2013,7,Maharashtra,Thane,2393.0,2885.1719,1.0891352,29.527973175048828,22.62993431091309,26.07895278930664,-2.0922179082762904,2,-1.0086705962641824,14,-0.498844021254149,,,2600.0,139.6
96,2014,7,Maharashtra,Thane,2421.0,2449.66,0.015895924,31.4223690032959,23.180864334106445,27.30161666870117,1.5760308444726192,16,1.326362122646602,20,0.339213934452821,,,2393.0,58.0
96,2015,7,Maharashtra,Thane,2260.0,1741.731,-1.728665,31.58087539672852,23.61027908325196,27.595577239990234,2.457974375447351,16,1.326362122646602,19,0.1995376085016593,,,2421.0,55.4
96,2016,7,Maharashtra,Thane,2717.0,2852.2664,1.0080456,30.20016098022461,22.978673934936523,26.58941650390625,-0.5607194188215497,8,-0.0079422881595604,24,0.8979192382574677,,,2260.0,55.1
96,2017,7,Maharashtra,Thane,1848.0,3224.1958,1.9245974,30.836084365844727,23.26572799682617,27.05090713500977,0.8238495215720354,3,-0.8418825449134121,15,-0.3591676953029873,,,2717.0,54.75
96,2018,7,Maharashtra,Thane,2540.0,2408.9272,-0.08448225,30.929725646972656,22.96479034423828,26.94725799560547,0.5128803069325989,13,0.8259979685942911,20,0.339213934452821,,,1848.0,54.92
96,2019,7,Maharashtra,Thane,2146.0,4005.9216,3.8510172,30.65851211547852,23.449935913085938,27.054224014282227,0.833800856897518,11,0.4924218658927505,10,-1.0575493250587955,,,2540.0,55.27
116,1990,7,Maharashtra,Yeotmal,795.0,1314.8557,1.8547624,31.37706184387207,22.137451171875,26.75725555419922,-2.633088189786713,10,-1.7706457568744447,16,-0.588965305737859,,,,8.8
116,1991,7,Maharashtra,Yeotmal,427.0,580.3092,-1.5259733,33.23104476928711,23.0682373046875,28.149641036987305,-0.0087980696728783,41,1.3839530053731297,28,1.0420155409208278,,,795.0,8.2
116,1992,7,Maharashtra,Yeotmal,774.0,1021.3004,0.50368,33.80169677734375,23.038299560546875,28.419998168945312,0.500755900165296,40,1.2821917549780464,31,1.4497607525854996,,,427.0,6.2
116,1993,7,Maharashtra,Yeotmal,687.0,814.7162,-0.44711983,32.9981689453125,24.04418182373047,28.521175384521484,0.6914490454898986,25,-0.2442270009481991,12,-1.1326255879574214,,,774.0,6.7
116,1994,7,Maharashtra,Yeotmal,943.0,1074.9349,0.7505318,31.608627319335938,23.08731842041016,27.347972869873047,-1.5197373006357615,13,-1.4653620056891956,16,-0.588965305737859,,,687.0,5.3
116,1995,7,Maharashtra,Yeotmal,560.0,992.0072,0.36885858,33.785362243652344,24.14228820800781,28.96382522583008,1.5257306575690908,38,1.0786692541878804,23,0.362440188146375,,,943.0,5.0
116,1996,7,Maharashtra,Yeotmal,807.0,854.33154,-0.26479092,32.979347229003906,23.703855514526367,28.341602325439453,0.35299980811063,36,0.8751467533977142,16,-0.588965305737859,,,560.0,5.7
116,1997,7,Maharashtra,Yeotmal,565.0,720.65845,-0.8800187,33.23731994628906,23.642942428588867,28.44013214111328,0.5387032824758662,27,-0.040704500158033,21,0.0906100470365938,,,807.0,6.2
116,1998,7,Maharashtra,Yeotmal,741.0,884.32513,-0.12674603,33.198036193847656,24.619543075561523,28.908790588378903,1.4220044573806356,25,-0.2442270009481991,13,-0.9967105174025308,,,565.0,5.4
116,1999,7,Maharashtra,Yeotmal,868.0,1086.2349,0.8025395,31.784379959106445,23.55679702758789,27.670589447021484,-0.9116876574433516,21,-0.6512720025285312,12,-1.1326255879574214,,,741.0,5.3
116,2000,7,Maharashtra,Yeotmal,827.0,910.52563,-0.006158739,32.854835510253906,23.213790893554688,28.034313201904297,-0.2261615095562267,32,0.4681017518173821,17,-0.4530502351829684,,,868.0,5.2
116,2001,7,Maharashtra,Yeotmal,1000.0,928.5968,0.07701345,32.34987258911133,23.212810516357425,27.78134155273437,-0.7029482958247936,20,-0.7530332529236143,20,-0.0453050235182967,,,827.0,4.8
116,2002,7,Maharashtra,Yeotmal,649.0,1006.49445,0.43553582,33.23085021972656,23.32163429260254,28.276241302490234,0.2298110152896164,45,1.7909980069534617,26,0.7701853998110467,,,1000.0,3.7
116,2003,7,Maharashtra,Yeotmal,606.0,909.9398,-0.008854942,32.52117919921875,23.733266830444336,28.12722396850586,-0.0510485039563314,21,-0.6512720025285312,15,-0.7248803762927496,,,649.0,3.3
116,2004,7,Maharashtra,Yeotmal,333.0,522.5971,-1.7915921,33.16431427001953,23.22385597229004,28.19408416748047,0.0749658518142944,30,0.264579251027216,16,-0.588965305737859,,,606.0,2.4
116,2005,7,Maharashtra,Yeotmal,500.0,1118.6633,0.95179087,32.87948226928711,23.74006462097168,28.30977249145508,0.2930087209565257,27,-0.040704500158033,19,-0.1812200940731873,,,333.0,1.8
116,2006,7,Maharashtra,Yeotmal,500.0,1124.815,0.98010355,32.37078857421875,23.50248336791992,27.936635971069336,-0.4102580798012635,27,-0.040704500158033,18,-0.3171351646280778,,,500.0,0.6
116,2007,7,Maharashtra,Yeotmal,667.0,910.92847,-0.004304712,32.679866790771484,23.2259464263916,27.95290756225586,-0.379590296692939,20,-0.7530332529236143,30,1.313845682030609,,,500.0,0.6
116,2008,7,Maharashtra,Yeotmal,400.0,735.8293,-0.8101952,32.678955078125,23.2979736328125,27.98846435546875,-0.3125748456666364,14,-1.3636007552941125,40,2.672996387579515,,,667.0,0.5
116,2009,7,Maharashtra,Yeotmal,1650.0,465.63815,-2.0537446,34.07431411743164,23.854116439819336,28.96421432495117,1.5264640097850073,36,0.8751467533977142,25,0.6342703292561562,,,400.0,0.2
116,2011,7,Maharashtra,Yeotmal,1000.0,809.4281,-0.47145814,32.83307266235352,23.151763916015625,27.99241828918457,-0.3051226930018191,27,-0.040704500158033,37,2.265251175914844,,,1650.0,0.1
116,2012,7,Maharashtra,Yeotmal,400.0,971.14294,0.27283123,32.6280403137207,23.307973861694336,27.968006134033203,-0.3511333548238149,25,-0.2442270009481991,27,0.9061004703659372,,,1000.0,0.1
