"Dist Code","Year","State Code","State Name","Dist Name","RICE AREA (1000 ha)"
"96","1990","7","Maharashtra","Thane","149.5"
"96","1991","7","Maharashtra","Thane","150.6"
"96","1992","7","Maharashtra","Thane","147.3"
"96","1993","7","Maharashtra","Thane","148.2"
"96","1994","7","Maharashtra","Thane","153.2"
"96","1995","7","Maharashtra","Thane","143.2"
"96","1996","7","Maharashtra","Thane","151.2"
"96","1997","7","Maharashtra","Thane","151.8"
"96","1998","7","Maharashtra","Thane","142.1"
"96","1999","7","Maharashtra","Thane","141.8"
"96","2000","7","Maharashtra","Thane","141.7"
"96","2001","7","Maharashtra","Thane","141.0"
"96","2002","7","Maharashtra","Thane","140.4"
"96","2003","7","Maharashtra","Thane","140.9"
"96","2004","7","Maharashtra","Thane","141.0"
"96","2005","7","Maharashtra","Thane","139.5"
"96","2006","7","Maharashtra","Thane","140.2"
"96","2007","7","Maharashtra","Thane","140.6"
"96","2008","7","Maharashtra","Thane","140.6"
"96","2009","7","Maharashtra","Thane","138.6"
"96","2010","7","Maharashtra","Thane","138.3"
"96","2011","7","Maharashtra","Thane","140.4"
"96","2012","7","Maharashtra","Thane","139.6"
"96","2013","7","Maharashtra","Thane","139.6"
"96","2014","7","Maharashtra","Thane","58.0"
"96","2015","7","Maharashtra","Thane","55.4"
"96","2016","7","Maharashtra","Thane","55.1"
"96","2017","7","Maharashtra","Thane","54.75"
"96","2018","7","Maharashtra","Thane","54.92"
"96","2019","7","Maharashtra","Thane","55.27"
"97","1990","7","Maharashtra","Raigarh","152.4"
"97","1991","7","Maharashtra","Raigarh","150.4"
"97","1992","7","Maharashtra","Raigarh","139.0"
"97","1993","7","Maharashtra","Raigarh","138.5"
"97","1994","7","Maharashtra","Raigarh","146.1"
"97","1995","7","Maharashtra","Raigarh","146.4"
"97","1996","7","Maharashtra","Raigarh","142.4"
"97","1997","7","Maharashtra","Raigarh","139.0"
"97","1998","7","Maharashtra","Raigarh","135.4"
"97","1999","7","Maharashtra","Raigarh","135.7"
"97","2000","7","Maharashtra","Raigarh","134.7"
"97","2001","7","Maharashtra","Raigarh","133.7"
"97","2002","7","Maharashtra","Raigarh","133.2"
"97","2003","7","Maharashtra","Raigarh","133.1"
"97","2004","7","Maharashtra","Raigarh","133.0"
"97","2005","7","Maharashtra","Raigarh","129.5"
"97","2006","7","Maharashtra","Raigarh","132.2"
"97","2007","7","Maharashtra","Raigarh","133.1"
"97","2008","7","Maharashtra","Raigarh","132.3"
"97","2009","7","Maharashtra","Raigarh","130.4"
"97","2010","7","Maharashtra","Raigarh","126.2"
"97","2011","7","Maharashtra","Raigarh","126.8"
"97","2012","7","Maharashtra","Raigarh","127.9"
"97","2013","7","Maharashtra","Raigarh","127.9"
"97","2014","7","Maharashtra","Raigarh","125.3"
"97","2015","7","Maharashtra","Raigarh","115.6"
"97","2016","7","Maharashtra","Raigarh","113.3"
"97","2017","7","Maharashtra","Raigarh","114.24"
"97","2018","7","Maharashtra","Raigarh","114.08"
"97","2019","7","Maharashtra","Raigarh","98.9"
"98","1990","7","Maharashtra","Ratnagiri","82.5"
"98","1991","7","Maharashtra","Ratnagiri","82.7"
"98","1992","7","Maharashtra","Ratnagiri","82.2"
"98","1993","7","Maharashtra","Ratnagiri","82.5"
"98","1994","7","Maharashtra","Ratnagiri","81.6"
"98","1995","7","Maharashtra","Ratnagiri","83.4"
"98","1996","7","Maharashtra","Ratnagiri","79.8"
"98","1997","7","Maharashtra","Ratnagiri","79.4"
"98","1998","7","Maharashtra","Ratnagiri","78.8"
"98","1999","7","Maharashtra","Ratnagiri","79.9"
"98","2000","7","Maharashtra","Ratnagiri","78.8"
"98","2001","7","Maharashtra","Ratnagiri","78.7"
"98","2002","7","Maharashtra","Ratnagiri","78.8"
"98","2003","7","Maharashtra","Ratnagiri","79.4"
"98","2004","7","Maharashtra","Ratnagiri","79.3"
"98","2005","7","Maharashtra","Ratnagiri","77.2"
"98","2006","7","Maharashtra","Ratnagiri","78.0"
"98","2007","7","Maharashtra","Ratnagiri","76.8"
"98","2008","7","Maharashtra","Ratnagiri","77.5"
"98","2009","7","Maharashtra","Ratnagiri","77.4"
"98","2010","7","Maharashtra","Ratnagiri","78.1"
"98","2011","7","Maharashtra","Ratnagiri","77.5"
"98","2012","7","Maharashtra","Ratnagiri","73.9"
"98","2013","7","Maharashtra","Ratnagiri","72.1"
"98","2014","7","Maharashtra","Ratnagiri","72.5"
"98","2015","7","Maharashtra","Ratnagiri","71.0"
"98","2016","7","Maharashtra","Ratnagiri","75.34"
"98","2017","7","Maharashtra","Ratnagiri","75.23"
"98","2018","7","Maharashtra","Ratnagiri","76.12"
"98","2019","7","Maharashtra","Ratnagiri","75.41"
"99","1990","7","Maharashtra","Nasik","39.5"
"99","1991","7","Maharashtra","Nasik","41.5"
"99","1992","7","Maharashtra","Nasik","41.8"
"99","1993","7","Maharashtra","Nasik","46.1"
"99","1994","7","Maharashtra","Nasik","44.7"
"99","1995","7","Maharashtra","Nasik","38.7"
"99","1996","7","Maharashtra","Nasik","42.0"
"99","1997","7","Maharashtra","Nasik","44.2"
"99","1998","7","Maharashtra","Nasik","45.6"
"99","1999","7","Maharashtra","Nasik","47.8"
"99","2000","7","Maharashtra","Nasik","45.6"
"99","2001","7","Maharashtra","Nasik","46.6"
"99","2002","7","Maharashtra","Nasik","49.1"
"99","2003","7","Maharashtra","Nasik","50.6"
"99","2004","7","Maharashtra","Nasik","50.8"
"99","2005","7","Maharashtra","Nasik","50.3"
"99","2006","7","Maharashtra","Nasik","49.0"
"99","2007","7","Maharashtra","Nasik","50.6"
"99","2008","7","Maharashtra","Nasik","51.2"
"99","2009","7","Maharashtra","Nasik","48.1"
"99","2010","7","Maharashtra","Nasik","59.1"
"99","2011","7","Maharashtra","Nasik","62.9"
"99","2012","7","Maharashtra","Nasik","67.9"
"99","2013","7","Maharashtra","Nasik","72.6"
"99","2014","7","Maharashtra","Nasik","71.2"
"99","2015","7","Maharashtra","Nasik","69.6"
"99","2016","7","Maharashtra","Nasik","71.9"
"99","2017","7","Maharashtra","Nasik","72.5"
"99","2018","7","Maharashtra","Nasik","74.05"
"99","2019","7","Maharashtra","Nasik","76.29"
"100","1990","7","Maharashtra","Dhule","27.2"
"100","1991","7","Maharashtra","Dhule","26.2"
"100","1992","7","Maharashtra","Dhule","26.5"
"100","1993","7","Maharashtra","Dhule","33.3"
"100","1994","7","Maharashtra","Dhule","30.8"
"100","1995","7","Maharashtra","Dhule","29.2"
"100","1996","7","Maharashtra","Dhule","28.5"
"100","1997","7","Maharashtra","Dhule","32.4"
"100","1998","7","Maharashtra","Dhule","10.3"
"100","1999","7","Maharashtra","Dhule","4.9"
"100","2000","7","Maharashtra","Dhule","4.9"
"100","2001","7","Maharashtra","Dhule","4.9"
"100","2002","7","Maharashtra","Dhule","5.2"
"100","2003","7","Maharashtra","Dhule","5.0"
"100","2004","7","Maharashtra","Dhule","5.1"
"100","2005","7","Maharashtra","Dhule","5.1"
"100","2006","7","Maharashtra","Dhule","5.1"
"100","2007","7","Maharashtra","Dhule","4.4"
"100","2008","7","Maharashtra","Dhule","5.4"
"100","2009","7","Maharashtra","Dhule","4.9"
"100","2010","7","Maharashtra","Dhule","5.0"
"100","2011","7","Maharashtra","Dhule","7.9"
"100","2012","7","Maharashtra","Dhule","7.7"
"100","2013","7","Maharashtra","Dhule","7.7"
"100","2014","7","Maharashtra","Dhule","0.1"
"100","2015","7","Maharashtra","Dhule","2.3"
"100","2016","7","Maharashtra","Dhule","6.4"
"100","2017","7","Maharashtra","Dhule","7.0"
"100","2018","7","Maharashtra","Dhule","6.87"
"100","2019","7","Maharashtra","Dhule","6.84"
"101","1990","7","Maharashtra","Jalgaon","5.7"
"101","1991","7","Maharashtra","Jalgaon","6.7"
"101","1992","7","Maharashtra","Jalgaon","1.7"
"101","1993","7","Maharashtra","Jalgaon","1.2"
"101","1994","7","Maharashtra","Jalgaon","1.1"
"101","1995","7","Maharashtra","Jalgaon","1.6"
"101","1996","7","Maharashtra","Jalgaon","1.7"
"101","1997","7","Maharashtra","Jalgaon","1.7"
"101","1998","7","Maharashtra","Jalgaon","1.8"
"101","1999","7","Maharashtra","Jalgaon","1.8"
"101","2000","7","Maharashtra","Jalgaon","1.7"
"101","2001","7","Maharashtra","Jalgaon","1.2"
"101","2002","7","Maharashtra","Jalgaon","0.9"
"101","2003","7","Maharashtra","Jalgaon","0.9"
"101","2004","7","Maharashtra","Jalgaon","0.4"
"101","2005","7","Maharashtra","Jalgaon","0.2"
"101","2006","7","Maharashtra","Jalgaon","0.1"
"101","2007","7","Maharashtra","Jalgaon","0.1"
"101","2008","7","Maharashtra","Jalgaon","0.0"
"101","2009","7","Maharashtra","Jalgaon","0.2"
"101","2010","7","Maharashtra","Jalgaon","0.0"
"101","2011","7","Maharashtra","Jalgaon","0.2"
"101","2012","7","Maharashtra","Jalgaon","0.03"
"101","2013","7","Maharashtra","Jalgaon","0.0"
"101","2014","7","Maharashtra","Jalgaon","0.0"
"101","2015","7","Maharashtra","Jalgaon","0.0"
"101","2016","7","Maharashtra","Jalgaon","0.0"
"101","2017","7","Maharashtra","Jalgaon","0.0"
"101","2018","7","Maharashtra","Jalgaon","0.0"
"101","2019","7","Maharashtra","Jalgaon","0.0"
"102","1990","7","Maharashtra","Ahmednagar","7.5"
"102","1991","7","Maharashtra","Ahmednagar","4.9"
"102","1992","7","Maharashtra","Ahmednagar","8.1"
"102","1993","7","Maharashtra","Ahmednagar","7.6"
"102","1994","7","Maharashtra","Ahmednagar","6.8"
"102","1995","7","Maharashtra","Ahmednagar","5.8"
"102","1996","7","Maharashtra","Ahmednagar","5.7"
"102","1997","7","Maharashtra","Ahmednagar","10.3"
"102","1998","7","Maharashtra","Ahmednagar","5.6"
"102","1999","7","Maharashtra","Ahmednagar","5.7"
"102","2000","7","Maharashtra","Ahmednagar","5.5"
"102","2001","7","Maharashtra","Ahmednagar","7.3"
"102","2002","7","Maharashtra","Ahmednagar","7.4"
"102","2003","7","Maharashtra","Ahmednagar","7.6"
"102","2004","7","Maharashtra","Ahmednagar","8.0"
"102","2005","7","Maharashtra","Ahmednagar","8.0"
"102","2006","7","Maharashtra","Ahmednagar","8.4"
"102","2007","7","Maharashtra","Ahmednagar","8.6"
"102","2008","7","Maharashtra","Ahmednagar","9.3"
"102","2009","7","Maharashtra","Ahmednagar","7.4"
"102","2010","7","Maharashtra","Ahmednagar","7.5"
"102","2011","7","Maharashtra","Ahmednagar","7.9"
"102","2012","7","Maharashtra","Ahmednagar","7.5"
"102","2013","7","Maharashtra","Ahmednagar","7.9"
"102","2014","7","Maharashtra","Ahmednagar","8.6"
"102","2015","7","Maharashtra","Ahmednagar","14.0"
"102","2016","7","Maharashtra","Ahmednagar","15.0"
"102","2017","7","Maharashtra","Ahmednagar","16.2"
"102","2018","7","Maharashtra","Ahmednagar","16.25"
"102","2019","7","Maharashtra","Ahmednagar","17.33"
"103","1990","7","Maharashtra","Pune","61.9"
"103","1991","7","Maharashtra","Pune","60.6"
"103","1992","7","Maharashtra","Pune","61.9"
"103","1993","7","Maharashtra","Pune","63.0"
"103","1994","7","Maharashtra","Pune","61.5"
"103","1995","7","Maharashtra","Pune","51.9"
"103","1996","7","Maharashtra","Pune","59.9"
"103","1997","7","Maharashtra","Pune","64.9"
"103","1998","7","Maharashtra","Pune","60.8"
"103","1999","7","Maharashtra","Pune","61.7"
"103","2000","7","Maharashtra","Pune","64.0"
"103","2001","7","Maharashtra","Pune","59.1"
"103","2002","7","Maharashtra","Pune","57.7"
"103","2003","7","Maharashtra","Pune","60.4"
"103","2004","7","Maharashtra","Pune","67.6"
"103","2005","7","Maharashtra","Pune","64.5"
"103","2006","7","Maharashtra","Pune","63.9"
"103","2007","7","Maharashtra","Pune","62.8"
"103","2008","7","Maharashtra","Pune","61.2"
"103","2009","7","Maharashtra","Pune","62.6"
"103","2010","7","Maharashtra","Pune","60.9"
"103","2011","7","Maharashtra","Pune","62.0"
"103","2012","7","Maharashtra","Pune","77.6"
"103","2013","7","Maharashtra","Pune","82.1"
"103","2014","7","Maharashtra","Pune","82.1"
"103","2015","7","Maharashtra","Pune","54.6"
"103","2016","7","Maharashtra","Pune","53.5"
"103","2017","7","Maharashtra","Pune","52.0"
"103","2018","7","Maharashtra","Pune","57.97"
"103","2019","7","Maharashtra","Pune","59.51"
"104","1990","7","Maharashtra","Satara","39.9"
"104","1991","7","Maharashtra","Satara","39.6"
"104","1992","7","Maharashtra","Satara","44.1"
"104","1993","7","Maharashtra","Satara","40.6"
"104","1994","7","Maharashtra","Satara","36.9"
"104","1995","7","Maharashtra","Satara","36.5"
"104","1996","7","Maharashtra","Satara","39.4"
"104","1997","7","Maharashtra","Satara","37.1"
"104","1998","7","Maharashtra","Satara","41.5"
"104","1999","7","Maharashtra","Satara","44.0"
"104","2000","7","Maharashtra","Satara","43.9"
"104","2001","7","Maharashtra","Satara","44.6"
"104","2002","7","Maharashtra","Satara","45.4"
"104","2003","7","Maharashtra","Satara","44.2"
"104","2004","7","Maharashtra","Satara","44.1"
"104","2005","7","Maharashtra","Satara","43.6"
"104","2006","7","Maharashtra","Satara","45.0"
"104","2007","7","Maharashtra","Satara","49.6"
"104","2008","7","Maharashtra","Satara","49.7"
"104","2009","7","Maharashtra","Satara","50.6"
"104","2010","7","Maharashtra","Satara","50.8"
"104","2011","7","Maharashtra","Satara","50.5"
"104","2012","7","Maharashtra","Satara","51.0"
"104","2013","7","Maharashtra","Satara","50.4"
"104","2014","7","Maharashtra","Satara","52.9"
"104","2015","7","Maharashtra","Satara","52.7"
"104","2016","7","Maharashtra","Satara","47.0"
"104","2017","7","Maharashtra","Satara","45.8"
"104","2018","7","Maharashtra","Satara","47.03"
"104","2019","7","Maharashtra","Satara","49.64"
"105","1990","7","Maharashtra","Sangli","17.2"
"105","1991","7","Maharashtra","Sangli","15.8"
"105","1992","7","Maharashtra","Sangli","17.6"
"105","1993","7","Maharashtra","Sangli","15.0"
"105","1994","7","Maharashtra","Sangli","15.6"
"105","1995","7","Maharashtra","Sangli","14.6"
"105","1996","7","Maharashtra","Sangli","14.8"
"105","1997","7","Maharashtra","Sangli","15.5"
"105","1998","7","Maharashtra","Sangli","16.3"
"105","1999","7","Maharashtra","Sangli","17.9"
"105","2000","7","Maharashtra","Sangli","18.6"
"105","2001","7","Maharashtra","Sangli","17.7"
"105","2002","7","Maharashtra","Sangli","18.5"
"105","2003","7","Maharashtra","Sangli","15.6"
"105","2004","7","Maharashtra","Sangli","17.7"
"105","2005","7","Maharashtra","Sangli","18.1"
"105","2006","7","Maharashtra","Sangli","18.1"
"105","2007","7","Maharashtra","Sangli","18.7"
"105","2008","7","Maharashtra","Sangli","18.7"
"105","2009","7","Maharashtra","Sangli","18.7"
"105","2010","7","Maharashtra","Sangli","20.2"
"105","2011","7","Maharashtra","Sangli","18.1"
"105","2012","7","Maharashtra","Sangli","17.5"
"105","2013","7","Maharashtra","Sangli","14.5"
"105","2014","7","Maharashtra","Sangli","15.5"
"105","2015","7","Maharashtra","Sangli","22.6"
"105","2016","7","Maharashtra","Sangli","16.8"
"105","2017","7","Maharashtra","Sangli","17.0"
"105","2018","7","Maharashtra","Sangli","15.42"
"105","2019","7","Maharashtra","Sangli","15.47"
"106","1990","7","Maharashtra","Solapur","4.0"
"106","1991","7","Maharashtra","Solapur","4.5"
"106","1992","7","Maharashtra","Solapur","4.8"
"106","1993","7","Maharashtra","Solapur","3.0"
"106","1994","7","Maharashtra","Solapur","2.7"
"106","1995","7","Maharashtra","Solapur","2.0"
"106","1996","7","Maharashtra","Solapur","2.3"
"106","1997","7","Maharashtra","Solapur","2.2"
"106","1998","7","Maharashtra","Solapur","2.9"
"106","1999","7","Maharashtra","Solapur","3.2"
"106","2000","7","Maharashtra","Solapur","3.0"
"106","2001","7","Maharashtra","Solapur","0.6"
"106","2002","7","Maharashtra","Solapur","0.5"
"106","2003","7","Maharashtra","Solapur","0.2"
"106","2004","7","Maharashtra","Solapur","0.4"
"106","2005","7","Maharashtra","Solapur","0.4"
"106","2006","7","Maharashtra","Solapur","0.4"
"106","2007","7","Maharashtra","Solapur","0.3"
"106","2008","7","Maharashtra","Solapur","0.1"
"106","2009","7","Maharashtra","Solapur","0.1"
"106","2010","7","Maharashtra","Solapur","0.7"
"106","2011","7","Maharashtra","Solapur","0.7"
"106","2012","7","Maharashtra","Solapur","0.4"
"106","2013","7","Maharashtra","Solapur","0.4"
"106","2014","7","Maharashtra","Solapur","0.4"
"106","2015","7","Maharashtra","Solapur","0.2"
"106","2016","7","Maharashtra","Solapur","0.2"
"106","2017","7","Maharashtra","Solapur","0.6"
"106","2018","7","Maharashtra","Solapur","1.92"
"106","2019","7","Maharashtra","Solapur","1.19"
"107","1990","7","Maharashtra","Kolhapur","103.1"
"107","1991","7","Maharashtra","Kolhapur","101.9"
"107","1992","7","Maharashtra","Kolhapur","102.3"
"107","1993","7","Maharashtra","Kolhapur","101.6"
"107","1994","7","Maharashtra","Kolhapur","102.6"
"107","1995","7","Maharashtra","Kolhapur","102.3"
"107","1996","7","Maharashtra","Kolhapur","103.3"
"107","1997","7","Maharashtra","Kolhapur","110.1"
"107","1998","7","Maharashtra","Kolhapur","106.3"
"107","1999","7","Maharashtra","Kolhapur","103.5"
"107","2000","7","Maharashtra","Kolhapur","106.7"
"107","2001","7","Maharashtra","Kolhapur","106.3"
"107","2002","7","Maharashtra","Kolhapur","106.1"
"107","2003","7","Maharashtra","Kolhapur","106.9"
"107","2004","7","Maharashtra","Kolhapur","111.1"
"107","2005","7","Maharashtra","Kolhapur","108.9"
"107","2006","7","Maharashtra","Kolhapur","110.4"
"107","2007","7","Maharashtra","Kolhapur","112.5"
"107","2008","7","Maharashtra","Kolhapur","114.4"
"107","2009","7","Maharashtra","Kolhapur","113.3"
"107","2010","7","Maharashtra","Kolhapur","112.0"
"107","2011","7","Maharashtra","Kolhapur","104.9"
"107","2012","7","Maharashtra","Kolhapur","108.5"
"107","2013","7","Maharashtra","Kolhapur","109.6"
"107","2014","7","Maharashtra","Kolhapur","111.8"
"107","2015","7","Maharashtra","Kolhapur","112.4"
"107","2016","7","Maharashtra","Kolhapur","114.2"
"107","2017","7","Maharashtra","Kolhapur","109.46"
"107","2018","7","Maharashtra","Kolhapur","106.9"
"107","2019","7","Maharashtra","Kolhapur","111.8"
"108","1990","7","Maharashtra","Aurangabad","2.5"
"108","1991","7","Maharashtra","Aurangabad","2.2"
"108","1992","7","Maharashtra","Aurangabad","1.5"
"108","1993","7","Maharashtra","Aurangabad","1.5"
"108","1994","7","Maharashtra","Aurangabad","1.8"
"108","1995","7","Maharashtra","Aurangabad","1.2"
"108","1996","7","Maharashtra","Aurangabad","1.6"
"108","1997","7","Maharashtra","Aurangabad","1.5"
"108","1998","7","Maharashtra","Aurangabad","1.2"
"108","1999","7","Maharashtra","Aurangabad","0.9"
"108","2000","7","Maharashtra","Aurangabad","0.6"
"108","2001","7","Maharashtra","Aurangabad","0.5"
"108","2002","7","Maharashtra","Aurangabad","0.6"
"108","2003","7","Maharashtra","Aurangabad","0.6"
"108","2004","7","Maharashtra","Aurangabad","0.3"
"108","2005","7","Maharashtra","Aurangabad","0.1"
"108","2006","7","Maharashtra","Aurangabad","0.1"
"108","2007","7","Maharashtra","Aurangabad","0.0"
"108","2008","7","Maharashtra","Aurangabad","0.0"
"108","2009","7","Maharashtra","Aurangabad","0.0"
"108","2010","7","Maharashtra","Aurangabad","0.01"
"108","2011","7","Maharashtra","Aurangabad","0.0"
"108","2012","7","Maharashtra","Aurangabad","0.0"
"108","2013","7","Maharashtra","Aurangabad","0.0"
"108","2014","7","Maharashtra","Aurangabad","0.0"
"108","2015","7","Maharashtra","Aurangabad","0.0"
"108","2016","7","Maharashtra","Aurangabad","6.5"
"108","2017","7","Maharashtra","Aurangabad","0.0"
"108","2018","7","Maharashtra","Aurangabad","0.0"
"108","2019","7","Maharashtra","Aurangabad","0.01"
"109","1990","7","Maharashtra","Parbhani","26.1"
"109","1991","7","Maharashtra","Parbhani","25.3"
"109","1992","7","Maharashtra","Parbhani","22.5"
"109","1993","7","Maharashtra","Parbhani","23.3"
"109","1994","7","Maharashtra","Parbhani","25.1"
"109","1995","7","Maharashtra","Parbhani","25.5"
"109","1996","7","Maharashtra","Parbhani","23.8"
"109","1997","7","Maharashtra","Parbhani","15.2"
"109","1998","7","Maharashtra","Parbhani","22.9"
"109","1999","7","Maharashtra","Parbhani","9.1"
"109","2000","7","Maharashtra","Parbhani","9.6"
"109","2001","7","Maharashtra","Parbhani","9.6"
"109","2002","7","Maharashtra","Parbhani","9.4"
"109","2003","7","Maharashtra","Parbhani","9.6"
"109","2004","7","Maharashtra","Parbhani","9.9"
"109","2005","7","Maharashtra","Parbhani","7.0"
"109","2006","7","Maharashtra","Parbhani","7.8"
"109","2007","7","Maharashtra","Parbhani","7.2"
"109","2008","7","Maharashtra","Parbhani","5.8"
"109","2009","7","Maharashtra","Parbhani","3.1"
"109","2010","7","Maharashtra","Parbhani","4.0"
"109","2011","7","Maharashtra","Parbhani","1.7"
"109","2012","7","Maharashtra","Parbhani","1.4"
"109","2013","7","Maharashtra","Parbhani","0.7"
"109","2014","7","Maharashtra","Parbhani","0.3"
"109","2015","7","Maharashtra","Parbhani","0.0"
"109","2016","7","Maharashtra","Parbhani","0.02"
"109","2017","7","Maharashtra","Parbhani","0.0"
"109","2018","7","Maharashtra","Parbhani","0.01"
"109","2019","7","Maharashtra","Parbhani","0.01"
"110","1990","7","Maharashtra","Bid","8.0"
"110","1991","7","Maharashtra","Bid","8.3"
"110","1992","7","Maharashtra","Bid","6.1"
"110","1993","7","Maharashtra","Bid","5.6"
"110","1994","7","Maharashtra","Bid","5.4"
"110","1995","7","Maharashtra","Bid","4.7"
"110","1996","7","Maharashtra","Bid","4.6"
"110","1997","7","Maharashtra","Bid","5.2"
"110","1998","7","Maharashtra","Bid","3.5"
"110","1999","7","Maharashtra","Bid","3.8"
"110","2000","7","Maharashtra","Bid","3.4"
"110","2001","7","Maharashtra","Bid","2.4"
"110","2002","7","Maharashtra","Bid","2.4"
"110","2003","7","Maharashtra","Bid","2.5"
"110","2004","7","Maharashtra","Bid","2.3"
"110","2005","7","Maharashtra","Bid","2.2"
"110","2006","7","Maharashtra","Bid","2.0"
"110","2007","7","Maharashtra","Bid","1.5"
"110","2008","7","Maharashtra","Bid","1.0"
"110","2009","7","Maharashtra","Bid","0.6"
"110","2010","7","Maharashtra","Bid","0.8"
"110","2011","7","Maharashtra","Bid","0.6"
"110","2012","7","Maharashtra","Bid","0.6"
"110","2013","7","Maharashtra","Bid","0.5"
"110","2014","7","Maharashtra","Bid","0.4"
"110","2015","7","Maharashtra","Bid","0.3"
"110","2016","7","Maharashtra","Bid","0.1"
"110","2017","7","Maharashtra","Bid","0.07"
"110","2018","7","Maharashtra","Bid","0.03"
"110","2019","7","Maharashtra","Bid","0.02"
"111","1990","7","Maharashtra","Nanded","29.9"
"111","1991","7","Maharashtra","Nanded","34.2"
"111","1992","7","Maharashtra","Nanded","31.6"
"111","1993","7","Maharashtra","Nanded","31.3"
"111","1994","7","Maharashtra","Nanded","31.5"
"111","1995","7","Maharashtra","Nanded","31.4"
"111","1996","7","Maharashtra","Nanded","28.2"
"111","1997","7","Maharashtra","Nanded","34.5"
"111","1998","7","Maharashtra","Nanded","25.3"
"111","1999","7","Maharashtra","Nanded","26.1"
"111","2000","7","Maharashtra","Nanded","26.7"
"111","2001","7","Maharashtra","Nanded","23.9"
"111","2002","7","Maharashtra","Nanded","24.1"
"111","2003","7","Maharashtra","Nanded","23.3"
"111","2004","7","Maharashtra","Nanded","16.4"
"111","2005","7","Maharashtra","Nanded","15.6"
"111","2006","7","Maharashtra","Nanded","15.6"
"111","2007","7","Maharashtra","Nanded","14.5"
"111","2008","7","Maharashtra","Nanded","8.0"
"111","2009","7","Maharashtra","Nanded","5.6"
"111","2010","7","Maharashtra","Nanded","5.2"
"111","2011","7","Maharashtra","Nanded","4.0"
"111","2012","7","Maharashtra","Nanded","4.0"
"111","2013","7","Maharashtra","Nanded","0.8"
"111","2014","7","Maharashtra","Nanded","0.8"
"111","2015","7","Maharashtra","Nanded","0.4"
"111","2016","7","Maharashtra","Nanded","0.7"
"111","2017","7","Maharashtra","Nanded","0.81"
"111","2018","7","Maharashtra","Nanded","0.84"
"111","2019","7","Maharashtra","Nanded","0.86"
"112","1990","7","Maharashtra","Osmanabad","15.5"
"112","1991","7","Maharashtra","Osmanabad","15.2"
"112","1992","7","Maharashtra","Osmanabad","12.6"
"112","1993","7","Maharashtra","Osmanabad","11.4"
"112","1994","7","Maharashtra","Osmanabad","11.2"
"112","1995","7","Maharashtra","Osmanabad","11.1"
"112","1996","7","Maharashtra","Osmanabad","15.0"
"112","1997","7","Maharashtra","Osmanabad","14.9"
"112","1998","7","Maharashtra","Osmanabad","14.8"
"112","1999","7","Maharashtra","Osmanabad","15.2"
"112","2000","7","Maharashtra","Osmanabad","17.2"
"112","2001","7","Maharashtra","Osmanabad","15.8"
"112","2002","7","Maharashtra","Osmanabad","16.7"
"112","2003","7","Maharashtra","Osmanabad","18.0"
"112","2004","7","Maharashtra","Osmanabad","18.5"
"112","2005","7","Maharashtra","Osmanabad","17.0"
"112","2006","7","Maharashtra","Osmanabad","17.5"
"112","2007","7","Maharashtra","Osmanabad","16.6"
"112","2008","7","Maharashtra","Osmanabad","5.0"
"112","2009","7","Maharashtra","Osmanabad","6.1"
"112","2010","7","Maharashtra","Osmanabad","11.2"
"112","2011","7","Maharashtra","Osmanabad","10.7"
"112","2012","7","Maharashtra","Osmanabad","11.5"
"112","2013","7","Maharashtra","Osmanabad","13.1"
"112","2014","7","Maharashtra","Osmanabad","13.1"
"112","2015","7","Maharashtra","Osmanabad","6.2"
"112","2016","7","Maharashtra","Osmanabad","6.3"
"112","2017","7","Maharashtra","Osmanabad","7.5"
"112","2018","7","Maharashtra","Osmanabad","0.0"
"112","2019","7","Maharashtra","Osmanabad","1.22"
"113","1990","7","Maharashtra","Buldhana","3.5"
"113","1991","7","Maharashtra","Buldhana","3.5"
"113","1992","7","Maharashtra","Buldhana","3.3"
"113","1993","7","Maharashtra","Buldhana","2.7"
"113","1994","7","Maharashtra","Buldhana","1.3"
"113","1995","7","Maharashtra","Buldhana","1.1"
"113","1996","7","Maharashtra","Buldhana","1.0"
"113","1997","7","Maharashtra","Buldhana","0.7"
"113","1998","7","Maharashtra","Buldhana","0.5"
"113","1999","7","Maharashtra","Buldhana","0.2"
"113","2000","7","Maharashtra","Buldhana","0.2"
"113","2001","7","Maharashtra","Buldhana","0.2"
"113","2002","7","Maharashtra","Buldhana","0.1"
"113","2003","7","Maharashtra","Buldhana","0.0"
"113","2004","7","Maharashtra","Buldhana","0.0"
"113","2005","7","Maharashtra","Buldhana","0.0"
"113","2006","7","Maharashtra","Buldhana","0.0"
"113","2007","7","Maharashtra","Buldhana","0.0"
"113","2008","7","Maharashtra","Buldhana","0.0"
"113","2009","7","Maharashtra","Buldhana","0.0"
"113","2010","7","Maharashtra","Buldhana","0.0"
"113","2011","7","Maharashtra","Buldhana","0.0"
"113","2012","7","Maharashtra","Buldhana","0.0"
"113","2013","7","Maharashtra","Buldhana","0.0"
"113","2014","7","Maharashtra","Buldhana","0.0"
"113","2015","7","Maharashtra","Buldhana","0.0"
"113","2016","7","Maharashtra","Buldhana","0.01"
"113","2017","7","Maharashtra","Buldhana","0.0"
"113","2018","7","Maharashtra","Buldhana","0.0"
"113","2019","7","Maharashtra","Buldhana","0.0"
"114","1990","7","Maharashtra","Akola","7.0"
"114","1991","7","Maharashtra","Akola","6.6"
"114","1992","7","Maharashtra","Akola","5.4"
"114","1993","7","Maharashtra","Akola","6.3"
"114","1994","7","Maharashtra","Akola","6.8"
"114","1995","7","Maharashtra","Akola","4.9"
"114","1996","7","Maharashtra","Akola","3.3"
"114","1997","7","Maharashtra","Akola","3.3"
"114","1998","7","Maharashtra","Akola","3.0"
"114","1999","7","Maharashtra","Akola","0.0"
"114","2000","7","Maharashtra","Akola","0.0"
"114","2001","7","Maharashtra","Akola","0.0"
"114","2002","7","Maharashtra","Akola","0.0"
"114","2003","7","Maharashtra","Akola","0.0"
"114","2004","7","Maharashtra","Akola","0.0"
"114","2005","7","Maharashtra","Akola","0.0"
"114","2006","7","Maharashtra","Akola","0.0"
"114","2007","7","Maharashtra","Akola","0.0"
"114","2008","7","Maharashtra","Akola","0.0"
"114","2009","7","Maharashtra","Akola","0.0"
"114","2010","7","Maharashtra","Akola","0.0"
"114","2011","7","Maharashtra","Akola","0.0"
"114","2012","7","Maharashtra","Akola","0.0"
"114","2013","7","Maharashtra","Akola","0.0"
"114","2014","7","Maharashtra","Akola","0.0"
"114","2015","7","Maharashtra","Akola","0.0"
"114","2016","7","Maharashtra","Akola","0.0"
"114","2017","7","Maharashtra","Akola","0.0"
"114","2018","7","Maharashtra","Akola","0.0"
"114","2019","7","Maharashtra","Akola","0.0"
"115","1990","7","Maharashtra","Amarawati","14.3"
"115","1991","7","Maharashtra","Amarawati","13.9"
"115","1992","7","Maharashtra","Amarawati","12.7"
"115","1993","7","Maharashtra","Amarawati","11.1"
"115","1994","7","Maharashtra","Amarawati","8.2"
"115","1995","7","Maharashtra","Amarawati","9.9"
"115","1996","7","Maharashtra","Amarawati","10.4"
"115","1997","7","Maharashtra","Amarawati","9.0"
"115","1998","7","Maharashtra","Amarawati","8.7"
"115","1999","7","Maharashtra","Amarawati","8.8"
"115","2000","7","Maharashtra","Amarawati","8.9"
"115","2001","7","Maharashtra","Amarawati","10.3"
"115","2002","7","Maharashtra","Amarawati","11.0"
"115","2003","7","Maharashtra","Amarawati","10.2"
"115","2004","7","Maharashtra","Amarawati","9.6"
"115","2005","7","Maharashtra","Amarawati","10.2"
"115","2006","7","Maharashtra","Amarawati","8.5"
"115","2007","7","Maharashtra","Amarawati","6.3"
"115","2008","7","Maharashtra","Amarawati","4.5"
"115","2009","7","Maharashtra","Amarawati","4.3"
"115","2010","7","Maharashtra","Amarawati","3.8"
"115","2011","7","Maharashtra","Amarawati","4.1"
"115","2012","7","Maharashtra","Amarawati","3.8"
"115","2013","7","Maharashtra","Amarawati","4.7"
"115","2014","7","Maharashtra","Amarawati","5.3"
"115","2015","7","Maharashtra","Amarawati","5.6"
"115","2016","7","Maharashtra","Amarawati","6.9"
"115","2017","7","Maharashtra","Amarawati","8.9"
"115","2018","7","Maharashtra","Amarawati","7.26"
"115","2019","7","Maharashtra","Amarawati","6.17"
"116","1990","7","Maharashtra","Yeotmal","8.8"
"116","1991","7","Maharashtra","Yeotmal","8.2"
"116","1992","7","Maharashtra","Yeotmal","6.2"
"116","1993","7","Maharashtra","Yeotmal","6.7"
"116","1994","7","Maharashtra","Yeotmal","5.3"
"116","1995","7","Maharashtra","Yeotmal","5.0"
"116","1996","7","Maharashtra","Yeotmal","5.7"
"116","1997","7","Maharashtra","Yeotmal","6.2"
"116","1998","7","Maharashtra","Yeotmal","5.4"
"116","1999","7","Maharashtra","Yeotmal","5.3"
"116","2000","7","Maharashtra","Yeotmal","5.2"
"116","2001","7","Maharashtra","Yeotmal","4.8"
"116","2002","7","Maharashtra","Yeotmal","3.7"
"116","2003","7","Maharashtra","Yeotmal","3.3"
"116","2004","7","Maharashtra","Yeotmal","2.4"
"116","2005","7","Maharashtra","Yeotmal","1.8"
"116","2006","7","Maharashtra","Yeotmal","0.6"
"116","2007","7","Maharashtra","Yeotmal","0.6"
"116","2008","7","Maharashtra","Yeotmal","0.5"
"116","2009","7","Maharashtra","Yeotmal","0.2"
"116","2010","7","Maharashtra","Yeotmal","0.0"
"116","2011","7","Maharashtra","Yeotmal","0.1"
"116","2012","7","Maharashtra","Yeotmal","0.1"
"116","2013","7","Maharashtra","Yeotmal","0.1"
"116","2014","7","Maharashtra","Yeotmal","0.0"
"116","2015","7","Maharashtra","Yeotmal","0.0"
"116","2016","7","Maharashtra","Yeotmal","0.0"
"116","2017","7","Maharashtra","Yeotmal","0.0"
"116","2018","7","Maharashtra","Yeotmal","0.0"
"116","2019","7","Maharashtra","Yeotmal","0.0"
"117","1990","7","Maharashtra","Wardha","3.9"
"117","1991","7","Maharashtra","Wardha","3.5"
"117","1992","7","Maharashtra","Wardha","3.3"
"117","1993","7","Maharashtra","Wardha","2.1"
"117","1994","7","Maharashtra","Wardha","1.7"
"117","1995","7","Maharashtra","Wardha","1.4"
"117","1996","7","Maharashtra","Wardha","1.3"
"117","1997","7","Maharashtra","Wardha","0.8"
"117","1998","7","Maharashtra","Wardha","0.5"
"117","1999","7","Maharashtra","Wardha","0.5"
"117","2000","7","Maharashtra","Wardha","0.6"
"117","2001","7","Maharashtra","Wardha","0.5"
"117","2002","7","Maharashtra","Wardha","0.5"
"117","2003","7","Maharashtra","Wardha","0.3"
"117","2004","7","Maharashtra","Wardha","0.2"
"117","2005","7","Maharashtra","Wardha","0.2"
"117","2006","7","Maharashtra","Wardha","0.1"
"117","2007","7","Maharashtra","Wardha","0.1"
"117","2008","7","Maharashtra","Wardha","0.0"
"117","2009","7","Maharashtra","Wardha","0.0"
"117","2010","7","Maharashtra","Wardha","0.0"
"117","2011","7","Maharashtra","Wardha","0.0"
"117","2012","7","Maharashtra","Wardha","0.0"
"117","2013","7","Maharashtra","Wardha","0.0"
"117","2014","7","Maharashtra","Wardha","0.0"
"117","2015","7","Maharashtra","Wardha","0.0"
"117","2016","7","Maharashtra","Wardha","0.0"
"117","2017","7","Maharashtra","Wardha","0.0"
"117","2018","7","Maharashtra","Wardha","0.0"
"117","2019","7","Maharashtra","Wardha","0.0"
"118","1990","7","Maharashtra","Nagpur","38.1"
"118","1991","7","Maharashtra","Nagpur","39.1"
"118","1992","7","Maharashtra","Nagpur","38.3"
"118","1993","7","Maharashtra","Nagpur","36.8"
"118","1994","7","Maharashtra","Nagpur","37.1"
"118","1995","7","Maharashtra","Nagpur","38.6"
"118","1996","7","Maharashtra","Nagpur","34.5"
"118","1997","7","Maharashtra","Nagpur","53.5"
"118","1998","7","Maharashtra","Nagpur","29.2"
"118","1999","7","Maharashtra","Nagpur","37.7"
"118","2000","7","Maharashtra","Nagpur","37.7"
"118","2001","7","Maharashtra","Nagpur","42.7"
"118","2002","7","Maharashtra","Nagpur","43.5"
"118","2003","7","Maharashtra","Nagpur","44.9"
"118","2004","7","Maharashtra","Nagpur","43.3"
"118","2005","7","Maharashtra","Nagpur","45.8"
"118","2006","7","Maharashtra","Nagpur","46.8"
"118","2007","7","Maharashtra","Nagpur","49.7"
"118","2008","7","Maharashtra","Nagpur","57.5"
"118","2009","7","Maharashtra","Nagpur","70.9"
"118","2010","7","Maharashtra","Nagpur","71.5"
"118","2011","7","Maharashtra","Nagpur","77.5"
"118","2012","7","Maharashtra","Nagpur","67.1"
"118","2013","7","Maharashtra","Nagpur","77.8"
"118","2014","7","Maharashtra","Nagpur","78.8"
"118","2015","7","Maharashtra","Nagpur","88.7"
"118","2016","7","Maharashtra","Nagpur","87.7"
"118","2017","7","Maharashtra","Nagpur","97.28"
"118","2018","7","Maharashtra","Nagpur","98.21"
"118","2019","7","Maharashtra","Nagpur","99.53"
"119","1990","7","Maharashtra","Bhandara","342.0"
"119","1991","7","Maharashtra","Bhandara","331.9"
"119","1992","7","Maharashtra","Bhandara","328.2"
"119","1993","7","Maharashtra","Bhandara","337.0"
"119","1994","7","Maharashtra","Bhandara","323.6"
"119","1995","7","Maharashtra","Bhandara","330.3"
"119","1996","7","Maharashtra","Bhandara","283.0"
"119","1997","7","Maharashtra","Bhandara","286.7"
"119","1998","7","Maharashtra","Bhandara","324.9"
"119","1999","7","Maharashtra","Bhandara","146.5"
"119","2000","7","Maharashtra","Bhandara","142.3"
"119","2001","7","Maharashtra","Bhandara","146.4"
"119","2002","7","Maharashtra","Bhandara","171.9"
"119","2003","7","Maharashtra","Bhandara","173.3"
"119","2004","7","Maharashtra","Bhandara","165.9"
"119","2005","7","Maharashtra","Bhandara","173.0"
"119","2006","7","Maharashtra","Bhandara","180.4"
"119","2007","7","Maharashtra","Bhandara","182.1"
"119","2008","7","Maharashtra","Bhandara","177.0"
"119","2009","7","Maharashtra","Bhandara","178.6"
"119","2010","7","Maharashtra","Bhandara","189.4"
"119","2011","7","Maharashtra","Bhandara","185.3"
"119","2012","7","Maharashtra","Bhandara","184.3"
"119","2013","7","Maharashtra","Bhandara","194.6"
"119","2014","7","Maharashtra","Bhandara","196.2"
"119","2015","7","Maharashtra","Bhandara","187.9"
"119","2016","7","Maharashtra","Bhandara","182.4"
"119","2017","7","Maharashtra","Bhandara","172.88"
"119","2018","7","Maharashtra","Bhandara","175.79"
"119","2019","7","Maharashtra","Bhandara","190.56"
"120","1990","7","Maharashtra","Chandrapur","160.3"
"120","1991","7","Maharashtra","Chandrapur","153.5"
"120","1992","7","Maharashtra","Chandrapur","156.8"
"120","1993","7","Maharashtra","Chandrapur","156.3"
"120","1994","7","Maharashtra","Chandrapur","151.4"
"120","1995","7","Maharashtra","Chandrapur","153.4"
"120","1996","7","Maharashtra","Chandrapur","151.2"
"120","1997","7","Maharashtra","Chandrapur","138.7"
"120","1998","7","Maharashtra","Chandrapur","135.2"
"120","1999","7","Maharashtra","Chandrapur","143.7"
"120","2000","7","Maharashtra","Chandrapur","146.3"
"120","2001","7","Maharashtra","Chandrapur","153.2"
"120","2002","7","Maharashtra","Chandrapur","142.5"
"120","2003","7","Maharashtra","Chandrapur","143.4"
"120","2004","7","Maharashtra","Chandrapur","143.0"
"120","2005","7","Maharashtra","Chandrapur","133.7"
"120","2006","7","Maharashtra","Chandrapur","139.2"
"120","2007","7","Maharashtra","Chandrapur","163.6"
"120","2008","7","Maharashtra","Chandrapur","158.7"
"120","2009","7","Maharashtra","Chandrapur","114.1"
"120","2010","7","Maharashtra","Chandrapur","116.2"
"120","2011","7","Maharashtra","Chandrapur","159.9"
"120","2012","7","Maharashtra","Chandrapur","160.8"
"120","2013","7","Maharashtra","Chandrapur","163.4"
"120","2014","7","Maharashtra","Chandrapur","145.8"
"120","2015","7","Maharashtra","Chandrapur","139.7"
"120","2016","7","Maharashtra","Chandrapur","143.1"
"120","2017","7","Maharashtra","Chandrapur","132.59"
"120","2018","7","Maharashtra","Chandrapur","134.97"
"120","2019","7","Maharashtra","Chandrapur","143.81"
"165","1990","9","Punjab","Gurdaspur","173.0"
"165","1991","9","Punjab","Gurdaspur","175.0"
"165","1992","9","Punjab","Gurdaspur","182.0"
"165","1993","9","Punjab","Gurdaspur","185.0"
"165","1994","9","Punjab","Gurdaspur","190.0"
"165","1995","9","Punjab","Gurdaspur","191.0"
"165","1996","9","Punjab","Gurdaspur","186.0"
"165","1997","9","Punjab","Gurdaspur","182.0"
"165","1998","9","Punjab","Gurdaspur","187.0"
"165","1999","9","Punjab","Gurdaspur","198.0"
"165","2000","9","Punjab","Gurdaspur","191.0"
"165","2001","9","Punjab","Gurdaspur","194.0"
"165","2002","9","Punjab","Gurdaspur","189.0"
"165","2003","9","Punjab","Gurdaspur","193.0"
"165","2004","9","Punjab","Gurdaspur","202.0"
"165","2005","9","Punjab","Gurdaspur","190.0"
"165","2006","9","Punjab","Gurdaspur","201.0"
"165","2007","9","Punjab","Gurdaspur","191.0"
"165","2008","9","Punjab","Gurdaspur","201.0"
"165","2009","9","Punjab","Gurdaspur","204.0"
"165","2010","9","Punjab","Gurdaspur","204.0"
"165","2011","9","Punjab","Gurdaspur","174.39"
"165","2012","9","Punjab","Gurdaspur","174.0"
"165","2013","9","Punjab","Gurdaspur","173.0"
"165","2014","9","Punjab","Gurdaspur","173.0"
"165","2015","9","Punjab","Gurdaspur","175.0"
"165","2016","9","Punjab","Gurdaspur","175.0"
"165","2017","9","Punjab","Gurdaspur","176.0"
"165","2018","9","Punjab","Gurdaspur","172.0"
"165","2019","9","Punjab","Gurdaspur","174.0"
"166","1990","9","Punjab","Amritsar","279.0"
"166","1991","9","Punjab","Amritsar","284.0"
"166","1992","9","Punjab","Amritsar","287.0"
"166","1993","9","Punjab","Amritsar","289.0"
"166","1994","9","Punjab","Amritsar","298.0"
"166","1995","9","Punjab","Amritsar","304.0"
"166","1996","9","Punjab","Amritsar","289.0"
"166","1997","9","Punjab","Amritsar","292.0"
"166","1998","9","Punjab","Amritsar","305.0"
"166","1999","9","Punjab","Amritsar","318.0"
"166","2000","9","Punjab","Amritsar","319.0"
"166","2001","9","Punjab","Amritsar","319.0"
"166","2002","9","Punjab","Amritsar","311.0"
"166","2003","9","Punjab","Amritsar","326.0"
"166","2004","9","Punjab","Amritsar","334.0"
"166","2005","9","Punjab","Amritsar","179.0"
"166","2006","9","Punjab","Amritsar","178.0"
"166","2007","9","Punjab","Amritsar","178.0"
"166","2008","9","Punjab","Amritsar","183.0"
"166","2009","9","Punjab","Amritsar","185.0"
"166","2010","9","Punjab","Amritsar","186.0"
"166","2011","9","Punjab","Amritsar","184.0"
"166","2012","9","Punjab","Amritsar","185.0"
"166","2013","9","Punjab","Amritsar","182.0"
"166","2014","9","Punjab","Amritsar","182.0"
"166","2015","9","Punjab","Amritsar","181.0"
"166","2016","9","Punjab","Amritsar","180.0"
"166","2017","9","Punjab","Amritsar","180.0"
"166","2018","9","Punjab","Amritsar","180.0"
"166","2019","9","Punjab","Amritsar","181.0"
"167","1990","9","Punjab","Kapurthala","97.0"
"167","1991","9","Punjab","Kapurthala","97.0"
"167","1992","9","Punjab","Kapurthala","97.0"
"167","1993","9","Punjab","Kapurthala","102.0"
"167","1994","9","Punjab","Kapurthala","101.0"
"167","1995","9","Punjab","Kapurthala","102.0"
"167","1996","9","Punjab","Kapurthala","95.0"
"167","1997","9","Punjab","Kapurthala","100.0"
"167","1998","9","Punjab","Kapurthala","99.0"
"167","1999","9","Punjab","Kapurthala","100.0"
"167","2000","9","Punjab","Kapurthala","103.0"
"167","2001","9","Punjab","Kapurthala","105.0"
"167","2002","9","Punjab","Kapurthala","102.0"
"167","2003","9","Punjab","Kapurthala","104.0"
"167","2004","9","Punjab","Kapurthala","105.0"
"167","2005","9","Punjab","Kapurthala","108.0"
"167","2006","9","Punjab","Kapurthala","110.0"
"167","2007","9","Punjab","Kapurthala","110.0"
"167","2008","9","Punjab","Kapurthala","114.0"
"167","2009","9","Punjab","Kapurthala","115.0"
"167","2010","9","Punjab","Kapurthala","118.0"
"167","2011","9","Punjab","Kapurthala","118.0"
"167","2012","9","Punjab","Kapurthala","117.0"
"167","2013","9","Punjab","Kapurthala","117.0"
"167","2014","9","Punjab","Kapurthala","117.0"
"167","2015","9","Punjab","Kapurthala","118.0"
"167","2016","9","Punjab","Kapurthala","118.0"
"167","2017","9","Punjab","Kapurthala","118.0"
"167","2018","9","Punjab","Kapurthala","118.0"
"167","2019","9","Punjab","Kapurthala","120.0"
"168","1990","9","Punjab","Jalandhar","158.0"
"168","1991","9","Punjab","Jalandhar","157.0"
"168","1992","9","Punjab","Jalandhar","154.0"
"168","1993","9","Punjab","Jalandhar","160.0"
"168","1994","9","Punjab","Jalandhar","167.0"
"168","1995","9","Punjab","Jalandhar","112.0"
"168","1996","9","Punjab","Jalandhar","118.0"
"168","1997","9","Punjab","Jalandhar","125.0"
"168","1998","9","Punjab","Jalandhar","134.0"
"168","1999","9","Punjab","Jalandhar","133.0"
"168","2000","9","Punjab","Jalandhar","136.0"
"168","2001","9","Punjab","Jalandhar","132.0"
"168","2002","9","Punjab","Jalandhar","133.0"
"168","2003","9","Punjab","Jalandhar","138.0"
"168","2004","9","Punjab","Jalandhar","145.0"
"168","2005","9","Punjab","Jalandhar","151.0"
"168","2006","9","Punjab","Jalandhar","147.0"
"168","2007","9","Punjab","Jalandhar","149.0"
"168","2008","9","Punjab","Jalandhar","155.0"
"168","2009","9","Punjab","Jalandhar","161.0"
"168","2010","9","Punjab","Jalandhar","163.0"
"168","2011","9","Punjab","Jalandhar","165.0"
"168","2012","9","Punjab","Jalandhar","165.0"
"168","2013","9","Punjab","Jalandhar","167.0"
"168","2014","9","Punjab","Jalandhar","167.0"
"168","2015","9","Punjab","Jalandhar","168.0"
"168","2016","9","Punjab","Jalandhar","170.0"
"168","2017","9","Punjab","Jalandhar","171.0"
"168","2018","9","Punjab","Jalandhar","173.0"
"168","2019","9","Punjab","Jalandhar","175.0"
"169","1990","9","Punjab","Hoshiarpur","65.0"
"169","1991","9","Punjab","Hoshiarpur","58.0"
"169","1992","9","Punjab","Hoshiarpur","56.0"
"169","1993","9","Punjab","Hoshiarpur","53.0"
"169","1994","9","Punjab","Hoshiarpur","58.0"
"169","1995","9","Punjab","Hoshiarpur","57.0"
"169","1996","9","Punjab","Hoshiarpur","52.0"
"169","1997","9","Punjab","Hoshiarpur","56.0"
"169","1998","9","Punjab","Hoshiarpur","58.0"
"169","1999","9","Punjab","Hoshiarpur","61.0"
"169","2000","9","Punjab","Hoshiarpur","63.0"
"169","2001","9","Punjab","Hoshiarpur","60.0"
"169","2002","9","Punjab","Hoshiarpur","56.0"
"169","2003","9","Punjab","Hoshiarpur","58.0"
"169","2004","9","Punjab","Hoshiarpur","58.0"
"169","2005","9","Punjab","Hoshiarpur","61.0"
"169","2006","9","Punjab","Hoshiarpur","56.0"
"169","2007","9","Punjab","Hoshiarpur","56.0"
"169","2008","9","Punjab","Hoshiarpur","60.0"
"169","2009","9","Punjab","Hoshiarpur","70.0"
"169","2010","9","Punjab","Hoshiarpur","73.0"
"169","2011","9","Punjab","Hoshiarpur","74.0"
"169","2012","9","Punjab","Hoshiarpur","70.0"
"169","2013","9","Punjab","Hoshiarpur","70.0"
"169","2014","9","Punjab","Hoshiarpur","71.0"
"169","2015","9","Punjab","Hoshiarpur","72.0"
"169","2016","9","Punjab","Hoshiarpur","74.0"
"169","2017","9","Punjab","Hoshiarpur","75.0"
"169","2018","9","Punjab","Hoshiarpur","75.0"
"169","2019","9","Punjab","Hoshiarpur","78.0"
"170","1990","9","Punjab","Roopnagar","36.0"
"170","1991","9","Punjab","Roopnagar","37.0"
"170","1992","9","Punjab","Roopnagar","36.0"
"170","1993","9","Punjab","Roopnagar","37.0"
"170","1994","9","Punjab","Roopnagar","38.0"
"170","1995","9","Punjab","Roopnagar","39.0"
"170","1996","9","Punjab","Roopnagar","40.0"
"170","1997","9","Punjab","Roopnagar","43.0"
"170","1998","9","Punjab","Roopnagar","46.0"
"170","1999","9","Punjab","Roopnagar","50.0"
"170","2000","9","Punjab","Roopnagar","49.0"
"170","2001","9","Punjab","Roopnagar","51.0"
"170","2002","9","Punjab","Roopnagar","44.0"
"170","2003","9","Punjab","Roopnagar","51.0"
"170","2004","9","Punjab","Roopnagar","51.0"
"170","2005","9","Punjab","Roopnagar","37.0"
"170","2006","9","Punjab","Roopnagar","38.0"
"170","2007","9","Punjab","Roopnagar","33.0"
"170","2008","9","Punjab","Roopnagar","36.0"
"170","2009","9","Punjab","Roopnagar","38.0"
"170","2010","9","Punjab","Roopnagar","38.0"
"170","2011","9","Punjab","Roopnagar","38.0"
"170","2012","9","Punjab","Roopnagar","38.0"
"170","2013","9","Punjab","Roopnagar","37.0"
"170","2014","9","Punjab","Roopnagar","36.0"
"170","2015","9","Punjab","Roopnagar","36.0"
"170","2016","9","Punjab","Roopnagar","38.0"
"170","2017","9","Punjab","Roopnagar","40.0"
"170","2018","9","Punjab","Roopnagar","41.0"
"170","2019","9","Punjab","Roopnagar","40.0"
"171","1990","9","Punjab","Ludhiana","225.0"
"171","1991","9","Punjab","Ludhiana","231.0"
"171","1992","9","Punjab","Ludhiana","226.0"
"171","1993","9","Punjab","Ludhiana","233.0"
"171","1994","9","Punjab","Ludhiana","244.0"
"171","1995","9","Punjab","Ludhiana","230.0"
"171","1996","9","Punjab","Ludhiana","227.0"
"171","1997","9","Punjab","Ludhiana","234.0"
"171","1998","9","Punjab","Ludhiana","241.0"
"171","1999","9","Punjab","Ludhiana","237.0"
"171","2000","9","Punjab","Ludhiana","238.0"
"171","2001","9","Punjab","Ludhiana","235.0"
"171","2002","9","Punjab","Ludhiana","236.0"
"171","2003","9","Punjab","Ludhiana","241.0"
"171","2004","9","Punjab","Ludhiana","247.0"
"171","2005","9","Punjab","Ludhiana","250.0"
"171","2006","9","Punjab","Ludhiana","248.0"
"171","2007","9","Punjab","Ludhiana","250.0"
"171","2008","9","Punjab","Ludhiana","254.0"
"171","2009","9","Punjab","Ludhiana","257.0"
"171","2010","9","Punjab","Ludhiana","257.0"
"171","2011","9","Punjab","Ludhiana","257.0"
"171","2012","9","Punjab","Ludhiana","257.0"
"171","2013","9","Punjab","Ludhiana","257.0"
"171","2014","9","Punjab","Ludhiana","257.0"
"171","2015","9","Punjab","Ludhiana","257.0"
"171","2016","9","Punjab","Ludhiana","259.0"
"171","2017","9","Punjab","Ludhiana","258.0"
"171","2018","9","Punjab","Ludhiana","259.0"
"171","2019","9","Punjab","Ludhiana","259.0"
"172","1990","9","Punjab","Ferozpur","230.0"
"172","1991","9","Punjab","Ferozpur","233.0"
"172","1992","9","Punjab","Ferozpur","231.0"
"172","1993","9","Punjab","Ferozpur","221.0"
"172","1994","9","Punjab","Ferozpur","242.0"
"172","1995","9","Punjab","Ferozpur","233.0"
"172","1996","9","Punjab","Ferozpur","227.0"
"172","1997","9","Punjab","Ferozpur","252.0"
"172","1998","9","Punjab","Ferozpur","275.0"
"172","1999","9","Punjab","Ferozpur","280.0"
"172","2000","9","Punjab","Ferozpur","248.0"
"172","2001","9","Punjab","Ferozpur","230.0"
"172","2002","9","Punjab","Ferozpur","234.0"
"172","2003","9","Punjab","Ferozpur","244.0"
"172","2004","9","Punjab","Ferozpur","238.0"
"172","2005","9","Punjab","Ferozpur","236.0"
"172","2006","9","Punjab","Ferozpur","235.0"
"172","2007","9","Punjab","Ferozpur","243.0"
"172","2008","9","Punjab","Ferozpur","260.0"
"172","2009","9","Punjab","Ferozpur","262.0"
"172","2010","9","Punjab","Ferozpur","258.0"
"172","2011","9","Punjab","Ferozpur","257.0"
"172","2012","9","Punjab","Ferozpur","182.0"
"172","2013","9","Punjab","Ferozpur","183.0"
"172","2014","9","Punjab","Ferozpur","189.0"
"172","2015","9","Punjab","Ferozpur","187.0"
"172","2016","9","Punjab","Ferozpur","187.0"
"172","2017","9","Punjab","Ferozpur","185.0"
"172","2018","9","Punjab","Ferozpur","186.0"
"172","2019","9","Punjab","Ferozpur","114.0"
"173","1990","9","Punjab","Faridkot","138.0"
"173","1991","9","Punjab","Faridkot","148.0"
"173","1992","9","Punjab","Faridkot","140.0"
"173","1993","9","Punjab","Faridkot","159.0"
"173","1994","9","Punjab","Faridkot","175.0"
"173","1995","9","Punjab","Faridkot","38.0"
"173","1996","9","Punjab","Faridkot","46.0"
"173","1997","9","Punjab","Faridkot","56.0"
"173","1998","9","Punjab","Faridkot","82.0"
"173","1999","9","Punjab","Faridkot","90.0"
"173","2000","9","Punjab","Faridkot","90.0"
"173","2001","9","Punjab","Faridkot","70.0"
"173","2002","9","Punjab","Faridkot","86.0"
"173","2003","9","Punjab","Faridkot","84.0"
"173","2004","9","Punjab","Faridkot","88.0"
"173","2005","9","Punjab","Faridkot","86.0"
"173","2006","9","Punjab","Faridkot","85.0"
"173","2007","9","Punjab","Faridkot","87.0"
"173","2008","9","Punjab","Faridkot","95.0"
"173","2009","9","Punjab","Faridkot","98.0"
"173","2010","9","Punjab","Faridkot","101.0"
"173","2011","9","Punjab","Faridkot","101.0"
"173","2012","9","Punjab","Faridkot","102.0"
"173","2013","9","Punjab","Faridkot","104.0"
"173","2014","9","Punjab","Faridkot","106.0"
"173","2015","9","Punjab","Faridkot","110.0"
"173","2016","9","Punjab","Faridkot","115.0"
"173","2017","9","Punjab","Faridkot","115.0"
"173","2018","9","Punjab","Faridkot","116.0"
"173","2019","9","Punjab","Faridkot","116.0"
"174","1990","9","Punjab","Bhatinda","50.0"
"174","1991","9","Punjab","Bhatinda","64.0"
"174","1992","9","Punjab","Bhatinda","32.0"
"174","1993","9","Punjab","Bhatinda","46.0"
"174","1994","9","Punjab","Bhatinda","52.0"
"174","1995","9","Punjab","Bhatinda","39.0"
"174","1996","9","Punjab","Bhatinda","44.0"
"174","1997","9","Punjab","Bhatinda","53.0"
"174","1998","9","Punjab","Bhatinda","84.0"
"174","1999","9","Punjab","Bhatinda","99.0"
"174","2000","9","Punjab","Bhatinda","99.0"
"174","2001","9","Punjab","Bhatinda","82.0"
"174","2002","9","Punjab","Bhatinda","107.0"
"174","2003","9","Punjab","Bhatinda","105.0"
"174","2004","9","Punjab","Bhatinda","102.0"
"174","2005","9","Punjab","Bhatinda","95.0"
"174","2006","9","Punjab","Bhatinda","87.0"
"174","2007","9","Punjab","Bhatinda","86.0"
"174","2008","9","Punjab","Bhatinda","97.0"
"174","2009","9","Punjab","Bhatinda","104.0"
"174","2010","9","Punjab","Bhatinda","107.0"
"174","2011","9","Punjab","Bhatinda","101.0"
"174","2012","9","Punjab","Bhatinda","107.0"
"174","2013","9","Punjab","Bhatinda","111.0"
"174","2014","9","Punjab","Bhatinda","119.0"
"174","2015","9","Punjab","Bhatinda","137.0"
"174","2016","9","Punjab","Bhatinda","152.0"
"174","2017","9","Punjab","Bhatinda","160.0"
"174","2018","9","Punjab","Bhatinda","167.0"
"174","2019","9","Punjab","Bhatinda","179.0"
"175","1990","9","Punjab","Sangrur","287.0"
"175","1991","9","Punjab","Sangrur","301.0"
"175","1992","9","Punjab","Sangrur","302.0"
"175","1993","9","Punjab","Sangrur","326.0"
"175","1994","9","Punjab","Sangrur","334.0"
"175","1995","9","Punjab","Sangrur","321.0"
"175","1996","9","Punjab","Sangrur","309.0"
"175","1997","9","Punjab","Sangrur","333.0"
"175","1998","9","Punjab","Sangrur","353.0"
"175","1999","9","Punjab","Sangrur","360.0"
"175","2000","9","Punjab","Sangrur","357.0"
"175","2001","9","Punjab","Sangrur","349.0"
"175","2002","9","Punjab","Sangrur","352.0"
"175","2003","9","Punjab","Sangrur","366.0"
"175","2004","9","Punjab","Sangrur","367.0"
"175","2005","9","Punjab","Sangrur","367.0"
"175","2006","9","Punjab","Sangrur","262.0"
"175","2007","9","Punjab","Sangrur","262.0"
"175","2008","9","Punjab","Sangrur","267.0"
"175","2009","9","Punjab","Sangrur","271.0"
"175","2010","9","Punjab","Sangrur","272.0"
"175","2011","9","Punjab","Sangrur","274.0"
"175","2012","9","Punjab","Sangrur","276.0"
"175","2013","9","Punjab","Sangrur","273.0"
"175","2014","9","Punjab","Sangrur","271.0"
"175","2015","9","Punjab","Sangrur","274.0"
"175","2016","9","Punjab","Sangrur","278.0"
"175","2017","9","Punjab","Sangrur","284.0"
"175","2018","9","Punjab","Sangrur","287.0"
"175","2019","9","Punjab","Sangrur","289.0"
"176","1990","9","Punjab","Patiala","278.0"
"176","1991","9","Punjab","Patiala","286.0"
"176","1992","9","Punjab","Patiala","218.0"
"176","1993","9","Punjab","Patiala","241.0"
"176","1994","9","Punjab","Patiala","239.0"
"176","1995","9","Punjab","Patiala","236.0"
"176","1996","9","Punjab","Patiala","230.0"
"176","1997","9","Punjab","Patiala","240.0"
"176","1998","9","Punjab","Patiala","246.0"
"176","1999","9","Punjab","Patiala","251.0"
"176","2000","9","Punjab","Patiala","256.0"
"176","2001","9","Punjab","Patiala","251.0"
"176","2002","9","Punjab","Patiala","237.0"
"176","2003","9","Punjab","Patiala","246.0"
"176","2004","9","Punjab","Patiala","250.0"
"176","2005","9","Punjab","Patiala","238.0"
"176","2006","9","Punjab","Patiala","237.0"
"176","2007","9","Punjab","Patiala","234.0"
"176","2008","9","Punjab","Patiala","238.0"
"176","2009","9","Punjab","Patiala","240.0"
"176","2010","9","Punjab","Patiala","234.0"
"176","2011","9","Punjab","Patiala","234.0"
"176","2012","9","Punjab","Patiala","233.0"
"176","2013","9","Punjab","Patiala","231.0"
"176","2014","9","Punjab","Patiala","230.0"
"176","2015","9","Punjab","Patiala","230.0"
"176","2016","9","Punjab","Patiala","232.0"
"176","2017","9","Punjab","Patiala","233.0"
"176","2018","9","Punjab","Patiala","234.0"
"176","2019","9","Punjab","Patiala","235.0"
"514","1990","7","Maharashtra","Jalna","2.0"
"514","1991","7","Maharashtra","Jalna","2.5"
"514","1992","7","Maharashtra","Jalna","2.1"
"514","1993","7","Maharashtra","Jalna","2.3"
"514","1994","7","Maharashtra","Jalna","2.7"
"514","1995","7","Maharashtra","Jalna","1.9"
"514","1996","7","Maharashtra","Jalna","2.0"
"514","1997","7","Maharashtra","Jalna","2.0"
"514","1998","7","Maharashtra","Jalna","1.1"
"514","1999","7","Maharashtra","Jalna","1.3"
"514","2000","7","Maharashtra","Jalna","1.2"
"514","2001","7","Maharashtra","Jalna","0.6"
"514","2002","7","Maharashtra","Jalna","0.6"
"514","2003","7","Maharashtra","Jalna","0.7"
"514","2004","7","Maharashtra","Jalna","0.5"
"514","2005","7","Maharashtra","Jalna","0.0"
"514","2006","7","Maharashtra","Jalna","0.0"
"514","2007","7","Maharashtra","Jalna","0.0"
"514","2008","7","Maharashtra","Jalna","0.0"
"514","2009","7","Maharashtra","Jalna","0.0"
"514","2010","7","Maharashtra","Jalna","0.0"
"514","2011","7","Maharashtra","Jalna","0.0"
"514","2012","7","Maharashtra","Jalna","0.0"
"514","2013","7","Maharashtra","Jalna","0.0"
"514","2014","7","Maharashtra","Jalna","0.0"
"514","2015","7","Maharashtra","Jalna","0.0"
"514","2016","7","Maharashtra","Jalna","0.0"
"514","2017","7","Maharashtra","Jalna","0.0"
"514","2018","7","Maharashtra","Jalna","0.0"
"514","2019","7","Maharashtra","Jalna","0.01"
"515","1990","7","Maharashtra","Latur","24.4"
"515","1991","7","Maharashtra","Latur","21.6"
"515","1992","7","Maharashtra","Latur","23.6"
"515","1993","7","Maharashtra","Latur","22.9"
"515","1994","7","Maharashtra","Latur","23.4"
"515","1995","7","Maharashtra","Latur","22.0"
"515","1996","7","Maharashtra","Latur","22.0"
"515","1997","7","Maharashtra","Latur","22.6"
"515","1998","7","Maharashtra","Latur","20.3"
"515","1999","7","Maharashtra","Latur","19.7"
"515","2000","7","Maharashtra","Latur","20.8"
"515","2001","7","Maharashtra","Latur","20.7"
"515","2002","7","Maharashtra","Latur","20.7"
"515","2003","7","Maharashtra","Latur","20.5"
"515","2004","7","Maharashtra","Latur","19.9"
"515","2005","7","Maharashtra","Latur","18.2"
"515","2006","7","Maharashtra","Latur","15.9"
"515","2007","7","Maharashtra","Latur","12.6"
"515","2008","7","Maharashtra","Latur","3.9"
"515","2009","7","Maharashtra","Latur","3.2"
"515","2010","7","Maharashtra","Latur","6.3"
"515","2011","7","Maharashtra","Latur","6.7"
"515","2012","7","Maharashtra","Latur","8.3"
"515","2013","7","Maharashtra","Latur","7.6"
"515","2014","7","Maharashtra","Latur","5.8"
"515","2015","7","Maharashtra","Latur","3.8"
"515","2016","7","Maharashtra","Latur","3.3"
"515","2017","7","Maharashtra","Latur","2.8"
"515","2018","7","Maharashtra","Latur","1.95"
"515","2019","7","Maharashtra","Latur","0.88"
"516","1990","7","Maharashtra","Gadchiroli","141.6"
"516","1991","7","Maharashtra","Gadchiroli","141.8"
"516","1992","7","Maharashtra","Gadchiroli","132.5"
"516","1993","7","Maharashtra","Gadchiroli","133.8"
"516","1994","7","Maharashtra","Gadchiroli","136.8"
"516","1995","7","Maharashtra","Gadchiroli","137.9"
"516","1996","7","Maharashtra","Gadchiroli","138.2"
"516","1997","7","Maharashtra","Gadchiroli","141.4"
"516","1998","7","Maharashtra","Gadchiroli","143.1"
"516","1999","7","Maharashtra","Gadchiroli","144.8"
"516","2000","7","Maharashtra","Gadchiroli","140.8"
"516","2001","7","Maharashtra","Gadchiroli","145.1"
"516","2002","7","Maharashtra","Gadchiroli","144.1"
"516","2003","7","Maharashtra","Gadchiroli","146.1"
"516","2004","7","Maharashtra","Gadchiroli","145.9"
"516","2005","7","Maharashtra","Gadchiroli","150.7"
"516","2006","7","Maharashtra","Gadchiroli","143.0"
"516","2007","7","Maharashtra","Gadchiroli","152.5"
"516","2008","7","Maharashtra","Gadchiroli","152.8"
"516","2009","7","Maharashtra","Gadchiroli","150.0"
"516","2010","7","Maharashtra","Gadchiroli","159.3"
"516","2011","7","Maharashtra","Gadchiroli","155.1"
"516","2012","7","Maharashtra","Gadchiroli","154.3"
"516","2013","7","Maharashtra","Gadchiroli","156.0"
"516","2014","7","Maharashtra","Gadchiroli","155.7"
"516","2015","7","Maharashtra","Gadchiroli","152.7"
"516","2016","7","Maharashtra","Gadchiroli","153.4"
"516","2017","7","Maharashtra","Gadchiroli","151.8"
"516","2018","7","Maharashtra","Gadchiroli","154.16"
"516","2019","7","Maharashtra","Gadchiroli","180.4"
"517","1990","7","Maharashtra","Sindhudurg","78.7"
"517","1991","7","Maharashtra","Sindhudurg","77.3"
"517","1992","7","Maharashtra","Sindhudurg","78.5"
"517","1993","7","Maharashtra","Sindhudurg","78.7"
"517","1994","7","Maharashtra","Sindhudurg","81.2"
"517","1995","7","Maharashtra","Sindhudurg","81.2"
"517","1996","7","Maharashtra","Sindhudurg","80.7"
"517","1997","7","Maharashtra","Sindhudurg","74.7"
"517","1998","7","Maharashtra","Sindhudurg","80.1"
"517","1999","7","Maharashtra","Sindhudurg","79.9"
"517","2000","7","Maharashtra","Sindhudurg","79.8"
"517","2001","7","Maharashtra","Sindhudurg","78.6"
"517","2002","7","Maharashtra","Sindhudurg","78.9"
"517","2003","7","Maharashtra","Sindhudurg","79.0"
"517","2004","7","Maharashtra","Sindhudurg","78.8"
"517","2005","7","Maharashtra","Sindhudurg","78.7"
"517","2006","7","Maharashtra","Sindhudurg","78.8"
"517","2007","7","Maharashtra","Sindhudurg","79.1"
"517","2008","7","Maharashtra","Sindhudurg","78.5"
"517","2009","7","Maharashtra","Sindhudurg","78.5"
"517","2010","7","Maharashtra","Sindhudurg","77.9"
"517","2011","7","Maharashtra","Sindhudurg","78.0"
"517","2012","7","Maharashtra","Sindhudurg","76.8"
"517","2013","7","Maharashtra","Sindhudurg","76.8"
"517","2014","7","Maharashtra","Sindhudurg","70.0"
"517","2015","7","Maharashtra","Sindhudurg","67.2"
"517","2016","7","Maharashtra","Sindhudurg","64.0"
"517","2017","7","Maharashtra","Sindhudurg","64.02"
"517","2018","7","Maharashtra","Sindhudurg","64.05"
"517","2019","7","Maharashtra","Sindhudurg","64.05"
"545","1990","9","Punjab","Mansa","-1.0"
"545","1991","9","Punjab","Mansa","-1.0"
"545","1992","9","Punjab","Mansa","32.0"
"545","1993","9","Punjab","Mansa","47.0"
"545","1994","9","Punjab","Mansa","58.0"
"545","1995","9","Punjab","Mansa","50.0"
"545","1996","9","Punjab","Mansa","54.0"
"545","1997","9","Punjab","Mansa","58.0"
"545","1998","9","Punjab","Mansa","84.0"
"545","1999","9","Punjab","Mansa","91.0"
"545","2000","9","Punjab","Mansa","84.0"
"545","2001","9","Punjab","Mansa","68.0"
"545","2002","9","Punjab","Mansa","88.0"
"545","2003","9","Punjab","Mansa","78.0"
"545","2004","9","Punjab","Mansa","75.0"
"545","2005","9","Punjab","Mansa","70.0"
"545","2006","9","Punjab","Mansa","62.0"
"545","2007","9","Punjab","Mansa","61.0"
"545","2008","9","Punjab","Mansa","71.0"
"545","2009","9","Punjab","Mansa","77.0"
"545","2010","9","Punjab","Mansa","78.0"
"545","2011","9","Punjab","Mansa","74.0"
"545","2012","9","Punjab","Mansa","78.0"
"545","2013","9","Punjab","Mansa","81.0"
"545","2014","9","Punjab","Mansa","82.0"
"545","2015","9","Punjab","Mansa","93.0"
"545","2016","9","Punjab","Mansa","103.0"
"545","2017","9","Punjab","Mansa","107.0"
"545","2018","9","Punjab","Mansa","116.0"
"545","2019","9","Punjab","Mansa","119.0"
"546","1990","9","Punjab","Fatehgarh Sahib","-1.0"
"546","1991","9","Punjab","Fatehgarh Sahib","-1.0"
"546","1992","9","Punjab","Fatehgarh Sahib","80.0"
"546","1993","9","Punjab","Fatehgarh Sahib","80.0"
"546","1994","9","Punjab","Fatehgarh Sahib","80.0"
"546","1995","9","Punjab","Fatehgarh Sahib","80.0"
"546","1996","9","Punjab","Fatehgarh Sahib","80.0"
"546","1997","9","Punjab","Fatehgarh Sahib","82.0"
"546","1998","9","Punjab","Fatehgarh Sahib","83.0"
"546","1999","9","Punjab","Fatehgarh Sahib","82.0"
"546","2000","9","Punjab","Fatehgarh Sahib","84.0"
"546","2001","9","Punjab","Fatehgarh Sahib","81.0"
"546","2002","9","Punjab","Fatehgarh Sahib","80.0"
"546","2003","9","Punjab","Fatehgarh Sahib","83.0"
"546","2004","9","Punjab","Fatehgarh Sahib","85.0"
"546","2005","9","Punjab","Fatehgarh Sahib","85.0"
"546","2006","9","Punjab","Fatehgarh Sahib","84.0"
"546","2007","9","Punjab","Fatehgarh Sahib","84.0"
"546","2008","9","Punjab","Fatehgarh Sahib","85.0"
"546","2009","9","Punjab","Fatehgarh Sahib","86.0"
"546","2010","9","Punjab","Fatehgarh Sahib","82.0"
"546","2011","9","Punjab","Fatehgarh Sahib","86.0"
"546","2012","9","Punjab","Fatehgarh Sahib","86.0"
"546","2013","9","Punjab","Fatehgarh Sahib","86.0"
"546","2014","9","Punjab","Fatehgarh Sahib","86.0"
"546","2015","9","Punjab","Fatehgarh Sahib","86.0"
"546","2016","9","Punjab","Fatehgarh Sahib","86.0"
"546","2017","9","Punjab","Fatehgarh Sahib","86.0"
"546","2018","9","Punjab","Fatehgarh Sahib","86.0"
"546","2019","9","Punjab","Fatehgarh Sahib","86.0"
"701","1990","8","Orissa","Balasore","429.63"
"701","1991","8","Orissa","Balasore","432.16"
"701","1992","8","Orissa","Balasore","424.6"
"701","1993","8","Orissa","Balasore","444.33"
"701","1994","8","Orissa","Balasore","447.28"
"701","1995","8","Orissa","Balasore","249.94"
"701","1996","8","Orissa","Balasore","260.8"
"701","1997","8","Orissa","Balasore","248.49"
"701","1998","8","Orissa","Balasore","239.58"
"701","1999","8","Orissa","Balasore","255.36"
"701","2000","8","Orissa","Balasore","245.22"
"701","2001","8","Orissa","Balasore","246.86"
"701","2002","8","Orissa","Balasore","223.53"
"701","2003","8","Orissa","Balasore","235.46"
"701","2004","8","Orissa","Balasore","240.35"
"701","2005","8","Orissa","Balasore","246.79"
"701","2006","8","Orissa","Balasore","251.28"
"701","2007","8","Orissa","Balasore","241.13"
"701","2008","8","Orissa","Balasore","245.54"
"701","2009","8","Orissa","Balasore","240.86"
"701","2010","8","Orissa","Balasore","239.61"
"701","2011","8","Orissa","Balasore","235.5"
"701","2012","8","Orissa","Balasore","206.64"
"701","2013","8","Orissa","Balasore","226.29"
"701","2014","8","Orissa","Balasore","218.88"
"701","2015","8","Orissa","Balasore","220.83"
"701","2016","8","Orissa","Balasore","221.83"
"701","2017","8","Orissa","Balasore","211.89"
"701","2018","8","Orissa","Balasore","221.62"
"701","2019","8","Orissa","Balasore","206.1"
"702","1990","8","Orissa","Bolangir","324.1"
"702","1991","8","Orissa","Bolangir","329.96"
"702","1992","8","Orissa","Bolangir","320.07"
"702","1993","8","Orissa","Bolangir","329.16"
"702","1994","8","Orissa","Bolangir","327.66"
"702","1995","8","Orissa","Bolangir","218.56"
"702","1996","8","Orissa","Bolangir","203.05"
"702","1997","8","Orissa","Bolangir","219.74"
"702","1998","8","Orissa","Bolangir","210.48"
"702","1999","8","Orissa","Bolangir","219.22"
"702","2000","8","Orissa","Bolangir","214.77"
"702","2001","8","Orissa","Bolangir","207.9"
"702","2002","8","Orissa","Bolangir","209.76"
"702","2003","8","Orissa","Bolangir","224.59"
"702","2004","8","Orissa","Bolangir","230.94"
"702","2005","8","Orissa","Bolangir","228.77"
"702","2006","8","Orissa","Bolangir","214.54"
"702","2007","8","Orissa","Bolangir","216.7"
"702","2008","8","Orissa","Bolangir","214.85"
"702","2009","8","Orissa","Bolangir","220.82"
"702","2010","8","Orissa","Bolangir","212.67"
"702","2011","8","Orissa","Bolangir","174.69"
"702","2012","8","Orissa","Bolangir","198.01"
"702","2013","8","Orissa","Bolangir","204.16"
"702","2014","8","Orissa","Bolangir","205.82"
"702","2015","8","Orissa","Bolangir","192.22"
"702","2016","8","Orissa","Bolangir","197.64"
"702","2017","8","Orissa","Bolangir","156.58"
"702","2018","8","Orissa","Bolangir","153.08"
"702","2019","8","Orissa","Bolangir","174.44"
"703","1990","8","Orissa","Cuttack","557.95"
"703","1991","8","Orissa","Cuttack","598.1"
"703","1992","8","Orissa","Cuttack","573.77"
"703","1993","8","Orissa","Cuttack","593.65"
"703","1994","8","Orissa","Cuttack","514.03"
"703","1995","8","Orissa","Cuttack","151.41"
"703","1996","8","Orissa","Cuttack","146.56"
"703","1997","8","Orissa","Cuttack","160.52"
"703","1998","8","Orissa","Cuttack","150.15"
"703","1999","8","Orissa","Cuttack","161.9"
"703","2000","8","Orissa","Cuttack","156.46"
"703","2001","8","Orissa","Cuttack","141.98"
"703","2002","8","Orissa","Cuttack","154.42"
"703","2003","8","Orissa","Cuttack","141.98"
"703","2004","8","Orissa","Cuttack","147.65"
"703","2005","8","Orissa","Cuttack","152.22"
"703","2006","8","Orissa","Cuttack","137.78"
"703","2007","8","Orissa","Cuttack","151.71"
"703","2008","8","Orissa","Cuttack","133.07"
"703","2009","8","Orissa","Cuttack","141.16"
"703","2010","8","Orissa","Cuttack","135.78"
"703","2011","8","Orissa","Cuttack","138.62"
"703","2012","8","Orissa","Cuttack","130.24"
"703","2013","8","Orissa","Cuttack","121.1"
"703","2014","8","Orissa","Cuttack","122.34"
"703","2015","8","Orissa","Cuttack","121.28"
"703","2016","8","Orissa","Cuttack","119.48"
"703","2017","8","Orissa","Cuttack","109.01"
"703","2018","8","Orissa","Cuttack","97.85"
"703","2019","8","Orissa","Cuttack","119.01"
"704","1990","8","Orissa","Dhenkanal","239.84"
"704","1991","8","Orissa","Dhenkanal","235.13"
"704","1992","8","Orissa","Dhenkanal","231.89"
"704","1993","8","Orissa","Dhenkanal","239.18"
"704","1994","8","Orissa","Dhenkanal","236.98"
"704","1995","8","Orissa","Dhenkanal","141.27"
"704","1996","8","Orissa","Dhenkanal","128.54"
"704","1997","8","Orissa","Dhenkanal","126.57"
"704","1998","8","Orissa","Dhenkanal","122.95"
"704","1999","8","Orissa","Dhenkanal","126.85"
"704","2000","8","Orissa","Dhenkanal","124.9"
"704","2001","8","Orissa","Dhenkanal","124.92"
"704","2002","8","Orissa","Dhenkanal","114.48"
"704","2003","8","Orissa","Dhenkanal","116.67"
"704","2004","8","Orissa","Dhenkanal","122.75"
"704","2005","8","Orissa","Dhenkanal","122.46"
"704","2006","8","Orissa","Dhenkanal","113.72"
"704","2007","8","Orissa","Dhenkanal","117.15"
"704","2008","8","Orissa","Dhenkanal","112.07"
"704","2009","8","Orissa","Dhenkanal","109.8"
"704","2010","8","Orissa","Dhenkanal","92.32"
"704","2011","8","Orissa","Dhenkanal","93.15"
"704","2012","8","Orissa","Dhenkanal","83.94"
"704","2013","8","Orissa","Dhenkanal","93.16"
"704","2014","8","Orissa","Dhenkanal","98.34"
"704","2015","8","Orissa","Dhenkanal","85.77"
"704","2016","8","Orissa","Dhenkanal","75.37"
"704","2017","8","Orissa","Dhenkanal","62.64"
"704","2018","8","Orissa","Dhenkanal","89.94"
"704","2019","8","Orissa","Dhenkanal","80.97"
"705","1990","8","Orissa","Ganjam","316.16"
"705","1991","8","Orissa","Ganjam","312.46"
"705","1992","8","Orissa","Ganjam","319.07"
"705","1993","8","Orissa","Ganjam","329.55"
"705","1994","8","Orissa","Ganjam","334.79"
"705","1995","8","Orissa","Ganjam","284.57"
"705","1996","8","Orissa","Ganjam","256.91"
"705","1997","8","Orissa","Ganjam","269.25"
"705","1998","8","Orissa","Ganjam","270.49"
"705","1999","8","Orissa","Ganjam","270.78"
"705","2000","8","Orissa","Ganjam","277.32"
"705","2001","8","Orissa","Ganjam","289.93"
"705","2002","8","Orissa","Ganjam","254.04"
"705","2003","8","Orissa","Ganjam","289.0"
"705","2004","8","Orissa","Ganjam","259.67"
"705","2005","8","Orissa","Ganjam","247.62"
"705","2006","8","Orissa","Ganjam","274.94"
"705","2007","8","Orissa","Ganjam","272.36"
"705","2008","8","Orissa","Ganjam","275.88"
"705","2009","8","Orissa","Ganjam","278.29"
"705","2010","8","Orissa","Ganjam","273.84"
"705","2011","8","Orissa","Ganjam","261.6"
"705","2012","8","Orissa","Ganjam","255.93"
"705","2013","8","Orissa","Ganjam","251.86"
"705","2014","8","Orissa","Ganjam","264.54"
"705","2015","8","Orissa","Ganjam","242.03"
"705","2016","8","Orissa","Ganjam","243.69"
"705","2017","8","Orissa","Ganjam","204.87"
"705","2018","8","Orissa","Ganjam","249.29"
"705","2019","8","Orissa","Ganjam","281.47"
"706","1990","8","Orissa","Kalahandi","317.93"
"706","1991","8","Orissa","Kalahandi","323.3"
"706","1992","8","Orissa","Kalahandi","322.77"
"706","1993","8","Orissa","Kalahandi","317.8"
"706","1994","8","Orissa","Kalahandi","331.92"
"706","1995","8","Orissa","Kalahandi","233.02"
"706","1996","8","Orissa","Kalahandi","227.17"
"706","1997","8","Orissa","Kalahandi","230.16"
"706","1998","8","Orissa","Kalahandi","226.39"
"706","1999","8","Orissa","Kalahandi","226.02"
"706","2000","8","Orissa","Kalahandi","265.64"
"706","2001","8","Orissa","Kalahandi","261.4"
"706","2002","8","Orissa","Kalahandi","246.88"
"706","2003","8","Orissa","Kalahandi","272.81"
"706","2004","8","Orissa","Kalahandi","267.38"
"706","2005","8","Orissa","Kalahandi","287.83"
"706","2006","8","Orissa","Kalahandi","262.52"
"706","2007","8","Orissa","Kalahandi","273.04"
"706","2008","8","Orissa","Kalahandi","268.25"
"706","2009","8","Orissa","Kalahandi","279.83"
"706","2010","8","Orissa","Kalahandi","275.68"
"706","2011","8","Orissa","Kalahandi","214.46"
"706","2012","8","Orissa","Kalahandi","257.5"
"706","2013","8","Orissa","Kalahandi","248.52"
"706","2014","8","Orissa","Kalahandi","236.59"
"706","2015","8","Orissa","Kalahandi","198.72"
"706","2016","8","Orissa","Kalahandi","220.8"
"706","2017","8","Orissa","Kalahandi","199.52"
"706","2018","8","Orissa","Kalahandi","211.75"
"706","2019","8","Orissa","Kalahandi","212.42"
"707","1990","8","Orissa","Keonjhar","216.32"
"707","1991","8","Orissa","Keonjhar","208.28"
"707","1992","8","Orissa","Keonjhar","215.8"
"707","1993","8","Orissa","Keonjhar","219.18"
"707","1994","8","Orissa","Keonjhar","206.39"
"707","1995","8","Orissa","Keonjhar","218.98"
"707","1996","8","Orissa","Keonjhar","207.42"
"707","1997","8","Orissa","Keonjhar","217.59"
"707","1998","8","Orissa","Keonjhar","216.8"
"707","1999","8","Orissa","Keonjhar","208.44"
"707","2000","8","Orissa","Keonjhar","201.5"
"707","2001","8","Orissa","Keonjhar","212.33"
"707","2002","8","Orissa","Keonjhar","212.4"
"707","2003","8","Orissa","Keonjhar","221.34"
"707","2004","8","Orissa","Keonjhar","205.64"
"707","2005","8","Orissa","Keonjhar","201.07"
"707","2006","8","Orissa","Keonjhar","191.92"
"707","2007","8","Orissa","Keonjhar","206.74"
"707","2008","8","Orissa","Keonjhar","207.16"
"707","2009","8","Orissa","Keonjhar","195.51"
"707","2010","8","Orissa","Keonjhar","181.57"
"707","2011","8","Orissa","Keonjhar","171.46"
"707","2012","8","Orissa","Keonjhar","170.65"
"707","2013","8","Orissa","Keonjhar","175.37"
"707","2014","8","Orissa","Keonjhar","175.8"
"707","2015","8","Orissa","Keonjhar","182.9"
"707","2016","8","Orissa","Keonjhar","192.84"
"707","2017","8","Orissa","Keonjhar","188.36"
"707","2018","8","Orissa","Keonjhar","160.69"
"707","2019","8","Orissa","Keonjhar","177.79"
"708","1990","8","Orissa","Koraput","411.07"
"708","1991","8","Orissa","Koraput","442.34"
"708","1992","8","Orissa","Koraput","407.56"
"708","1993","8","Orissa","Koraput","438.41"
"708","1994","8","Orissa","Koraput","429.42"
"708","1995","8","Orissa","Koraput","128.73"
"708","1996","8","Orissa","Koraput","130.33"
"708","1997","8","Orissa","Koraput","110.51"
"708","1998","8","Orissa","Koraput","129.05"
"708","1999","8","Orissa","Koraput","132.31"
"708","2000","8","Orissa","Koraput","152.44"
"708","2001","8","Orissa","Koraput","141.02"
"708","2002","8","Orissa","Koraput","127.51"
"708","2003","8","Orissa","Koraput","125.35"
"708","2004","8","Orissa","Koraput","132.38"
"708","2005","8","Orissa","Koraput","137.83"
"708","2006","8","Orissa","Koraput","131.92"
"708","2007","8","Orissa","Koraput","129.76"
"708","2008","8","Orissa","Koraput","130.82"
"708","2009","8","Orissa","Koraput","117.17"
"708","2010","8","Orissa","Koraput","134.35"
"708","2011","8","Orissa","Koraput","118.14"
"708","2012","8","Orissa","Koraput","120.58"
"708","2013","8","Orissa","Koraput","132.66"
"708","2014","8","Orissa","Koraput","134.72"
"708","2015","8","Orissa","Koraput","121.72"
"708","2016","8","Orissa","Koraput","124.99"
"708","2017","8","Orissa","Koraput","124.12"
"708","2018","8","Orissa","Koraput","132.3"
"708","2019","8","Orissa","Koraput","125.63"
"709","1990","8","Orissa","Mayurbhanja","325.04"
"709","1991","8","Orissa","Mayurbhanja","335.8"
"709","1992","8","Orissa","Mayurbhanja","332.49"
"709","1993","8","Orissa","Mayurbhanja","330.17"
"709","1994","8","Orissa","Mayurbhanja","340.86"
"709","1995","8","Orissa","Mayurbhanja","345.52"
"709","1996","8","Orissa","Mayurbhanja","346.37"
"709","1997","8","Orissa","Mayurbhanja","341.09"
"709","1998","8","Orissa","Mayurbhanja","339.21"
"709","1999","8","Orissa","Mayurbhanja","333.61"
"709","2000","8","Orissa","Mayurbhanja","336.52"
"709","2001","8","Orissa","Mayurbhanja","350.63"
"709","2002","8","Orissa","Mayurbhanja","313.22"
"709","2003","8","Orissa","Mayurbhanja","340.87"
"709","2004","8","Orissa","Mayurbhanja","325.07"
"709","2005","8","Orissa","Mayurbhanja","316.33"
"709","2006","8","Orissa","Mayurbhanja","317.47"
"709","2007","8","Orissa","Mayurbhanja","344.8"
"709","2008","8","Orissa","Mayurbhanja","345.19"
"709","2009","8","Orissa","Mayurbhanja","328.62"
"709","2010","8","Orissa","Mayurbhanja","284.63"
"709","2011","8","Orissa","Mayurbhanja","299.21"
"709","2012","8","Orissa","Mayurbhanja","287.33"
"709","2013","8","Orissa","Mayurbhanja","305.17"
"709","2014","8","Orissa","Mayurbhanja","315.96"
"709","2015","8","Orissa","Mayurbhanja","318.03"
"709","2016","8","Orissa","Mayurbhanja","306.67"
"709","2017","8","Orissa","Mayurbhanja","324.09"
"709","2018","8","Orissa","Mayurbhanja","336.7"
"709","2019","8","Orissa","Mayurbhanja","321.84"
"710","1990","8","Orissa","Phulbani(Kandhamal)","114.83"
"710","1991","8","Orissa","Phulbani(Kandhamal)","119.38"
"710","1992","8","Orissa","Phulbani(Kandhamal)","118.12"
"710","1993","8","Orissa","Phulbani(Kandhamal)","113.82"
"710","1994","8","Orissa","Phulbani(Kandhamal)","127.07"
"710","1995","8","Orissa","Phulbani(Kandhamal)","57.3"
"710","1996","8","Orissa","Phulbani(Kandhamal)","51.37"
"710","1997","8","Orissa","Phulbani(Kandhamal)","59.48"
"710","1998","8","Orissa","Phulbani(Kandhamal)","47.77"
"710","1999","8","Orissa","Phulbani(Kandhamal)","54.65"
"710","2000","8","Orissa","Phulbani(Kandhamal)","52.62"
"710","2001","8","Orissa","Phulbani(Kandhamal)","58.09"
"710","2002","8","Orissa","Phulbani(Kandhamal)","53.41"
"710","2003","8","Orissa","Phulbani(Kandhamal)","57.68"
"710","2004","8","Orissa","Phulbani(Kandhamal)","57.97"
"710","2005","8","Orissa","Phulbani(Kandhamal)","55.93"
"710","2006","8","Orissa","Phulbani(Kandhamal)","55.27"
"710","2007","8","Orissa","Phulbani(Kandhamal)","54.51"
"710","2008","8","Orissa","Phulbani(Kandhamal)","53.83"
"710","2009","8","Orissa","Phulbani(Kandhamal)","48.36"
"710","2010","8","Orissa","Phulbani(Kandhamal)","53.16"
"710","2011","8","Orissa","Phulbani(Kandhamal)","37.64"
"710","2012","8","Orissa","Phulbani(Kandhamal)","44.14"
"710","2013","8","Orissa","Phulbani(Kandhamal)","46.06"
"710","2014","8","Orissa","Phulbani(Kandhamal)","45.76"
"710","2015","8","Orissa","Phulbani(Kandhamal)","30.27"
"710","2016","8","Orissa","Phulbani(Kandhamal)","40.77"
"710","2017","8","Orissa","Phulbani(Kandhamal)","30.12"
"710","2018","8","Orissa","Phulbani(Kandhamal)","38.22"
"710","2019","8","Orissa","Phulbani(Kandhamal)","39.75"
"711","1990","8","Orissa","Puri","364.38"
"711","1991","8","Orissa","Puri","448.61"
"711","1992","8","Orissa","Puri","414.26"
"711","1993","8","Orissa","Puri","417.12"
"711","1994","8","Orissa","Puri","383.45"
"711","1995","8","Orissa","Puri","188.9"
"711","1996","8","Orissa","Puri","191.64"
"711","1997","8","Orissa","Puri","163.21"
"711","1998","8","Orissa","Puri","176.41"
"711","1999","8","Orissa","Puri","209.33"
"711","2000","8","Orissa","Puri","143.59"
"711","2001","8","Orissa","Puri","138.3"
"711","2002","8","Orissa","Puri","146.07"
"711","2003","8","Orissa","Puri","165.33"
"711","2004","8","Orissa","Puri","172.17"
"711","2005","8","Orissa","Puri","189.06"
"711","2006","8","Orissa","Puri","179.87"
"711","2007","8","Orissa","Puri","171.76"
"711","2008","8","Orissa","Puri","170.77"
"711","2009","8","Orissa","Puri","141.45"
"711","2010","8","Orissa","Puri","153.42"
"711","2011","8","Orissa","Puri","150.34"
"711","2012","8","Orissa","Puri","139.88"
"711","2013","8","Orissa","Puri","135.11"
"711","2014","8","Orissa","Puri","131.28"
"711","2015","8","Orissa","Puri","131.96"
"711","2016","8","Orissa","Puri","107.74"
"711","2017","8","Orissa","Puri","101.7"
"711","2018","8","Orissa","Puri","120.15"
"711","2019","8","Orissa","Puri","117.65"
"712","1990","8","Orissa","Sambalpur","560.68"
"712","1991","8","Orissa","Sambalpur","543.08"
"712","1992","8","Orissa","Sambalpur","536.87"
"712","1993","8","Orissa","Sambalpur","561.36"
"712","1994","8","Orissa","Sambalpur","553.59"
"712","1995","8","Orissa","Sambalpur","152.1"
"712","1996","8","Orissa","Sambalpur","151.24"
"712","1997","8","Orissa","Sambalpur","151.12"
"712","1998","8","Orissa","Sambalpur","143.79"
"712","1999","8","Orissa","Sambalpur","157.33"
"712","2000","8","Orissa","Sambalpur","137.04"
"712","2001","8","Orissa","Sambalpur","145.75"
"712","2002","8","Orissa","Sambalpur","138.36"
"712","2003","8","Orissa","Sambalpur","145.08"
"712","2004","8","Orissa","Sambalpur","160.02"
"712","2005","8","Orissa","Sambalpur","150.57"
"712","2006","8","Orissa","Sambalpur","144.04"
"712","2007","8","Orissa","Sambalpur","147.39"
"712","2008","8","Orissa","Sambalpur","151.33"
"712","2009","8","Orissa","Sambalpur","139.66"
"712","2010","8","Orissa","Sambalpur","152.73"
"712","2011","8","Orissa","Sambalpur","136.69"
"712","2012","8","Orissa","Sambalpur","138.63"
"712","2013","8","Orissa","Sambalpur","162.46"
"712","2014","8","Orissa","Sambalpur","174.07"
"712","2015","8","Orissa","Sambalpur","147.81"
"712","2016","8","Orissa","Sambalpur","160.06"
"712","2017","8","Orissa","Sambalpur","137.38"
"712","2018","8","Orissa","Sambalpur","135.34"
"712","2019","8","Orissa","Sambalpur","128.01"
"713","1990","8","Orissa","Sundargarh","225.72"
"713","1991","8","Orissa","Sundargarh","219.32"
"713","1992","8","Orissa","Sundargarh","226.08"
"713","1993","8","Orissa","Sundargarh","221.83"
"713","1994","8","Orissa","Sundargarh","222.21"
"713","1995","8","Orissa","Sundargarh","225.45"
"713","1996","8","Orissa","Sundargarh","237.2"
"713","1997","8","Orissa","Sundargarh","235.88"
"713","1998","8","Orissa","Sundargarh","221.2"
"713","1999","8","Orissa","Sundargarh","239.21"
"713","2000","8","Orissa","Sundargarh","222.26"
"713","2001","8","Orissa","Sundargarh","246.61"
"713","2002","8","Orissa","Sundargarh","226.44"
"713","2003","8","Orissa","Sundargarh","241.91"
"713","2004","8","Orissa","Sundargarh","233.31"
"713","2005","8","Orissa","Sundargarh","212.53"
"713","2006","8","Orissa","Sundargarh","224.48"
"713","2007","8","Orissa","Sundargarh","216.38"
"713","2008","8","Orissa","Sundargarh","218.44"
"713","2009","8","Orissa","Sundargarh","206.16"
"713","2010","8","Orissa","Sundargarh","211.82"
"713","2011","8","Orissa","Sundargarh","193.34"
"713","2012","8","Orissa","Sundargarh","204.43"
"713","2013","8","Orissa","Sundargarh","211.03"
"713","2014","8","Orissa","Sundargarh","195.83"
"713","2015","8","Orissa","Sundargarh","194.65"
"713","2016","8","Orissa","Sundargarh","207.74"
"713","2017","8","Orissa","Sundargarh","198.96"
"713","2018","8","Orissa","Sundargarh","184.26"
"713","2019","8","Orissa","Sundargarh","192.9"
"714","1990","8","Orissa","Bhadrak","-1.0"
"714","1991","8","Orissa","Bhadrak","-1.0"
"714","1992","8","Orissa","Bhadrak","-1.0"
"714","1993","8","Orissa","Bhadrak","-1.0"
"714","1994","8","Orissa","Bhadrak","-1.0"
"714","1995","8","Orissa","Bhadrak","186.67"
"714","1996","8","Orissa","Bhadrak","175.85"
"714","1997","8","Orissa","Bhadrak","185.94"
"714","1998","8","Orissa","Bhadrak","180.95"
"714","1999","8","Orissa","Bhadrak","192.26"
"714","2000","8","Orissa","Bhadrak","172.33"
"714","2001","8","Orissa","Bhadrak","155.63"
"714","2002","8","Orissa","Bhadrak","150.97"
"714","2003","8","Orissa","Bhadrak","170.72"
"714","2004","8","Orissa","Bhadrak","178.16"
"714","2005","8","Orissa","Bhadrak","177.54"
"714","2006","8","Orissa","Bhadrak","170.52"
"714","2007","8","Orissa","Bhadrak","176.79"
"714","2008","8","Orissa","Bhadrak","179.41"
"714","2009","8","Orissa","Bhadrak","172.48"
"714","2010","8","Orissa","Bhadrak","158.17"
"714","2011","8","Orissa","Bhadrak","174.15"
"714","2012","8","Orissa","Bhadrak","167.48"
"714","2013","8","Orissa","Bhadrak","168.41"
"714","2014","8","Orissa","Bhadrak","163.97"
"714","2015","8","Orissa","Bhadrak","162.69"
"714","2016","8","Orissa","Bhadrak","155.95"
"714","2017","8","Orissa","Bhadrak","158.26"
"714","2018","8","Orissa","Bhadrak","151.11"
"714","2019","8","Orissa","Bhadrak","155.36"
"716","1990","8","Orissa","Jagatsinghapur","-1.0"
"716","1991","8","Orissa","Jagatsinghapur","-1.0"
"716","1992","8","Orissa","Jagatsinghapur","-1.0"
"716","1993","8","Orissa","Jagatsinghapur","-1.0"
"716","1994","8","Orissa","Jagatsinghapur","-1.0"
"716","1995","8","Orissa","Jagatsinghapur","110.97"
"716","1996","8","Orissa","Jagatsinghapur","116.06"
"716","1997","8","Orissa","Jagatsinghapur","108.1"
"716","1998","8","Orissa","Jagatsinghapur","108.6"
"716","1999","8","Orissa","Jagatsinghapur","102.22"
"716","2000","8","Orissa","Jagatsinghapur","94.34"
"716","2001","8","Orissa","Jagatsinghapur","93.19"
"716","2002","8","Orissa","Jagatsinghapur","88.98"
"716","2003","8","Orissa","Jagatsinghapur","93.61"
"716","2004","8","Orissa","Jagatsinghapur","97.24"
"716","2005","8","Orissa","Jagatsinghapur","91.27"
"716","2006","8","Orissa","Jagatsinghapur","92.77"
"716","2007","8","Orissa","Jagatsinghapur","88.35"
"716","2008","8","Orissa","Jagatsinghapur","91.05"
"716","2009","8","Orissa","Jagatsinghapur","83.25"
"716","2010","8","Orissa","Jagatsinghapur","88.03"
"716","2011","8","Orissa","Jagatsinghapur","81.54"
"716","2012","8","Orissa","Jagatsinghapur","72.52"
"716","2013","8","Orissa","Jagatsinghapur","80.93"
"716","2014","8","Orissa","Jagatsinghapur","85.3"
"716","2015","8","Orissa","Jagatsinghapur","79.94"
"716","2016","8","Orissa","Jagatsinghapur","87.87"
"716","2017","8","Orissa","Jagatsinghapur","78.98"
"716","2018","8","Orissa","Jagatsinghapur","79.69"
"716","2019","8","Orissa","Jagatsinghapur","82.22"
"717","1990","8","Orissa","Jajapur","-1.0"
"717","1991","8","Orissa","Jajapur","-1.0"
"717","1992","8","Orissa","Jajapur","-1.0"
"717","1993","8","Orissa","Jajapur","-1.0"
"717","1994","8","Orissa","Jajapur","-1.0"
"717","1995","8","Orissa","Jajapur","158.96"
"717","1996","8","Orissa","Jajapur","154.72"
"717","1997","8","Orissa","Jajapur","157.18"
"717","1998","8","Orissa","Jajapur","158.03"
"717","1999","8","Orissa","Jajapur","155.46"
"717","2000","8","Orissa","Jajapur","144.61"
"717","2001","8","Orissa","Jajapur","119.3"
"717","2002","8","Orissa","Jajapur","126.62"
"717","2003","8","Orissa","Jajapur","131.26"
"717","2004","8","Orissa","Jajapur","139.03"
"717","2005","8","Orissa","Jajapur","138.5"
"717","2006","8","Orissa","Jajapur","132.87"
"717","2007","8","Orissa","Jajapur","134.14"
"717","2008","8","Orissa","Jajapur","138.93"
"717","2009","8","Orissa","Jajapur","142.77"
"717","2010","8","Orissa","Jajapur","125.41"
"717","2011","8","Orissa","Jajapur","120.93"
"717","2012","8","Orissa","Jajapur","123.28"
"717","2013","8","Orissa","Jajapur","126.07"
"717","2014","8","Orissa","Jajapur","128.6"
"717","2015","8","Orissa","Jajapur","110.48"
"717","2016","8","Orissa","Jajapur","105.27"
"717","2017","8","Orissa","Jajapur","107.33"
"717","2018","8","Orissa","Jajapur","116.9"
"717","2019","8","Orissa","Jajapur","133.89"
"718","1990","8","Orissa","Kendrapara","-1.0"
"718","1991","8","Orissa","Kendrapara","-1.0"
"718","1992","8","Orissa","Kendrapara","-1.0"
"718","1993","8","Orissa","Kendrapara","-1.0"
"718","1994","8","Orissa","Kendrapara","-1.0"
"718","1995","8","Orissa","Kendrapara","150.77"
"718","1996","8","Orissa","Kendrapara","153.6"
"718","1997","8","Orissa","Kendrapara","153.92"
"718","1998","8","Orissa","Kendrapara","151.98"
"718","1999","8","Orissa","Kendrapara","166.83"
"718","2000","8","Orissa","Kendrapara","132.97"
"718","2001","8","Orissa","Kendrapara","124.33"
"718","2002","8","Orissa","Kendrapara","128.61"
"718","2003","8","Orissa","Kendrapara","140.78"
"718","2004","8","Orissa","Kendrapara","136.92"
"718","2005","8","Orissa","Kendrapara","139.61"
"718","2006","8","Orissa","Kendrapara","135.57"
"718","2007","8","Orissa","Kendrapara","140.88"
"718","2008","8","Orissa","Kendrapara","143.02"
"718","2009","8","Orissa","Kendrapara","143.06"
"718","2010","8","Orissa","Kendrapara","135.17"
"718","2011","8","Orissa","Kendrapara","134.99"
"718","2012","8","Orissa","Kendrapara","142.76"
"718","2013","8","Orissa","Kendrapara","134.39"
"718","2014","8","Orissa","Kendrapara","125.38"
"718","2015","8","Orissa","Kendrapara","119.69"
"718","2016","8","Orissa","Kendrapara","124.78"
"718","2017","8","Orissa","Kendrapara","121.88"
"718","2018","8","Orissa","Kendrapara","124.84"
"718","2019","8","Orissa","Kendrapara","127.8"
"719","1990","8","Orissa","Angul","-1.0"
"719","1991","8","Orissa","Angul","-1.0"
"719","1992","8","Orissa","Angul","-1.0"
"719","1993","8","Orissa","Angul","-1.0"
"719","1994","8","Orissa","Angul","-1.0"
"719","1995","8","Orissa","Angul","108.74"
"719","1996","8","Orissa","Angul","107.63"
"719","1997","8","Orissa","Angul","112.01"
"719","1998","8","Orissa","Angul","101.92"
"719","1999","8","Orissa","Angul","113.65"
"719","2000","8","Orissa","Angul","112.85"
"719","2001","8","Orissa","Angul","112.91"
"719","2002","8","Orissa","Angul","103.87"
"719","2003","8","Orissa","Angul","108.49"
"719","2004","8","Orissa","Angul","117.26"
"719","2005","8","Orissa","Angul","113.58"
"719","2006","8","Orissa","Angul","112.73"
"719","2007","8","Orissa","Angul","104.93"
"719","2008","8","Orissa","Angul","98.9"
"719","2009","8","Orissa","Angul","104.67"
"719","2010","8","Orissa","Angul","83.92"
"719","2011","8","Orissa","Angul","79.11"
"719","2012","8","Orissa","Angul","83.96"
"719","2013","8","Orissa","Angul","78.13"
"719","2014","8","Orissa","Angul","90.56"
"719","2015","8","Orissa","Angul","79.74"
"719","2016","8","Orissa","Angul","78.84"
"719","2017","8","Orissa","Angul","91.67"
"719","2018","8","Orissa","Angul","68.41"
"719","2019","8","Orissa","Angul","62.06"
"720","1990","8","Orissa","Gajapati","-1.0"
"720","1991","8","Orissa","Gajapati","-1.0"
"720","1992","8","Orissa","Gajapati","-1.0"
"720","1993","8","Orissa","Gajapati","-1.0"
"720","1994","8","Orissa","Gajapati","-1.0"
"720","1995","8","Orissa","Gajapati","39.76"
"720","1996","8","Orissa","Gajapati","37.88"
"720","1997","8","Orissa","Gajapati","39.45"
"720","1998","8","Orissa","Gajapati","41.54"
"720","1999","8","Orissa","Gajapati","35.59"
"720","2000","8","Orissa","Gajapati","36.24"
"720","2001","8","Orissa","Gajapati","41.03"
"720","2002","8","Orissa","Gajapati","33.19"
"720","2003","8","Orissa","Gajapati","40.64"
"720","2004","8","Orissa","Gajapati","35.97"
"720","2005","8","Orissa","Gajapati","33.57"
"720","2006","8","Orissa","Gajapati","38.56"
"720","2007","8","Orissa","Gajapati","39.85"
"720","2008","8","Orissa","Gajapati","36.06"
"720","2009","8","Orissa","Gajapati","33.26"
"720","2010","8","Orissa","Gajapati","38.42"
"720","2011","8","Orissa","Gajapati","36.78"
"720","2012","8","Orissa","Gajapati","33.36"
"720","2013","8","Orissa","Gajapati","38.02"
"720","2014","8","Orissa","Gajapati","37.39"
"720","2015","8","Orissa","Gajapati","37.03"
"720","2016","8","Orissa","Gajapati","42.23"
"720","2017","8","Orissa","Gajapati","38.37"
"720","2018","8","Orissa","Gajapati","40.86"
"720","2019","8","Orissa","Gajapati","31.04"
"721","1990","8","Orissa","Nuapada","-1.0"
"721","1991","8","Orissa","Nuapada","-1.0"
"721","1992","8","Orissa","Nuapada","-1.0"
"721","1993","8","Orissa","Nuapada","-1.0"
"721","1994","8","Orissa","Nuapada","-1.0"
"721","1995","8","Orissa","Nuapada","94.72"
"721","1996","8","Orissa","Nuapada","104.91"
"721","1997","8","Orissa","Nuapada","105.54"
"721","1998","8","Orissa","Nuapada","105.18"
"721","1999","8","Orissa","Nuapada","99.83"
"721","2000","8","Orissa","Nuapada","105.75"
"721","2001","8","Orissa","Nuapada","111.0"
"721","2002","8","Orissa","Nuapada","103.06"
"721","2003","8","Orissa","Nuapada","107.67"
"721","2004","8","Orissa","Nuapada","105.46"
"721","2005","8","Orissa","Nuapada","107.4"
"721","2006","8","Orissa","Nuapada","108.86"
"721","2007","8","Orissa","Nuapada","109.3"
"721","2008","8","Orissa","Nuapada","105.55"
"721","2009","8","Orissa","Nuapada","100.4"
"721","2010","8","Orissa","Nuapada","104.79"
"721","2011","8","Orissa","Nuapada","98.64"
"721","2012","8","Orissa","Nuapada","98.0"
"721","2013","8","Orissa","Nuapada","104.76"
"721","2014","8","Orissa","Nuapada","92.02"
"721","2015","8","Orissa","Nuapada","92.91"
"721","2016","8","Orissa","Nuapada","97.59"
"721","2017","8","Orissa","Nuapada","89.24"
"721","2018","8","Orissa","Nuapada","92.01"
"721","2019","8","Orissa","Nuapada","93.96"
"722","1990","8","Orissa","Malkangiri","-1.0"
"722","1991","8","Orissa","Malkangiri","-1.0"
"722","1992","8","Orissa","Malkangiri","-1.0"
"722","1993","8","Orissa","Malkangiri","-1.0"
"722","1994","8","Orissa","Malkangiri","-1.0"
"722","1995","8","Orissa","Malkangiri","78.0"
"722","1996","8","Orissa","Malkangiri","88.69"
"722","1997","8","Orissa","Malkangiri","85.03"
"722","1998","8","Orissa","Malkangiri","81.15"
"722","1999","8","Orissa","Malkangiri","95.31"
"722","2000","8","Orissa","Malkangiri","91.87"
"722","2001","8","Orissa","Malkangiri","98.06"
"722","2002","8","Orissa","Malkangiri","88.06"
"722","2003","8","Orissa","Malkangiri","85.15"
"722","2004","8","Orissa","Malkangiri","84.99"
"722","2005","8","Orissa","Malkangiri","95.02"
"722","2006","8","Orissa","Malkangiri","88.44"
"722","2007","8","Orissa","Malkangiri","91.5"
"722","2008","8","Orissa","Malkangiri","93.86"
"722","2009","8","Orissa","Malkangiri","93.83"
"722","2010","8","Orissa","Malkangiri","97.72"
"722","2011","8","Orissa","Malkangiri","93.76"
"722","2012","8","Orissa","Malkangiri","96.77"
"722","2013","8","Orissa","Malkangiri","99.05"
"722","2014","8","Orissa","Malkangiri","102.97"
"722","2015","8","Orissa","Malkangiri","98.96"
"722","2016","8","Orissa","Malkangiri","95.84"
"722","2017","8","Orissa","Malkangiri","99.58"
"722","2018","8","Orissa","Malkangiri","92.75"
"722","2019","8","Orissa","Malkangiri","104.24"
"723","1990","8","Orissa","Nawarangpur","-1.0"
"723","1991","8","Orissa","Nawarangpur","-1.0"
"723","1992","8","Orissa","Nawarangpur","-1.0"
"723","1993","8","Orissa","Nawarangpur","-1.0"
"723","1994","8","Orissa","Nawarangpur","-1.0"
"723","1995","8","Orissa","Nawarangpur","145.61"
"723","1996","8","Orissa","Nawarangpur","153.73"
"723","1997","8","Orissa","Nawarangpur","149.29"
"723","1998","8","Orissa","Nawarangpur","153.22"
"723","1999","8","Orissa","Nawarangpur","156.45"
"723","2000","8","Orissa","Nawarangpur","153.57"
"723","2001","8","Orissa","Nawarangpur","165.82"
"723","2002","8","Orissa","Nawarangpur","158.11"
"723","2003","8","Orissa","Nawarangpur","161.79"
"723","2004","8","Orissa","Nawarangpur","176.17"
"723","2005","8","Orissa","Nawarangpur","168.53"
"723","2006","8","Orissa","Nawarangpur","164.33"
"723","2007","8","Orissa","Nawarangpur","150.81"
"723","2008","8","Orissa","Nawarangpur","158.93"
"723","2009","8","Orissa","Nawarangpur","160.96"
"723","2010","8","Orissa","Nawarangpur","146.96"
"723","2011","8","Orissa","Nawarangpur","140.02"
"723","2012","8","Orissa","Nawarangpur","144.41"
"723","2013","8","Orissa","Nawarangpur","146.83"
"723","2014","8","Orissa","Nawarangpur","147.43"
"723","2015","8","Orissa","Nawarangpur","137.78"
"723","2016","8","Orissa","Nawarangpur","147.43"
"723","2017","8","Orissa","Nawarangpur","124.87"
"723","2018","8","Orissa","Nawarangpur","128.98"
"723","2019","8","Orissa","Nawarangpur","124.43"
"724","1990","8","Orissa","Rayagada","-1.0"
"724","1991","8","Orissa","Rayagada","-1.0"
"724","1992","8","Orissa","Rayagada","-1.0"
"724","1993","8","Orissa","Rayagada","-1.0"
"724","1994","8","Orissa","Rayagada","-1.0"
"724","1995","8","Orissa","Rayagada","65.85"
"724","1996","8","Orissa","Rayagada","60.48"
"724","1997","8","Orissa","Rayagada","60.37"
"724","1998","8","Orissa","Rayagada","65.64"
"724","1999","8","Orissa","Rayagada","66.43"
"724","2000","8","Orissa","Rayagada","69.44"
"724","2001","8","Orissa","Rayagada","65.79"
"724","2002","8","Orissa","Rayagada","56.14"
"724","2003","8","Orissa","Rayagada","62.21"
"724","2004","8","Orissa","Rayagada","66.13"
"724","2005","8","Orissa","Rayagada","50.89"
"724","2006","8","Orissa","Rayagada","64.11"
"724","2007","8","Orissa","Rayagada","71.78"
"724","2008","8","Orissa","Rayagada","63.09"
"724","2009","8","Orissa","Rayagada","71.02"
"724","2010","8","Orissa","Rayagada","59.98"
"724","2011","8","Orissa","Rayagada","59.26"
"724","2012","8","Orissa","Rayagada","55.89"
"724","2013","8","Orissa","Rayagada","68.27"
"724","2014","8","Orissa","Rayagada","64.8"
"724","2015","8","Orissa","Rayagada","51.99"
"724","2016","8","Orissa","Rayagada","61.39"
"724","2017","8","Orissa","Rayagada","52.91"
"724","2018","8","Orissa","Rayagada","50.27"
"724","2019","8","Orissa","Rayagada","57.05"
"725","1990","8","Orissa","Khurda","-1.0"
"725","1991","8","Orissa","Khurda","-1.0"
"725","1992","8","Orissa","Khurda","-1.0"
"725","1993","8","Orissa","Khurda","-1.0"
"725","1994","8","Orissa","Khurda","-1.0"
"725","1995","8","Orissa","Khurda","116.74"
"725","1996","8","Orissa","Khurda","121.34"
"725","1997","8","Orissa","Khurda","114.71"
"725","1998","8","Orissa","Khurda","125.9"
"725","1999","8","Orissa","Khurda","136.86"
"725","2000","8","Orissa","Khurda","118.1"
"725","2001","8","Orissa","Khurda","131.27"
"725","2002","8","Orissa","Khurda","112.85"
"725","2003","8","Orissa","Khurda","113.73"
"725","2004","8","Orissa","Khurda","110.73"
"725","2005","8","Orissa","Khurda","121.11"
"725","2006","8","Orissa","Khurda","121.81"
"725","2007","8","Orissa","Khurda","110.12"
"725","2008","8","Orissa","Khurda","123.05"
"725","2009","8","Orissa","Khurda","113.55"
"725","2010","8","Orissa","Khurda","100.73"
"725","2011","8","Orissa","Khurda","96.81"
"725","2012","8","Orissa","Khurda","89.54"
"725","2013","8","Orissa","Khurda","98.35"
"725","2014","8","Orissa","Khurda","102.56"
"725","2015","8","Orissa","Khurda","98.99"
"725","2016","8","Orissa","Khurda","95.07"
"725","2017","8","Orissa","Khurda","84.02"
"725","2018","8","Orissa","Khurda","88.16"
"725","2019","8","Orissa","Khurda","89.06"
"726","1990","8","Orissa","Nayagarh","-1.0"
"726","1991","8","Orissa","Nayagarh","-1.0"
"726","1992","8","Orissa","Nayagarh","-1.0"
"726","1993","8","Orissa","Nayagarh","-1.0"
"726","1994","8","Orissa","Nayagarh","-1.0"
"726","1995","8","Orissa","Nayagarh","96.53"
"726","1996","8","Orissa","Nayagarh","94.19"
"726","1997","8","Orissa","Nayagarh","108.64"
"726","1998","8","Orissa","Nayagarh","102.5"
"726","1999","8","Orissa","Nayagarh","98.03"
"726","2000","8","Orissa","Nayagarh","98.62"
"726","2001","8","Orissa","Nayagarh","106.36"
"726","2002","8","Orissa","Nayagarh","100.19"
"726","2003","8","Orissa","Nayagarh","97.47"
"726","2004","8","Orissa","Nayagarh","95.03"
"726","2005","8","Orissa","Nayagarh","99.8"
"726","2006","8","Orissa","Nayagarh","101.72"
"726","2007","8","Orissa","Nayagarh","96.63"
"726","2008","8","Orissa","Nayagarh","94.61"
"726","2009","8","Orissa","Nayagarh","102.92"
"726","2010","8","Orissa","Nayagarh","94.42"
"726","2011","8","Orissa","Nayagarh","85.54"
"726","2012","8","Orissa","Nayagarh","95.62"
"726","2013","8","Orissa","Nayagarh","101.49"
"726","2014","8","Orissa","Nayagarh","91.62"
"726","2015","8","Orissa","Nayagarh","90.43"
"726","2016","8","Orissa","Nayagarh","91.69"
"726","2017","8","Orissa","Nayagarh","90.62"
"726","2018","8","Orissa","Nayagarh","87.47"
"726","2019","8","Orissa","Nayagarh","86.33"
"728","1990","8","Orissa","Boudh","-1.0"
"728","1991","8","Orissa","Boudh","-1.0"
"728","1992","8","Orissa","Boudh","-1.0"
"728","1993","8","Orissa","Boudh","-1.0"
"728","1994","8","Orissa","Boudh","-1.0"
"728","1995","8","Orissa","Boudh","65.03"
"728","1996","8","Orissa","Boudh","58.28"
"728","1997","8","Orissa","Boudh","70.63"
"728","1998","8","Orissa","Boudh","59.27"
"728","1999","8","Orissa","Boudh","65.86"
"728","2000","8","Orissa","Boudh","66.67"
"728","2001","8","Orissa","Boudh","70.46"
"728","2002","8","Orissa","Boudh","66.36"
"728","2003","8","Orissa","Boudh","72.44"
"728","2004","8","Orissa","Boudh","68.52"
"728","2005","8","Orissa","Boudh","68.06"
"728","2006","8","Orissa","Boudh","70.94"
"728","2007","8","Orissa","Boudh","64.26"
"728","2008","8","Orissa","Boudh","70.98"
"728","2009","8","Orissa","Boudh","64.28"
"728","2010","8","Orissa","Boudh","64.38"
"728","2011","8","Orissa","Boudh","64.54"
"728","2012","8","Orissa","Boudh","68.48"
"728","2013","8","Orissa","Boudh","68.0"
"728","2014","8","Orissa","Boudh","59.48"
"728","2015","8","Orissa","Boudh","60.3"
"728","2016","8","Orissa","Boudh","56.63"
"728","2017","8","Orissa","Boudh","58.92"
"728","2018","8","Orissa","Boudh","64.12"
"728","2019","8","Orissa","Boudh","63.04"
"729","1990","8","Orissa","Bargarh","-1.0"
"729","1991","8","Orissa","Bargarh","-1.0"
"729","1992","8","Orissa","Bargarh","-1.0"
"729","1993","8","Orissa","Bargarh","-1.0"
"729","1994","8","Orissa","Bargarh","-1.0"
"729","1995","8","Orissa","Bargarh","305.38"
"729","1996","8","Orissa","Bargarh","279.52"
"729","1997","8","Orissa","Bargarh","291.73"
"729","1998","8","Orissa","Bargarh","300.12"
"729","1999","8","Orissa","Bargarh","302.89"
"729","2000","8","Orissa","Bargarh","293.82"
"729","2001","8","Orissa","Bargarh","306.0"
"729","2002","8","Orissa","Bargarh","305.94"
"729","2003","8","Orissa","Bargarh","312.66"
"729","2004","8","Orissa","Bargarh","297.02"
"729","2005","8","Orissa","Bargarh","290.41"
"729","2006","8","Orissa","Bargarh","299.49"
"729","2007","8","Orissa","Bargarh","300.9"
"729","2008","8","Orissa","Bargarh","305.44"
"729","2009","8","Orissa","Bargarh","311.73"
"729","2010","8","Orissa","Bargarh","303.16"
"729","2011","8","Orissa","Bargarh","305.33"
"729","2012","8","Orissa","Bargarh","298.05"
"729","2013","8","Orissa","Bargarh","325.53"
"729","2014","8","Orissa","Bargarh","306.48"
"729","2015","8","Orissa","Bargarh","307.37"
"729","2016","8","Orissa","Bargarh","278.98"
"729","2017","8","Orissa","Bargarh","297.36"
"729","2018","8","Orissa","Bargarh","304.81"
"729","2019","8","Orissa","Bargarh","299.21"
"730","1990","8","Orissa","Deogarh","-1.0"
"730","1991","8","Orissa","Deogarh","-1.0"
"730","1992","8","Orissa","Deogarh","-1.0"
"730","1993","8","Orissa","Deogarh","-1.0"
"730","1994","8","Orissa","Deogarh","-1.0"
"730","1995","8","Orissa","Deogarh","46.16"
"730","1996","8","Orissa","Deogarh","48.17"
"730","1997","8","Orissa","Deogarh","49.51"
"730","1998","8","Orissa","Deogarh","51.03"
"730","1999","8","Orissa","Deogarh","48.25"
"730","2000","8","Orissa","Deogarh","47.91"
"730","2001","8","Orissa","Deogarh","51.79"
"730","2002","8","Orissa","Deogarh","46.29"
"730","2003","8","Orissa","Deogarh","50.1"
"730","2004","8","Orissa","Deogarh","50.67"
"730","2005","8","Orissa","Deogarh","54.2"
"730","2006","8","Orissa","Deogarh","53.41"
"730","2007","8","Orissa","Deogarh","44.22"
"730","2008","8","Orissa","Deogarh","44.99"
"730","2009","8","Orissa","Deogarh","43.22"
"730","2010","8","Orissa","Deogarh","42.23"
"730","2011","8","Orissa","Deogarh","37.98"
"730","2012","8","Orissa","Deogarh","44.7"
"730","2013","8","Orissa","Deogarh","51.69"
"730","2014","8","Orissa","Deogarh","49.64"
"730","2015","8","Orissa","Deogarh","47.37"
"730","2016","8","Orissa","Deogarh","41.76"
"730","2017","8","Orissa","Deogarh","46.81"
"730","2018","8","Orissa","Deogarh","55.57"
"730","2019","8","Orissa","Deogarh","48.93"
"731","1990","8","Orissa","Jharsuguda","-1.0"
"731","1991","8","Orissa","Jharsuguda","-1.0"
"731","1992","8","Orissa","Jharsuguda","-1.0"
"731","1993","8","Orissa","Jharsuguda","-1.0"
"731","1994","8","Orissa","Jharsuguda","-1.0"
"731","1995","8","Orissa","Jharsuguda","55.32"
"731","1996","8","Orissa","Jharsuguda","55.24"
"731","1997","8","Orissa","Jharsuguda","54.49"
"731","1998","8","Orissa","Jharsuguda","55.86"
"731","1999","8","Orissa","Jharsuguda","58.61"
"731","2000","8","Orissa","Jharsuguda","60.74"
"731","2001","8","Orissa","Jharsuguda","64.67"
"731","2002","8","Orissa","Jharsuguda","61.31"
"731","2003","8","Orissa","Jharsuguda","56.95"
"731","2004","8","Orissa","Jharsuguda","58.4"
"731","2005","8","Orissa","Jharsuguda","61.37"
"731","2006","8","Orissa","Jharsuguda","61.26"
"731","2007","8","Orissa","Jharsuguda","58.37"
"731","2008","8","Orissa","Jharsuguda","53.91"
"731","2009","8","Orissa","Jharsuguda","48.46"
"731","2010","8","Orissa","Jharsuguda","52.72"
"731","2011","8","Orissa","Jharsuguda","38.7"
"731","2012","8","Orissa","Jharsuguda","37.28"
"731","2013","8","Orissa","Jharsuguda","40.61"
"731","2014","8","Orissa","Jharsuguda","69.5"
"731","2015","8","Orissa","Jharsuguda","46.14"
"731","2016","8","Orissa","Jharsuguda","47.24"
"731","2017","8","Orissa","Jharsuguda","48.21"
"731","2018","8","Orissa","Jharsuguda","41.47"
"731","2019","8","Orissa","Jharsuguda","52.43"
"732","1990","8","Orissa","Sonepur","-1.0"
"732","1991","8","Orissa","Sonepur","-1.0"
"732","1992","8","Orissa","Sonepur","-1.0"
"732","1993","8","Orissa","Sonepur","-1.0"
"732","1994","8","Orissa","Sonepur","-1.0"
"732","1995","8","Orissa","Sonepur","108.03"
"732","1996","8","Orissa","Sonepur","118.27"
"732","1997","8","Orissa","Sonepur","116.62"
"732","1998","8","Orissa","Sonepur","109.92"
"732","1999","8","Orissa","Sonepur","112.27"
"732","2000","8","Orissa","Sonepur","103.41"
"732","2001","8","Orissa","Sonepur","116.45"
"732","2002","8","Orissa","Sonepur","122.48"
"732","2003","8","Orissa","Sonepur","117.37"
"732","2004","8","Orissa","Sonepur","118.93"
"732","2005","8","Orissa","Sonepur","119.39"
"732","2006","8","Orissa","Sonepur","133.18"
"732","2007","8","Orissa","Sonepur","125.5"
"732","2008","8","Orissa","Sonepur","125.63"
"732","2009","8","Orissa","Sonepur","127.53"
"732","2010","8","Orissa","Sonepur","127.9"
"732","2011","8","Orissa","Sonepur","131.62"
"732","2012","8","Orissa","Sonepur","132.83"
"732","2013","8","Orissa","Sonepur","136.74"
"732","2014","8","Orissa","Sonepur","128.63"
"732","2015","8","Orissa","Sonepur","131.51"
"732","2016","8","Orissa","Sonepur","134.6"
"732","2017","8","Orissa","Sonepur","128.12"
"732","2018","8","Orissa","Sonepur","140.81"
"732","2019","8","Orissa","Sonepur","151.68"
"1017","1990","9","Punjab","S.B.S Nagar","-1.0"
"1017","1991","9","Punjab","S.B.S Nagar","-1.0"
"1017","1992","9","Punjab","S.B.S Nagar","-1.0"
"1017","1993","9","Punjab","S.B.S Nagar","-1.0"
"1017","1994","9","Punjab","S.B.S Nagar","-1.0"
"1017","1995","9","Punjab","S.B.S Nagar","42.0"
"1017","1996","9","Punjab","S.B.S Nagar","41.0"
"1017","1997","9","Punjab","S.B.S Nagar","43.0"
"1017","1998","9","Punjab","S.B.S Nagar","46.0"
"1017","1999","9","Punjab","S.B.S Nagar","46.0"
"1017","2000","9","Punjab","S.B.S Nagar","47.0"
"1017","2001","9","Punjab","S.B.S Nagar","45.0"
"1017","2002","9","Punjab","S.B.S Nagar","43.0"
"1017","2003","9","Punjab","S.B.S Nagar","47.0"
"1017","2004","9","Punjab","S.B.S Nagar","50.0"
"1017","2005","9","Punjab","S.B.S Nagar","49.0"
"1017","2006","9","Punjab","S.B.S Nagar","53.0"
"1017","2007","9","Punjab","S.B.S Nagar","50.0"
"1017","2008","9","Punjab","S.B.S Nagar","52.0"
"1017","2009","9","Punjab","S.B.S Nagar","56.0"
"1017","2010","9","Punjab","S.B.S Nagar","58.0"
"1017","2011","9","Punjab","S.B.S Nagar","57.0"
"1017","2012","9","Punjab","S.B.S Nagar","57.0"
"1017","2013","9","Punjab","S.B.S Nagar","56.0"
"1017","2014","9","Punjab","S.B.S Nagar","57.0"
"1017","2015","9","Punjab","S.B.S Nagar","59.0"
"1017","2016","9","Punjab","S.B.S Nagar","60.0"
"1017","2017","9","Punjab","S.B.S Nagar","60.0"
"1017","2018","9","Punjab","S.B.S Nagar","60.0"
"1017","2019","9","Punjab","S.B.S Nagar","60.0"
"1018","1990","9","Punjab","Shri Mukatsar Sahib","-1.0"
"1018","1991","9","Punjab","Shri Mukatsar Sahib","-1.0"
"1018","1992","9","Punjab","Shri Mukatsar Sahib","-1.0"
"1018","1993","9","Punjab","Shri Mukatsar Sahib","-1.0"
"1018","1994","9","Punjab","Shri Mukatsar Sahib","-1.0"
"1018","1995","9","Punjab","Shri Mukatsar Sahib","6.0"
"1018","1996","9","Punjab","Shri Mukatsar Sahib","19.0"
"1018","1997","9","Punjab","Shri Mukatsar Sahib","22.0"
"1018","1998","9","Punjab","Shri Mukatsar Sahib","77.0"
"1018","1999","9","Punjab","Shri Mukatsar Sahib","91.0"
"1018","2000","9","Punjab","Shri Mukatsar Sahib","89.0"
"1018","2001","9","Punjab","Shri Mukatsar Sahib","65.0"
"1018","2002","9","Punjab","Shri Mukatsar Sahib","83.0"
"1018","2003","9","Punjab","Shri Mukatsar Sahib","87.0"
"1018","2004","9","Punjab","Shri Mukatsar Sahib","86.0"
"1018","2005","9","Punjab","Shri Mukatsar Sahib","77.0"
"1018","2006","9","Punjab","Shri Mukatsar Sahib","68.0"
"1018","2007","9","Punjab","Shri Mukatsar Sahib","68.0"
"1018","2008","9","Punjab","Shri Mukatsar Sahib","95.0"
"1018","2009","9","Punjab","Shri Mukatsar Sahib","100.0"
"1018","2010","9","Punjab","Shri Mukatsar Sahib","111.0"
"1018","2011","9","Punjab","Shri Mukatsar Sahib","113.0"
"1018","2012","9","Punjab","Shri Mukatsar Sahib","118.0"
"1018","2013","9","Punjab","Shri Mukatsar Sahib","115.0"
"1018","2014","9","Punjab","Shri Mukatsar Sahib","135.0"
"1018","2015","9","Punjab","Shri Mukatsar Sahib","158.0"
"1018","2016","9","Punjab","Shri Mukatsar Sahib","173.0"
"1018","2017","9","Punjab","Shri Mukatsar Sahib","173.0"
"1018","2018","9","Punjab","Shri Mukatsar Sahib","179.0"
"1018","2019","9","Punjab","Shri Mukatsar Sahib","190.0"
"1019","1990","9","Punjab","Moga","-1.0"
"1019","1991","9","Punjab","Moga","-1.0"
"1019","1992","9","Punjab","Moga","-1.0"
"1019","1993","9","Punjab","Moga","-1.0"
"1019","1994","9","Punjab","Moga","-1.0"
"1019","1995","9","Punjab","Moga","108.0"
"1019","1996","9","Punjab","Moga","102.0"
"1019","1997","9","Punjab","Moga","107.0"
"1019","1998","9","Punjab","Moga","118.0"
"1019","1999","9","Punjab","Moga","117.0"
"1019","2000","9","Punjab","Moga","159.0"
"1019","2001","9","Punjab","Moga","152.0"
"1019","2002","9","Punjab","Moga","149.0"
"1019","2003","9","Punjab","Moga","163.0"
"1019","2004","9","Punjab","Moga","164.0"
"1019","2005","9","Punjab","Moga","167.0"
"1019","2006","9","Punjab","Moga","168.0"
"1019","2007","9","Punjab","Moga","169.0"
"1019","2008","9","Punjab","Moga","174.0"
"1019","2009","9","Punjab","Moga","172.0"
"1019","2010","9","Punjab","Moga","172.0"
"1019","2011","9","Punjab","Moga","174.0"
"1019","2012","9","Punjab","Moga","176.0"
"1019","2013","9","Punjab","Moga","176.0"
"1019","2014","9","Punjab","Moga","177.0"
"1019","2015","9","Punjab","Moga","183.0"
"1019","2016","9","Punjab","Moga","178.0"
"1019","2017","9","Punjab","Moga","181.0"
"1019","2018","9","Punjab","Moga","181.0"
"1019","2019","9","Punjab","Moga","181.0"
"1072","1990","7","Maharashtra","Gondia","-1.0"
"1072","1991","7","Maharashtra","Gondia","-1.0"
"1072","1992","7","Maharashtra","Gondia","-1.0"
"1072","1993","7","Maharashtra","Gondia","-1.0"
"1072","1994","7","Maharashtra","Gondia","-1.0"
"1072","1995","7","Maharashtra","Gondia","-1.0"
"1072","1996","7","Maharashtra","Gondia","-1.0"
"1072","1997","7","Maharashtra","Gondia","-1.0"
"1072","1998","7","Maharashtra","Gondia","-1.0"
"1072","1999","7","Maharashtra","Gondia","190.2"
"1072","2000","7","Maharashtra","Gondia","183.4"
"1072","2001","7","Maharashtra","Gondia","181.2"
"1072","2002","7","Maharashtra","Gondia","172.6"
"1072","2003","7","Maharashtra","Gondia","176.6"
"1072","2004","7","Maharashtra","Gondia","163.8"
"1072","2005","7","Maharashtra","Gondia","188.5"
"1072","2006","7","Maharashtra","Gondia","197.7"
"1072","2007","7","Maharashtra","Gondia","204.9"
"1072","2008","7","Maharashtra","Gondia","186.9"
"1072","2009","7","Maharashtra","Gondia","183.1"
"1072","2010","7","Maharashtra","Gondia","189.2"
"1072","2011","7","Maharashtra","Gondia","180.5"
"1072","2012","7","Maharashtra","Gondia","186.4"
"1072","2013","7","Maharashtra","Gondia","201.5"
"1072","2014","7","Maharashtra","Gondia","187.6"
"1072","2015","7","Maharashtra","Gondia","182.5"
"1072","2016","7","Maharashtra","Gondia","209.3"
"1072","2017","7","Maharashtra","Gondia","143.01"
"1072","2018","7","Maharashtra","Gondia","152.05"
"1072","2019","7","Maharashtra","Gondia","192.83"
"1073","1990","7","Maharashtra","Hingoli","-1.0"
"1073","1991","7","Maharashtra","Hingoli","-1.0"
"1073","1992","7","Maharashtra","Hingoli","-1.0"
"1073","1993","7","Maharashtra","Hingoli","-1.0"
"1073","1994","7","Maharashtra","Hingoli","-1.0"
"1073","1995","7","Maharashtra","Hingoli","-1.0"
"1073","1996","7","Maharashtra","Hingoli","-1.0"
"1073","1997","7","Maharashtra","Hingoli","-1.0"
"1073","1998","7","Maharashtra","Hingoli","-1.0"
"1073","1999","7","Maharashtra","Hingoli","15.0"
"1073","2000","7","Maharashtra","Hingoli","14.7"
"1073","2001","7","Maharashtra","Hingoli","14.5"
"1073","2002","7","Maharashtra","Hingoli","15.9"
"1073","2003","7","Maharashtra","Hingoli","9.5"
"1073","2004","7","Maharashtra","Hingoli","7.8"
"1073","2005","7","Maharashtra","Hingoli","4.5"
"1073","2006","7","Maharashtra","Hingoli","4.3"
"1073","2007","7","Maharashtra","Hingoli","4.1"
"1073","2008","7","Maharashtra","Hingoli","0.5"
"1073","2009","7","Maharashtra","Hingoli","1.2"
"1073","2010","7","Maharashtra","Hingoli","1.1"
"1073","2011","7","Maharashtra","Hingoli","0.6"
"1073","2012","7","Maharashtra","Hingoli","0.6"
"1073","2013","7","Maharashtra","Hingoli","0.0"
"1073","2014","7","Maharashtra","Hingoli","0.0"
"1073","2015","7","Maharashtra","Hingoli","0.0"
"1073","2016","7","Maharashtra","Hingoli","0.0"
"1073","2017","7","Maharashtra","Hingoli","0.0"
"1073","2018","7","Maharashtra","Hingoli","0.0"
"1073","2019","7","Maharashtra","Hingoli","0.0"
"1074","1990","7","Maharashtra","Nandurbar","-1.0"
"1074","1991","7","Maharashtra","Nandurbar","-1.0"
"1074","1992","7","Maharashtra","Nandurbar","-1.0"
"1074","1993","7","Maharashtra","Nandurbar","-1.0"
"1074","1994","7","Maharashtra","Nandurbar","-1.0"
"1074","1995","7","Maharashtra","Nandurbar","-1.0"
"1074","1996","7","Maharashtra","Nandurbar","-1.0"
"1074","1997","7","Maharashtra","Nandurbar","-1.0"
"1074","1998","7","Maharashtra","Nandurbar","15.5"
"1074","1999","7","Maharashtra","Nandurbar","21.7"
"1074","2000","7","Maharashtra","Nandurbar","21.0"
"1074","2001","7","Maharashtra","Nandurbar","20.0"
"1074","2002","7","Maharashtra","Nandurbar","19.8"
"1074","2003","7","Maharashtra","Nandurbar","22.4"
"1074","2004","7","Maharashtra","Nandurbar","21.2"
"1074","2005","7","Maharashtra","Nandurbar","19.7"
"1074","2006","7","Maharashtra","Nandurbar","20.0"
"1074","2007","7","Maharashtra","Nandurbar","21.0"
"1074","2008","7","Maharashtra","Nandurbar","20.4"
"1074","2009","7","Maharashtra","Nandurbar","18.7"
"1074","2010","7","Maharashtra","Nandurbar","23.4"
"1074","2011","7","Maharashtra","Nandurbar","19.4"
"1074","2012","7","Maharashtra","Nandurbar","19.5"
"1074","2013","7","Maharashtra","Nandurbar","22.5"
"1074","2014","7","Maharashtra","Nandurbar","18.2"
"1074","2015","7","Maharashtra","Nandurbar","18.9"
"1074","2016","7","Maharashtra","Nandurbar","25.3"
"1074","2017","7","Maharashtra","Nandurbar","26.6"
"1074","2018","7","Maharashtra","Nandurbar","26.12"
"1074","2019","7","Maharashtra","Nandurbar","26.96"
"1075","1990","7","Maharashtra","Washim","-1.0"
"1075","1991","7","Maharashtra","Washim","-1.0"
"1075","1992","7","Maharashtra","Washim","-1.0"
"1075","1993","7","Maharashtra","Washim","-1.0"
"1075","1994","7","Maharashtra","Washim","-1.0"
"1075","1995","7","Maharashtra","Washim","-1.0"
"1075","1996","7","Maharashtra","Washim","-1.0"
"1075","1997","7","Maharashtra","Washim","-1.0"
"1075","1998","7","Maharashtra","Washim","0.0"
"1075","1999","7","Maharashtra","Washim","1.9"
"1075","2000","7","Maharashtra","Washim","2.0"
"1075","2001","7","Maharashtra","Washim","1.3"
"1075","2002","7","Maharashtra","Washim","1.1"
"1075","2003","7","Maharashtra","Washim","0.9"
"1075","2004","7","Maharashtra","Washim","0.5"
"1075","2005","7","Maharashtra","Washim","0.3"
"1075","2006","7","Maharashtra","Washim","0.2"
"1075","2007","7","Maharashtra","Washim","0.1"
"1075","2008","7","Maharashtra","Washim","0.1"
"1075","2009","7","Maharashtra","Washim","0.1"
"1075","2010","7","Maharashtra","Washim","0.0"
"1075","2011","7","Maharashtra","Washim","0.2"
"1075","2012","7","Maharashtra","Washim","0.0"
"1075","2013","7","Maharashtra","Washim","0.0"
"1075","2014","7","Maharashtra","Washim","0.0"
"1075","2015","7","Maharashtra","Washim","0.0"
"1075","2016","7","Maharashtra","Washim","0.0"
"1075","2017","7","Maharashtra","Washim","0.0"
"1075","2018","7","Maharashtra","Washim","0.0"
"1075","2019","7","Maharashtra","Washim","0.0"
"1076","1990","7","Maharashtra","Mumbai sub","-1.0"
"1076","1991","7","Maharashtra","Mumbai sub","-1.0"
"1076","1992","7","Maharashtra","Mumbai sub","-1.0"
"1076","1993","7","Maharashtra","Mumbai sub","-1.0"
"1076","1994","7","Maharashtra","Mumbai sub","-1.0"
"1076","1995","7","Maharashtra","Mumbai sub","-1.0"
"1076","1996","7","Maharashtra","Mumbai sub","-1.0"
"1076","1997","7","Maharashtra","Mumbai sub","-1.0"
"1076","1998","7","Maharashtra","Mumbai sub","0.0"
"1076","1999","7","Maharashtra","Mumbai sub","0.0"
"1076","2000","7","Maharashtra","Mumbai sub","0.0"
"1076","2001","7","Maharashtra","Mumbai sub","0.0"
"1076","2002","7","Maharashtra","Mumbai sub","0.0"
"1076","2003","7","Maharashtra","Mumbai sub","0.0"
"1076","2004","7","Maharashtra","Mumbai sub","0.0"
"1076","2005","7","Maharashtra","Mumbai sub","0.0"
"1076","2006","7","Maharashtra","Mumbai sub","0.0"
"1076","2007","7","Maharashtra","Mumbai sub","0.0"
"1076","2008","7","Maharashtra","Mumbai sub","-1.0"
"1076","2009","7","Maharashtra","Mumbai sub","-1.0"
"1076","2010","7","Maharashtra","Mumbai sub","0.0"
"1076","2011","7","Maharashtra","Mumbai sub","0.0"
"1076","2012","7","Maharashtra","Mumbai sub","0.0"
"1076","2013","7","Maharashtra","Mumbai sub","-1.0"
"1076","2014","7","Maharashtra","Mumbai sub","-1.0"
"1076","2015","7","Maharashtra","Mumbai sub","-1.0"
"1076","2016","7","Maharashtra","Mumbai sub","0.0"
"1076","2017","7","Maharashtra","Mumbai sub","-1.0"
"1076","2018","7","Maharashtra","Mumbai sub","0.0"
"1076","2019","7","Maharashtra","Mumbai sub","0.0"
"2009","1990","9","Punjab","Taran Taran","-1.0"
"2009","1991","9","Punjab","Taran Taran","-1.0"
"2009","1992","9","Punjab","Taran Taran","-1.0"
"2009","1993","9","Punjab","Taran Taran","-1.0"
"2009","1994","9","Punjab","Taran Taran","-1.0"
"2009","1995","9","Punjab","Taran Taran","-1.0"
"2009","1996","9","Punjab","Taran Taran","-1.0"
"2009","1997","9","Punjab","Taran Taran","-1.0"
"2009","1998","9","Punjab","Taran Taran","-1.0"
"2009","1999","9","Punjab","Taran Taran","-1.0"
"2009","2000","9","Punjab","Taran Taran","-1.0"
"2009","2001","9","Punjab","Taran Taran","-1.0"
"2009","2002","9","Punjab","Taran Taran","-1.0"
"2009","2003","9","Punjab","Taran Taran","-1.0"
"2009","2004","9","Punjab","Taran Taran","-1.0"
"2009","2005","9","Punjab","Taran Taran","166.0"
"2009","2006","9","Punjab","Taran Taran","173.0"
"2009","2007","9","Punjab","Taran Taran","171.0"
"2009","2008","9","Punjab","Taran Taran","169.0"
"2009","2009","9","Punjab","Taran Taran","172.0"
"2009","2010","9","Punjab","Taran Taran","172.0"
"2009","2011","9","Punjab","Taran Taran","173.0"
"2009","2012","9","Punjab","Taran Taran","179.0"
"2009","2013","9","Punjab","Taran Taran","177.0"
"2009","2014","9","Punjab","Taran Taran","176.0"
"2009","2015","9","Punjab","Taran Taran","178.0"
"2009","2016","9","Punjab","Taran Taran","186.0"
"2009","2017","9","Punjab","Taran Taran","182.0"
"2009","2018","9","Punjab","Taran Taran","186.0"
"2009","2019","9","Punjab","Taran Taran","184.0"
"2010","1990","9","Punjab","Barnala","-1.0"
"2010","1991","9","Punjab","Barnala","-1.0"
"2010","1992","9","Punjab","Barnala","-1.0"
"2010","1993","9","Punjab","Barnala","-1.0"
"2010","1994","9","Punjab","Barnala","-1.0"
"2010","1995","9","Punjab","Barnala","-1.0"
"2010","1996","9","Punjab","Barnala","-1.0"
"2010","1997","9","Punjab","Barnala","-1.0"
"2010","1998","9","Punjab","Barnala","-1.0"
"2010","1999","9","Punjab","Barnala","-1.0"
"2010","2000","9","Punjab","Barnala","-1.0"
"2010","2001","9","Punjab","Barnala","-1.0"
"2010","2002","9","Punjab","Barnala","-1.0"
"2010","2003","9","Punjab","Barnala","-1.0"
"2010","2004","9","Punjab","Barnala","-1.0"
"2010","2005","9","Punjab","Barnala","-1.0"
"2010","2006","9","Punjab","Barnala","100.0"
"2010","2007","9","Punjab","Barnala","99.0"
"2010","2008","9","Punjab","Barnala","102.0"
"2010","2009","9","Punjab","Barnala","104.0"
"2010","2010","9","Punjab","Barnala","105.0"
"2010","2011","9","Punjab","Barnala","105.0"
"2010","2012","9","Punjab","Barnala","106.0"
"2010","2013","9","Punjab","Barnala","107.0"
"2010","2014","9","Punjab","Barnala","108.0"
"2010","2015","9","Punjab","Barnala","110.0"
"2010","2016","9","Punjab","Barnala","112.0"
"2010","2017","9","Punjab","Barnala","113.0"
"2010","2018","9","Punjab","Barnala","114.0"
"2010","2019","9","Punjab","Barnala","114.0"
"2011","1990","9","Punjab","S.A.S Nagar","-1.0"
"2011","1991","9","Punjab","S.A.S Nagar","-1.0"
"2011","1992","9","Punjab","S.A.S Nagar","-1.0"
"2011","1993","9","Punjab","S.A.S Nagar","-1.0"
"2011","1994","9","Punjab","S.A.S Nagar","-1.0"
"2011","1995","9","Punjab","S.A.S Nagar","-1.0"
"2011","1996","9","Punjab","S.A.S Nagar","-1.0"
"2011","1997","9","Punjab","S.A.S Nagar","-1.0"
"2011","1998","9","Punjab","S.A.S Nagar","-1.0"
"2011","1999","9","Punjab","S.A.S Nagar","-1.0"
"2011","2000","9","Punjab","S.A.S Nagar","-1.0"
"2011","2001","9","Punjab","S.A.S Nagar","-1.0"
"2011","2002","9","Punjab","S.A.S Nagar","-1.0"
"2011","2003","9","Punjab","S.A.S Nagar","-1.0"
"2011","2004","9","Punjab","S.A.S Nagar","-1.0"
"2011","2005","9","Punjab","S.A.S Nagar","30.0"
"2011","2006","9","Punjab","S.A.S Nagar","29.0"
"2011","2007","9","Punjab","S.A.S Nagar","29.0"
"2011","2008","9","Punjab","S.A.S Nagar","27.0"
"2011","2009","9","Punjab","S.A.S Nagar","30.0"
"2011","2010","9","Punjab","S.A.S Nagar","37.0"
"2011","2011","9","Punjab","S.A.S Nagar","32.0"
"2011","2012","9","Punjab","S.A.S Nagar","31.0"
"2011","2013","9","Punjab","S.A.S Nagar","27.0"
"2011","2014","9","Punjab","S.A.S Nagar","29.0"
"2011","2015","9","Punjab","S.A.S Nagar","31.0"
"2011","2016","9","Punjab","S.A.S Nagar","31.0"
"2011","2017","9","Punjab","S.A.S Nagar","31.0"
"2011","2018","9","Punjab","S.A.S Nagar","31.0"
"2011","2019","9","Punjab","S.A.S Nagar","29.0"
"2027","1990","7","Maharashtra","Mumbai City","0.3"
"2027","1991","7","Maharashtra","Mumbai City","0.3"
"2027","1992","7","Maharashtra","Mumbai City","0.0"
"2027","1993","7","Maharashtra","Mumbai City","0.0"
"2027","1994","7","Maharashtra","Mumbai City","0.0"
"2027","1995","7","Maharashtra","Mumbai City","0.0"
"2027","1996","7","Maharashtra","Mumbai City","0.0"
"2027","1997","7","Maharashtra","Mumbai City","0.0"
"2027","1998","7","Maharashtra","Mumbai City","-1.0"
"2027","1999","7","Maharashtra","Mumbai City","-1.0"
"2027","2000","7","Maharashtra","Mumbai City","-1.0"
"2027","2001","7","Maharashtra","Mumbai City","-1.0"
"2027","2002","7","Maharashtra","Mumbai City","-1.0"
"2027","2003","7","Maharashtra","Mumbai City","-1.0"
"2027","2004","7","Maharashtra","Mumbai City","-1.0"
"2027","2005","7","Maharashtra","Mumbai City","-1.0"
"2027","2006","7","Maharashtra","Mumbai City","-1.0"
"2027","2007","7","Maharashtra","Mumbai City","-1.0"
"2027","2008","7","Maharashtra","Mumbai City","0.0"
"2027","2009","7","Maharashtra","Mumbai City","0.0"
"2027","2010","7","Maharashtra","Mumbai City","-1.0"
"2027","2011","7","Maharashtra","Mumbai City","-1.0"
"2027","2012","7","Maharashtra","Mumbai City","-1.0"
"2027","2013","7","Maharashtra","Mumbai City","-1.0"
"2027","2014","7","Maharashtra","Mumbai City","-1.0"
"2027","2015","7","Maharashtra","Mumbai City","-1.0"
"2027","2016","7","Maharashtra","Mumbai City","-1.0"
"2027","2017","7","Maharashtra","Mumbai City","-1.0"
"2027","2018","7","Maharashtra","Mumbai City","0.0"
"2027","2019","7","Maharashtra","Mumbai City","0.0"
"2030","1990","9","Punjab","Pathankot","-1.0"
"2030","1991","9","Punjab","Pathankot","-1.0"
"2030","1992","9","Punjab","Pathankot","-1.0"
"2030","1993","9","Punjab","Pathankot","-1.0"
"2030","1994","9","Punjab","Pathankot","-1.0"
"2030","1995","9","Punjab","Pathankot","-1.0"
"2030","1996","9","Punjab","Pathankot","-1.0"
"2030","1997","9","Punjab","Pathankot","-1.0"
"2030","1998","9","Punjab","Pathankot","-1.0"
"2030","1999","9","Punjab","Pathankot","-1.0"
"2030","2000","9","Punjab","Pathankot","-1.0"
"2030","2001","9","Punjab","Pathankot","-1.0"
"2030","2002","9","Punjab","Pathankot","-1.0"
"2030","2003","9","Punjab","Pathankot","-1.0"
"2030","2004","9","Punjab","Pathankot","-1.0"
"2030","2005","9","Punjab","Pathankot","-1.0"
"2030","2006","9","Punjab","Pathankot","-1.0"
"2030","2007","9","Punjab","Pathankot","-1.0"
"2030","2008","9","Punjab","Pathankot","-1.0"
"2030","2009","9","Punjab","Pathankot","-1.0"
"2030","2010","9","Punjab","Pathankot","-1.0"
"2030","2011","9","Punjab","Pathankot","0.0"
"2030","2012","9","Punjab","Pathankot","27.0"
"2030","2013","9","Punjab","Pathankot","29.0"
"2030","2014","9","Punjab","Pathankot","29.0"
"2030","2015","9","Punjab","Pathankot","28.0"
"2030","2016","9","Punjab","Pathankot","28.0"
"2030","2017","9","Punjab","Pathankot","28.0"
"2030","2018","9","Punjab","Pathankot","28.0"
"2030","2019","9","Punjab","Pathankot","28.0"
"2043","1990","9","Punjab","Fazilka","-1.0"
"2043","1991","9","Punjab","Fazilka","-1.0"
"2043","1992","9","Punjab","Fazilka","-1.0"
"2043","1993","9","Punjab","Fazilka","-1.0"
"2043","1994","9","Punjab","Fazilka","-1.0"
"2043","1995","9","Punjab","Fazilka","-1.0"
"2043","1996","9","Punjab","Fazilka","-1.0"
"2043","1997","9","Punjab","Fazilka","-1.0"
"2043","1998","9","Punjab","Fazilka","-1.0"
"2043","1999","9","Punjab","Fazilka","-1.0"
"2043","2000","9","Punjab","Fazilka","-1.0"
"2043","2001","9","Punjab","Fazilka","-1.0"
"2043","2002","9","Punjab","Fazilka","-1.0"
"2043","2003","9","Punjab","Fazilka","-1.0"
"2043","2004","9","Punjab","Fazilka","-1.0"
"2043","2005","9","Punjab","Fazilka","-1.0"
"2043","2006","9","Punjab","Fazilka","-1.0"
"2043","2007","9","Punjab","Fazilka","-1.0"
"2043","2008","9","Punjab","Fazilka","-1.0"
"2043","2009","9","Punjab","Fazilka","-1.0"
"2043","2010","9","Punjab","Fazilka","-1.0"
"2043","2011","9","Punjab","Fazilka","0.0"
"2043","2012","9","Punjab","Fazilka","85.0"
"2043","2013","9","Punjab","Fazilka","92.0"
"2043","2014","9","Punjab","Fazilka","97.0"
"2043","2015","9","Punjab","Fazilka","104.0"
"2043","2016","9","Punjab","Fazilka","111.0"
"2043","2017","9","Punjab","Fazilka","109.0"
"2043","2018","9","Punjab","Fazilka","114.0"
"2043","2019","9","Punjab","Fazilka","191.0"
"2059","1990","7","Maharashtra","Palghar","-1.0"
"2059","1991","7","Maharashtra","Palghar","-1.0"
"2059","1992","7","Maharashtra","Palghar","-1.0"
"2059","1993","7","Maharashtra","Palghar","-1.0"
"2059","1994","7","Maharashtra","Palghar","-1.0"
"2059","1995","7","Maharashtra","Palghar","-1.0"
"2059","1996","7","Maharashtra","Palghar","-1.0"
"2059","1997","7","Maharashtra","Palghar","-1.0"
"2059","1998","7","Maharashtra","Palghar","-1.0"
"2059","1999","7","Maharashtra","Palghar","-1.0"
"2059","2000","7","Maharashtra","Palghar","-1.0"
"2059","2001","7","Maharashtra","Palghar","-1.0"
"2059","2002","7","Maharashtra","Palghar","-1.0"
"2059","2003","7","Maharashtra","Palghar","-1.0"
"2059","2004","7","Maharashtra","Palghar","-1.0"
"2059","2005","7","Maharashtra","Palghar","-1.0"
"2059","2006","7","Maharashtra","Palghar","-1.0"
"2059","2007","7","Maharashtra","Palghar","-1.0"
"2059","2008","7","Maharashtra","Palghar","-1.0"
"2059","2009","7","Maharashtra","Palghar","-1.0"
"2059","2010","7","Maharashtra","Palghar","-1.0"
"2059","2011","7","Maharashtra","Palghar","-1.0"
"2059","2012","7","Maharashtra","Palghar","-1.0"
"2059","2013","7","Maharashtra","Palghar","-1.0"
"2059","2014","7","Maharashtra","Palghar","74.8"
"2059","2015","7","Maharashtra","Palghar","78.5"
"2059","2016","7","Maharashtra","Palghar","77.6"
"2059","2017","7","Maharashtra","Palghar","77.93"
"2059","2018","7","Maharashtra","Palghar","78.04"
"2059","2019","7","Maharashtra","Palghar","78.04"