"Dist Code","Year","State Code","State Name","Dist Name","RICE YIELD (Kg per ha)"
"96","1990","7","Maharashtra","Thane","1926.0"
"96","1991","7","Maharashtra","Thane","1784.0"
"96","1992","7","Maharashtra","Thane","1935.0"
"96","1993","7","Maharashtra","Thane","2047.0"
"96","1994","7","Maharashtra","Thane","1898.0"
"96","1995","7","Maharashtra","Thane","2170.0"
"96","1996","7","Maharashtra","Thane","2599.0"
"96","1997","7","Maharashtra","Thane","2355.0"
"96","1998","7","Maharashtra","Thane","1920.0"
"96","1999","7","Maharashtra","Thane","2130.0"
"96","2000","7","Maharashtra","Thane","1237.0"
"96","2001","7","Maharashtra","Thane","2448.0"
"96","2002","7","Maharashtra","Thane","1138.0"
"96","2003","7","Maharashtra","Thane","2821.0"
"96","2004","7","Maharashtra","Thane","2379.0"
"96","2005","7","Maharashtra","Thane","2227.0"
"96","2006","7","Maharashtra","Thane","1836.0"
"96","2007","7","Maharashtra","Thane","2200.0"
"96","2008","7","Maharashtra","Thane","2158.0"
"96","2009","7","Maharashtra","Thane","2098.0"
"96","2010","7","Maharashtra","Thane","2029.0"
"96","2011","7","Maharashtra","Thane","2450.0"
"96","2012","7","Maharashtra","Thane","2600.0"
"96","2013","7","Maharashtra","Thane","2393.0"
"96","2014","7","Maharashtra","Thane","2421.0"
"96","2015","7","Maharashtra","Thane","2260.0"
"96","2016","7","Maharashtra","Thane","2717.0"
"96","2017","7","Maharashtra","Thane","1848.0"
"96","2018","7","Maharashtra","Thane","2540.0"
"96","2019","7","Maharashtra","Thane","2146.0"
"97","1990","7","Maharashtra","Raigarh","1650.0"
"97","1991","7","Maharashtra","Raigarh","2231.0"
"97","1992","7","Maharashtra","Raigarh","2119.0"
"97","1993","7","Maharashtra","Raigarh","2371.0"
"97","1994","7","Maharashtra","Raigarh","2198.0"
"97","1995","7","Maharashtra","Raigarh","2254.0"
"97","1996","7","Maharashtra","Raigarh","2333.0"
"97","1997","7","Maharashtra","Raigarh","2531.0"
"97","1998","7","Maharashtra","Raigarh","2568.0"
"97","1999","7","Maharashtra","Raigarh","2421.0"
"97","2000","7","Maharashtra","Raigarh","2166.0"
"97","2001","7","Maharashtra","Raigarh","2669.0"
"97","2002","7","Maharashtra","Raigarh","2086.0"
"97","2003","7","Maharashtra","Raigarh","2827.0"
"97","2004","7","Maharashtra","Raigarh","2235.0"
"97","2005","7","Maharashtra","Raigarh","2278.0"
"97","2006","7","Maharashtra","Raigarh","2379.0"
"97","2007","7","Maharashtra","Raigarh","2514.0"
"97","2008","7","Maharashtra","Raigarh","2720.0"
"97","2009","7","Maharashtra","Raigarh","2526.0"
"97","2010","7","Maharashtra","Raigarh","2370.0"
"97","2011","7","Maharashtra","Raigarh","2415.0"
"97","2012","7","Maharashtra","Raigarh","2606.0"
"97","2013","7","Maharashtra","Raigarh","2861.0"
"97","2014","7","Maharashtra","Raigarh","2800.0"
"97","2015","7","Maharashtra","Raigarh","2940.0"
"97","2016","7","Maharashtra","Raigarh","2728.0"
"97","2017","7","Maharashtra","Raigarh","2721.0"
"97","2018","7","Maharashtra","Raigarh","2841.0"
"97","2019","7","Maharashtra","Raigarh","1976.0"
"98","1990","7","Maharashtra","Ratnagiri","2224.0"
"98","1991","7","Maharashtra","Ratnagiri","2430.0"
"98","1992","7","Maharashtra","Ratnagiri","2116.0"
"98","1993","7","Maharashtra","Ratnagiri","2344.0"
"98","1994","7","Maharashtra","Ratnagiri","2213.0"
"98","1995","7","Maharashtra","Ratnagiri","2447.0"
"98","1996","7","Maharashtra","Ratnagiri","2568.0"
"98","1997","7","Maharashtra","Ratnagiri","2324.0"
"98","1998","7","Maharashtra","Ratnagiri","2794.0"
"98","1999","7","Maharashtra","Ratnagiri","2413.0"
"98","2000","7","Maharashtra","Ratnagiri","2121.0"
"98","2001","7","Maharashtra","Ratnagiri","2671.0"
"98","2002","7","Maharashtra","Ratnagiri","1892.0"
"98","2003","7","Maharashtra","Ratnagiri","3011.0"
"98","2004","7","Maharashtra","Ratnagiri","2361.0"
"98","2005","7","Maharashtra","Ratnagiri","2528.0"
"98","2006","7","Maharashtra","Ratnagiri","2708.0"
"98","2007","7","Maharashtra","Ratnagiri","2562.0"
"98","2008","7","Maharashtra","Ratnagiri","2597.0"
"98","2009","7","Maharashtra","Ratnagiri","2623.0"
"98","2010","7","Maharashtra","Ratnagiri","2860.0"
"98","2011","7","Maharashtra","Ratnagiri","2921.0"
"98","2012","7","Maharashtra","Ratnagiri","2909.0"
"98","2013","7","Maharashtra","Ratnagiri","2957.0"
"98","2014","7","Maharashtra","Ratnagiri","3041.0"
"98","2015","7","Maharashtra","Ratnagiri","2452.0"
"98","2016","7","Maharashtra","Ratnagiri","3138.0"
"98","2017","7","Maharashtra","Ratnagiri","2984.0"
"98","2018","7","Maharashtra","Ratnagiri","3166.0"
"98","2019","7","Maharashtra","Ratnagiri","3164.0"
"99","1990","7","Maharashtra","Nasik","1058.0"
"99","1991","7","Maharashtra","Nasik","769.0"
"99","1992","7","Maharashtra","Nasik","1175.0"
"99","1993","7","Maharashtra","Nasik","1256.0"
"99","1994","7","Maharashtra","Nasik","1237.0"
"99","1995","7","Maharashtra","Nasik","956.0"
"99","1996","7","Maharashtra","Nasik","1440.0"
"99","1997","7","Maharashtra","Nasik","1337.0"
"99","1998","7","Maharashtra","Nasik","1254.0"
"99","1999","7","Maharashtra","Nasik","1197.0"
"99","2000","7","Maharashtra","Nasik","873.0"
"99","2001","7","Maharashtra","Nasik","1208.0"
"99","2002","7","Maharashtra","Nasik","894.0"
"99","2003","7","Maharashtra","Nasik","1310.0"
"99","2004","7","Maharashtra","Nasik","1382.0"
"99","2005","7","Maharashtra","Nasik","1167.0"
"99","2006","7","Maharashtra","Nasik","1012.0"
"99","2007","7","Maharashtra","Nasik","1352.0"
"99","2008","7","Maharashtra","Nasik","1285.0"
"99","2009","7","Maharashtra","Nasik","392.0"
"99","2010","7","Maharashtra","Nasik","407.0"
"99","2011","7","Maharashtra","Nasik","1237.0"
"99","2012","7","Maharashtra","Nasik","1190.0"
"99","2013","7","Maharashtra","Nasik","1285.0"
"99","2014","7","Maharashtra","Nasik","1218.0"
"99","2015","7","Maharashtra","Nasik","1453.0"
"99","2016","7","Maharashtra","Nasik","2028.0"
"99","2017","7","Maharashtra","Nasik","2119.0"
"99","2018","7","Maharashtra","Nasik","1709.0"
"99","2019","7","Maharashtra","Nasik","1187.0"
"100","1990","7","Maharashtra","Dhule","926.0"
"100","1991","7","Maharashtra","Dhule","565.0"
"100","1992","7","Maharashtra","Dhule","691.0"
"100","1993","7","Maharashtra","Dhule","880.0"
"100","1994","7","Maharashtra","Dhule","831.0"
"100","1995","7","Maharashtra","Dhule","575.0"
"100","1996","7","Maharashtra","Dhule","947.0"
"100","1997","7","Maharashtra","Dhule","836.0"
"100","1998","7","Maharashtra","Dhule","602.0"
"100","1999","7","Maharashtra","Dhule","959.0"
"100","2000","7","Maharashtra","Dhule","367.0"
"100","2001","7","Maharashtra","Dhule","1143.0"
"100","2002","7","Maharashtra","Dhule","808.0"
"100","2003","7","Maharashtra","Dhule","1380.0"
"100","2004","7","Maharashtra","Dhule","1059.0"
"100","2005","7","Maharashtra","Dhule","980.0"
"100","2006","7","Maharashtra","Dhule","412.0"
"100","2007","7","Maharashtra","Dhule","802.0"
"100","2008","7","Maharashtra","Dhule","556.0"
"100","2009","7","Maharashtra","Dhule","482.0"
"100","2010","7","Maharashtra","Dhule","1334.0"
"100","2011","7","Maharashtra","Dhule","671.0"
"100","2012","7","Maharashtra","Dhule","960.0"
"100","2013","7","Maharashtra","Dhule","1260.0"
"100","2014","7","Maharashtra","Dhule","0.0"
"100","2015","7","Maharashtra","Dhule","1174.0"
"100","2016","7","Maharashtra","Dhule","1641.0"
"100","2017","7","Maharashtra","Dhule","2014.0"
"100","2018","7","Maharashtra","Dhule","1354.0"
"100","2019","7","Maharashtra","Dhule","1425.0"
"101","1990","7","Maharashtra","Jalgaon","684.0"
"101","1991","7","Maharashtra","Jalgaon","851.0"
"101","1992","7","Maharashtra","Jalgaon","1176.0"
"101","1993","7","Maharashtra","Jalgaon","1083.0"
"101","1994","7","Maharashtra","Jalgaon","1000.0"
"101","1995","7","Maharashtra","Jalgaon","938.0"
"101","1996","7","Maharashtra","Jalgaon","1176.0"
"101","1997","7","Maharashtra","Jalgaon","941.0"
"101","1998","7","Maharashtra","Jalgaon","1056.0"
"101","1999","7","Maharashtra","Jalgaon","944.0"
"101","2000","7","Maharashtra","Jalgaon","1235.0"
"101","2001","7","Maharashtra","Jalgaon","583.0"
"101","2002","7","Maharashtra","Jalgaon","889.0"
"101","2003","7","Maharashtra","Jalgaon","1222.0"
"101","2004","7","Maharashtra","Jalgaon","1000.0"
"101","2005","7","Maharashtra","Jalgaon","1500.0"
"101","2006","7","Maharashtra","Jalgaon","1000.0"
"101","2007","7","Maharashtra","Jalgaon","1400.0"
"101","2008","7","Maharashtra","Jalgaon","0.0"
"101","2009","7","Maharashtra","Jalgaon","450.0"
"101","2010","7","Maharashtra","Jalgaon","0.0"
"101","2011","7","Maharashtra","Jalgaon","1500.0"
"101","2012","7","Maharashtra","Jalgaon","0.0"
"101","2013","7","Maharashtra","Jalgaon","0.0"
"101","2014","7","Maharashtra","Jalgaon","0.0"
"101","2015","7","Maharashtra","Jalgaon","0.0"
"101","2016","7","Maharashtra","Jalgaon","0.0"
"101","2017","7","Maharashtra","Jalgaon","0.0"
"101","2018","7","Maharashtra","Jalgaon","0.0"
"101","2019","7","Maharashtra","Jalgaon","0.0"
"102","1990","7","Maharashtra","Ahmednagar","947.0"
"102","1991","7","Maharashtra","Ahmednagar","939.0"
"102","1992","7","Maharashtra","Ahmednagar","1284.0"
"102","1993","7","Maharashtra","Ahmednagar","842.0"
"102","1994","7","Maharashtra","Ahmednagar","882.0"
"102","1995","7","Maharashtra","Ahmednagar","1603.0"
"102","1996","7","Maharashtra","Ahmednagar","1333.0"
"102","1997","7","Maharashtra","Ahmednagar","1223.0"
"102","1998","7","Maharashtra","Ahmednagar","1321.0"
"102","1999","7","Maharashtra","Ahmednagar","1404.0"
"102","2000","7","Maharashtra","Ahmednagar","691.0"
"102","2001","7","Maharashtra","Ahmednagar","562.0"
"102","2002","7","Maharashtra","Ahmednagar","230.0"
"102","2003","7","Maharashtra","Ahmednagar","776.0"
"102","2004","7","Maharashtra","Ahmednagar","725.0"
"102","2005","7","Maharashtra","Ahmednagar","438.0"
"102","2006","7","Maharashtra","Ahmednagar","786.0"
"102","2007","7","Maharashtra","Ahmednagar","1191.0"
"102","2008","7","Maharashtra","Ahmednagar","978.0"
"102","2009","7","Maharashtra","Ahmednagar","378.0"
"102","2010","7","Maharashtra","Ahmednagar","937.0"
"102","2011","7","Maharashtra","Ahmednagar","987.0"
"102","2012","7","Maharashtra","Ahmednagar","615.0"
"102","2013","7","Maharashtra","Ahmednagar","2405.0"
"102","2014","7","Maharashtra","Ahmednagar","256.0"
"102","2015","7","Maharashtra","Ahmednagar","1229.0"
"102","2016","7","Maharashtra","Ahmednagar","1747.0"
"102","2017","7","Maharashtra","Ahmednagar","2302.0"
"102","2018","7","Maharashtra","Ahmednagar","413.0"
"102","2019","7","Maharashtra","Ahmednagar","1123.0"
"103","1990","7","Maharashtra","Pune","1388.0"
"103","1991","7","Maharashtra","Pune","1048.0"
"103","1992","7","Maharashtra","Pune","1321.0"
"103","1993","7","Maharashtra","Pune","854.0"
"103","1994","7","Maharashtra","Pune","1182.0"
"103","1995","7","Maharashtra","Pune","1518.0"
"103","1996","7","Maharashtra","Pune","1364.0"
"103","1997","7","Maharashtra","Pune","1105.0"
"103","1998","7","Maharashtra","Pune","1212.0"
"103","1999","7","Maharashtra","Pune","1446.0"
"103","2000","7","Maharashtra","Pune","1175.0"
"103","2001","7","Maharashtra","Pune","1462.0"
"103","2002","7","Maharashtra","Pune","693.0"
"103","2003","7","Maharashtra","Pune","1402.0"
"103","2004","7","Maharashtra","Pune","1259.0"
"103","2005","7","Maharashtra","Pune","1144.0"
"103","2006","7","Maharashtra","Pune","1078.0"
"103","2007","7","Maharashtra","Pune","1245.0"
"103","2008","7","Maharashtra","Pune","1234.0"
"103","2009","7","Maharashtra","Pune","818.0"
"103","2010","7","Maharashtra","Pune","1181.0"
"103","2011","7","Maharashtra","Pune","1381.0"
"103","2012","7","Maharashtra","Pune","1368.0"
"103","2013","7","Maharashtra","Pune","1866.0"
"103","2014","7","Maharashtra","Pune","1658.0"
"103","2015","7","Maharashtra","Pune","1965.0"
"103","2016","7","Maharashtra","Pune","2157.0"
"103","2017","7","Maharashtra","Pune","2385.0"
"103","2018","7","Maharashtra","Pune","1833.0"
"103","2019","7","Maharashtra","Pune","1809.0"
"104","1990","7","Maharashtra","Satara","1722.0"
"104","1991","7","Maharashtra","Satara","1899.0"
"104","1992","7","Maharashtra","Satara","1549.0"
"104","1993","7","Maharashtra","Satara","1961.0"
"104","1994","7","Maharashtra","Satara","1683.0"
"104","1995","7","Maharashtra","Satara","1553.0"
"104","1996","7","Maharashtra","Satara","2317.0"
"104","1997","7","Maharashtra","Satara","1563.0"
"104","1998","7","Maharashtra","Satara","2414.0"
"104","1999","7","Maharashtra","Satara","1616.0"
"104","2000","7","Maharashtra","Satara","1169.0"
"104","2001","7","Maharashtra","Satara","1731.0"
"104","2002","7","Maharashtra","Satara","1568.0"
"104","2003","7","Maharashtra","Satara","1661.0"
"104","2004","7","Maharashtra","Satara","1653.0"
"104","2005","7","Maharashtra","Satara","1683.0"
"104","2006","7","Maharashtra","Satara","2073.0"
"104","2007","7","Maharashtra","Satara","2065.0"
"104","2008","7","Maharashtra","Satara","2199.0"
"104","2009","7","Maharashtra","Satara","1520.0"
"104","2010","7","Maharashtra","Satara","1619.0"
"104","2011","7","Maharashtra","Satara","1644.0"
"104","2012","7","Maharashtra","Satara","1373.0"
"104","2013","7","Maharashtra","Satara","1500.0"
"104","2014","7","Maharashtra","Satara","1790.0"
"104","2015","7","Maharashtra","Satara","1512.0"
"104","2016","7","Maharashtra","Satara","1747.0"
"104","2017","7","Maharashtra","Satara","1812.0"
"104","2018","7","Maharashtra","Satara","2318.0"
"104","2019","7","Maharashtra","Satara","1438.0"
"105","1990","7","Maharashtra","Sangli","1599.0"
"105","1991","7","Maharashtra","Sangli","1861.0"
"105","1992","7","Maharashtra","Sangli","2119.0"
"105","1993","7","Maharashtra","Sangli","2087.0"
"105","1994","7","Maharashtra","Sangli","1186.0"
"105","1995","7","Maharashtra","Sangli","2397.0"
"105","1996","7","Maharashtra","Sangli","2291.0"
"105","1997","7","Maharashtra","Sangli","2058.0"
"105","1998","7","Maharashtra","Sangli","3160.0"
"105","1999","7","Maharashtra","Sangli","2637.0"
"105","2000","7","Maharashtra","Sangli","2172.0"
"105","2001","7","Maharashtra","Sangli","2667.0"
"105","2002","7","Maharashtra","Sangli","1535.0"
"105","2003","7","Maharashtra","Sangli","2532.0"
"105","2004","7","Maharashtra","Sangli","2497.0"
"105","2005","7","Maharashtra","Sangli","2182.0"
"105","2006","7","Maharashtra","Sangli","1597.0"
"105","2007","7","Maharashtra","Sangli","2332.0"
"105","2008","7","Maharashtra","Sangli","2070.0"
"105","2009","7","Maharashtra","Sangli","1875.0"
"105","2010","7","Maharashtra","Sangli","2667.0"
"105","2011","7","Maharashtra","Sangli","1862.0"
"105","2012","7","Maharashtra","Sangli","1928.0"
"105","2013","7","Maharashtra","Sangli","1759.0"
"105","2014","7","Maharashtra","Sangli","2026.0"
"105","2015","7","Maharashtra","Sangli","1920.0"
"105","2016","7","Maharashtra","Sangli","2554.0"
"105","2017","7","Maharashtra","Sangli","2312.0"
"105","2018","7","Maharashtra","Sangli","2634.0"
"105","2019","7","Maharashtra","Sangli","1268.0"
"106","1990","7","Maharashtra","Solapur","875.0"
"106","1991","7","Maharashtra","Solapur","756.0"
"106","1992","7","Maharashtra","Solapur","1000.0"
"106","1993","7","Maharashtra","Solapur","900.0"
"106","1994","7","Maharashtra","Solapur","778.0"
"106","1995","7","Maharashtra","Solapur","1050.0"
"106","1996","7","Maharashtra","Solapur","1348.0"
"106","1997","7","Maharashtra","Solapur","1091.0"
"106","1998","7","Maharashtra","Solapur","1138.0"
"106","1999","7","Maharashtra","Solapur","1313.0"
"106","2000","7","Maharashtra","Solapur","1133.0"
"106","2001","7","Maharashtra","Solapur","1333.0"
"106","2002","7","Maharashtra","Solapur","600.0"
"106","2003","7","Maharashtra","Solapur","500.0"
"106","2004","7","Maharashtra","Solapur","250.0"
"106","2005","7","Maharashtra","Solapur","250.0"
"106","2006","7","Maharashtra","Solapur","250.0"
"106","2007","7","Maharashtra","Solapur","1100.0"
"106","2008","7","Maharashtra","Solapur","1000.0"
"106","2009","7","Maharashtra","Solapur","100.0"
"106","2010","7","Maharashtra","Solapur","329.0"
"106","2011","7","Maharashtra","Solapur","286.0"
"106","2012","7","Maharashtra","Solapur","225.0"
"106","2013","7","Maharashtra","Solapur","250.0"
"106","2014","7","Maharashtra","Solapur","250.0"
"106","2015","7","Maharashtra","Solapur","0.0"
"106","2016","7","Maharashtra","Solapur","215.0"
"106","2017","7","Maharashtra","Solapur","117.0"
"106","2018","7","Maharashtra","Solapur","90.0"
"106","2019","7","Maharashtra","Solapur","157.0"
"107","1990","7","Maharashtra","Kolhapur","2515.0"
"107","1991","7","Maharashtra","Kolhapur","2483.0"
"107","1992","7","Maharashtra","Kolhapur","2616.0"
"107","1993","7","Maharashtra","Kolhapur","2403.0"
"107","1994","7","Maharashtra","Kolhapur","2317.0"
"107","1995","7","Maharashtra","Kolhapur","2234.0"
"107","1996","7","Maharashtra","Kolhapur","2708.0"
"107","1997","7","Maharashtra","Kolhapur","2297.0"
"107","1998","7","Maharashtra","Kolhapur","2726.0"
"107","1999","7","Maharashtra","Kolhapur","2537.0"
"107","2000","7","Maharashtra","Kolhapur","2190.0"
"107","2001","7","Maharashtra","Kolhapur","2733.0"
"107","2002","7","Maharashtra","Kolhapur","2212.0"
"107","2003","7","Maharashtra","Kolhapur","2323.0"
"107","2004","7","Maharashtra","Kolhapur","2532.0"
"107","2005","7","Maharashtra","Kolhapur","2275.0"
"107","2006","7","Maharashtra","Kolhapur","2594.0"
"107","2007","7","Maharashtra","Kolhapur","3005.0"
"107","2008","7","Maharashtra","Kolhapur","2510.0"
"107","2009","7","Maharashtra","Kolhapur","2588.0"
"107","2010","7","Maharashtra","Kolhapur","2885.0"
"107","2011","7","Maharashtra","Kolhapur","2678.0"
"107","2012","7","Maharashtra","Kolhapur","2617.0"
"107","2013","7","Maharashtra","Kolhapur","3119.0"
"107","2014","7","Maharashtra","Kolhapur","3029.0"
"107","2015","7","Maharashtra","Kolhapur","2461.0"
"107","2016","7","Maharashtra","Kolhapur","3483.0"
"107","2017","7","Maharashtra","Kolhapur","3054.0"
"107","2018","7","Maharashtra","Kolhapur","3077.0"
"107","2019","7","Maharashtra","Kolhapur","2437.0"
"108","1990","7","Maharashtra","Aurangabad","760.0"
"108","1991","7","Maharashtra","Aurangabad","318.0"
"108","1992","7","Maharashtra","Aurangabad","733.0"
"108","1993","7","Maharashtra","Aurangabad","800.0"
"108","1994","7","Maharashtra","Aurangabad","722.0"
"108","1995","7","Maharashtra","Aurangabad","417.0"
"108","1996","7","Maharashtra","Aurangabad","813.0"
"108","1997","7","Maharashtra","Aurangabad","1733.0"
"108","1998","7","Maharashtra","Aurangabad","500.0"
"108","1999","7","Maharashtra","Aurangabad","444.0"
"108","2000","7","Maharashtra","Aurangabad","667.0"
"108","2001","7","Maharashtra","Aurangabad","600.0"
"108","2002","7","Maharashtra","Aurangabad","333.0"
"108","2003","7","Maharashtra","Aurangabad","333.0"
"108","2004","7","Maharashtra","Aurangabad","667.0"
"108","2005","7","Maharashtra","Aurangabad","1000.0"
"108","2006","7","Maharashtra","Aurangabad","1000.0"
"108","2007","7","Maharashtra","Aurangabad","0.0"
"108","2008","7","Maharashtra","Aurangabad","0.0"
"108","2009","7","Maharashtra","Aurangabad","0.0"
"108","2010","7","Maharashtra","Aurangabad","2000.0"
"108","2011","7","Maharashtra","Aurangabad","0.0"
"108","2012","7","Maharashtra","Aurangabad","0.0"
"108","2013","7","Maharashtra","Aurangabad","0.0"
"108","2014","7","Maharashtra","Aurangabad","0.0"
"108","2015","7","Maharashtra","Aurangabad","0.0"
"108","2016","7","Maharashtra","Aurangabad","477.0"
"108","2017","7","Maharashtra","Aurangabad","0.0"
"108","2018","7","Maharashtra","Aurangabad","0.0"
"108","2019","7","Maharashtra","Aurangabad","200.0"
"109","1990","7","Maharashtra","Parbhani","992.0"
"109","1991","7","Maharashtra","Parbhani","395.0"
"109","1992","7","Maharashtra","Parbhani","791.0"
"109","1993","7","Maharashtra","Parbhani","815.0"
"109","1994","7","Maharashtra","Parbhani","861.0"
"109","1995","7","Maharashtra","Parbhani","612.0"
"109","1996","7","Maharashtra","Parbhani","668.0"
"109","1997","7","Maharashtra","Parbhani","461.0"
"109","1998","7","Maharashtra","Parbhani","450.0"
"109","1999","7","Maharashtra","Parbhani","462.0"
"109","2000","7","Maharashtra","Parbhani","344.0"
"109","2001","7","Maharashtra","Parbhani","552.0"
"109","2002","7","Maharashtra","Parbhani","500.0"
"109","2003","7","Maharashtra","Parbhani","375.0"
"109","2004","7","Maharashtra","Parbhani","313.0"
"109","2005","7","Maharashtra","Parbhani","386.0"
"109","2006","7","Maharashtra","Parbhani","410.0"
"109","2007","7","Maharashtra","Parbhani","388.0"
"109","2008","7","Maharashtra","Parbhani","328.0"
"109","2009","7","Maharashtra","Parbhani","371.0"
"109","2010","7","Maharashtra","Parbhani","455.0"
"109","2011","7","Maharashtra","Parbhani","353.0"
"109","2012","7","Maharashtra","Parbhani","93.0"
"109","2013","7","Maharashtra","Parbhani","429.0"
"109","2014","7","Maharashtra","Parbhani","0.0"
"109","2015","7","Maharashtra","Parbhani","0.0"
"109","2016","7","Maharashtra","Parbhani","200.0"
"109","2017","7","Maharashtra","Parbhani","0.0"
"109","2018","7","Maharashtra","Parbhani","200.0"
"109","2019","7","Maharashtra","Parbhani","100.0"
"110","1990","7","Maharashtra","Bid","800.0"
"110","1991","7","Maharashtra","Bid","253.0"
"110","1992","7","Maharashtra","Bid","705.0"
"110","1993","7","Maharashtra","Bid","750.0"
"110","1994","7","Maharashtra","Bid","778.0"
"110","1995","7","Maharashtra","Bid","426.0"
"110","1996","7","Maharashtra","Bid","761.0"
"110","1997","7","Maharashtra","Bid","1538.0"
"110","1998","7","Maharashtra","Bid","400.0"
"110","1999","7","Maharashtra","Bid","455.0"
"110","2000","7","Maharashtra","Bid","588.0"
"110","2001","7","Maharashtra","Bid","625.0"
"110","2002","7","Maharashtra","Bid","250.0"
"110","2003","7","Maharashtra","Bid","400.0"
"110","2004","7","Maharashtra","Bid","261.0"
"110","2005","7","Maharashtra","Bid","409.0"
"110","2006","7","Maharashtra","Bid","750.0"
"110","2007","7","Maharashtra","Bid","467.0"
"110","2008","7","Maharashtra","Bid","400.0"
"110","2009","7","Maharashtra","Bid","283.0"
"110","2010","7","Maharashtra","Bid","425.0"
"110","2011","7","Maharashtra","Bid","467.0"
"110","2012","7","Maharashtra","Bid","450.0"
"110","2013","7","Maharashtra","Bid","600.0"
"110","2014","7","Maharashtra","Bid","250.0"
"110","2015","7","Maharashtra","Bid","0.0"
"110","2016","7","Maharashtra","Bid","700.0"
"110","2017","7","Maharashtra","Bid","462.0"
"110","2018","7","Maharashtra","Bid","310.0"
"110","2019","7","Maharashtra","Bid","125.0"
"111","1990","7","Maharashtra","Nanded","980.0"
"111","1991","7","Maharashtra","Nanded","292.0"
"111","1992","7","Maharashtra","Nanded","734.0"
"111","1993","7","Maharashtra","Nanded","1000.0"
"111","1994","7","Maharashtra","Nanded","860.0"
"111","1995","7","Maharashtra","Nanded","576.0"
"111","1996","7","Maharashtra","Nanded","759.0"
"111","1997","7","Maharashtra","Nanded","588.0"
"111","1998","7","Maharashtra","Nanded","625.0"
"111","1999","7","Maharashtra","Nanded","598.0"
"111","2000","7","Maharashtra","Nanded","753.0"
"111","2001","7","Maharashtra","Nanded","1021.0"
"111","2002","7","Maharashtra","Nanded","635.0"
"111","2003","7","Maharashtra","Nanded","575.0"
"111","2004","7","Maharashtra","Nanded","500.0"
"111","2005","7","Maharashtra","Nanded","429.0"
"111","2006","7","Maharashtra","Nanded","603.0"
"111","2007","7","Maharashtra","Nanded","721.0"
"111","2008","7","Maharashtra","Nanded","525.0"
"111","2009","7","Maharashtra","Nanded","266.0"
"111","2010","7","Maharashtra","Nanded","521.0"
"111","2011","7","Maharashtra","Nanded","375.0"
"111","2012","7","Maharashtra","Nanded","523.0"
"111","2013","7","Maharashtra","Nanded","500.0"
"111","2014","7","Maharashtra","Nanded","125.0"
"111","2015","7","Maharashtra","Nanded","250.0"
"111","2016","7","Maharashtra","Nanded","1857.0"
"111","2017","7","Maharashtra","Nanded","1485.0"
"111","2018","7","Maharashtra","Nanded","1399.0"
"111","2019","7","Maharashtra","Nanded","1301.0"
"112","1990","7","Maharashtra","Osmanabad","961.0"
"112","1991","7","Maharashtra","Osmanabad","243.0"
"112","1992","7","Maharashtra","Osmanabad","683.0"
"112","1993","7","Maharashtra","Osmanabad","728.0"
"112","1994","7","Maharashtra","Osmanabad","634.0"
"112","1995","7","Maharashtra","Osmanabad","405.0"
"112","1996","7","Maharashtra","Osmanabad","700.0"
"112","1997","7","Maharashtra","Osmanabad","282.0"
"112","1998","7","Maharashtra","Osmanabad","243.0"
"112","1999","7","Maharashtra","Osmanabad","559.0"
"112","2000","7","Maharashtra","Osmanabad","488.0"
"112","2001","7","Maharashtra","Osmanabad","152.0"
"112","2002","7","Maharashtra","Osmanabad","311.0"
"112","2003","7","Maharashtra","Osmanabad","144.0"
"112","2004","7","Maharashtra","Osmanabad","362.0"
"112","2005","7","Maharashtra","Osmanabad","376.0"
"112","2006","7","Maharashtra","Osmanabad","383.0"
"112","2007","7","Maharashtra","Osmanabad","416.0"
"112","2008","7","Maharashtra","Osmanabad","360.0"
"112","2009","7","Maharashtra","Osmanabad","608.0"
"112","2010","7","Maharashtra","Osmanabad","302.0"
"112","2011","7","Maharashtra","Osmanabad","383.0"
"112","2012","7","Maharashtra","Osmanabad","239.0"
"112","2013","7","Maharashtra","Osmanabad","489.0"
"112","2014","7","Maharashtra","Osmanabad","191.0"
"112","2015","7","Maharashtra","Osmanabad","97.0"
"112","2016","7","Maharashtra","Osmanabad","190.0"
"112","2017","7","Maharashtra","Osmanabad","293.0"
"112","2018","7","Maharashtra","Osmanabad","0.0"
"112","2019","7","Maharashtra","Osmanabad","114.0"
"113","1990","7","Maharashtra","Buldhana","743.0"
"113","1991","7","Maharashtra","Buldhana","514.0"
"113","1992","7","Maharashtra","Buldhana","788.0"
"113","1993","7","Maharashtra","Buldhana","1037.0"
"113","1994","7","Maharashtra","Buldhana","846.0"
"113","1995","7","Maharashtra","Buldhana","545.0"
"113","1996","7","Maharashtra","Buldhana","800.0"
"113","1997","7","Maharashtra","Buldhana","429.0"
"113","1998","7","Maharashtra","Buldhana","800.0"
"113","1999","7","Maharashtra","Buldhana","500.0"
"113","2000","7","Maharashtra","Buldhana","1000.0"
"113","2001","7","Maharashtra","Buldhana","1000.0"
"113","2002","7","Maharashtra","Buldhana","1000.0"
"113","2003","7","Maharashtra","Buldhana","0.0"
"113","2004","7","Maharashtra","Buldhana","0.0"
"113","2005","7","Maharashtra","Buldhana","0.0"
"113","2006","7","Maharashtra","Buldhana","0.0"
"113","2007","7","Maharashtra","Buldhana","0.0"
"113","2008","7","Maharashtra","Buldhana","0.0"
"113","2009","7","Maharashtra","Buldhana","0.0"
"113","2010","7","Maharashtra","Buldhana","0.0"
"113","2011","7","Maharashtra","Buldhana","0.0"
"113","2012","7","Maharashtra","Buldhana","0.0"
"113","2013","7","Maharashtra","Buldhana","0.0"
"113","2014","7","Maharashtra","Buldhana","0.0"
"113","2015","7","Maharashtra","Buldhana","0.0"
"113","2016","7","Maharashtra","Buldhana","400.0"
"113","2017","7","Maharashtra","Buldhana","0.0"
"113","2018","7","Maharashtra","Buldhana","0.0"
"113","2019","7","Maharashtra","Buldhana","0.0"
"114","1990","7","Maharashtra","Akola","714.0"
"114","1991","7","Maharashtra","Akola","485.0"
"114","1992","7","Maharashtra","Akola","815.0"
"114","1993","7","Maharashtra","Akola","968.0"
"114","1994","7","Maharashtra","Akola","897.0"
"114","1995","7","Maharashtra","Akola","551.0"
"114","1996","7","Maharashtra","Akola","606.0"
"114","1997","7","Maharashtra","Akola","545.0"
"114","1998","7","Maharashtra","Akola","700.0"
"114","1999","7","Maharashtra","Akola","0.0"
"114","2000","7","Maharashtra","Akola","0.0"
"114","2001","7","Maharashtra","Akola","0.0"
"114","2002","7","Maharashtra","Akola","0.0"
"114","2003","7","Maharashtra","Akola","0.0"
"114","2004","7","Maharashtra","Akola","0.0"
"114","2005","7","Maharashtra","Akola","0.0"
"114","2006","7","Maharashtra","Akola","0.0"
"114","2007","7","Maharashtra","Akola","0.0"
"114","2008","7","Maharashtra","Akola","0.0"
"114","2009","7","Maharashtra","Akola","0.0"
"114","2010","7","Maharashtra","Akola","0.0"
"114","2011","7","Maharashtra","Akola","0.0"
"114","2012","7","Maharashtra","Akola","0.0"
"114","2013","7","Maharashtra","Akola","0.0"
"114","2014","7","Maharashtra","Akola","0.0"
"114","2015","7","Maharashtra","Akola","0.0"
"114","2016","7","Maharashtra","Akola","0.0"
"114","2017","7","Maharashtra","Akola","0.0"
"114","2018","7","Maharashtra","Akola","0.0"
"114","2019","7","Maharashtra","Akola","0.0"
"115","1990","7","Maharashtra","Amarawati","399.0"
"115","1991","7","Maharashtra","Amarawati","439.0"
"115","1992","7","Maharashtra","Amarawati","591.0"
"115","1993","7","Maharashtra","Amarawati","865.0"
"115","1994","7","Maharashtra","Amarawati","963.0"
"115","1995","7","Maharashtra","Amarawati","616.0"
"115","1996","7","Maharashtra","Amarawati","798.0"
"115","1997","7","Maharashtra","Amarawati","611.0"
"115","1998","7","Maharashtra","Amarawati","701.0"
"115","1999","7","Maharashtra","Amarawati","636.0"
"115","2000","7","Maharashtra","Amarawati","494.0"
"115","2001","7","Maharashtra","Amarawati","942.0"
"115","2002","7","Maharashtra","Amarawati","655.0"
"115","2003","7","Maharashtra","Amarawati","588.0"
"115","2004","7","Maharashtra","Amarawati","438.0"
"115","2005","7","Maharashtra","Amarawati","490.0"
"115","2006","7","Maharashtra","Amarawati","541.0"
"115","2007","7","Maharashtra","Amarawati","822.0"
"115","2008","7","Maharashtra","Amarawati","400.0"
"115","2009","7","Maharashtra","Amarawati","1449.0"
"115","2010","7","Maharashtra","Amarawati","726.0"
"115","2011","7","Maharashtra","Amarawati","756.0"
"115","2012","7","Maharashtra","Amarawati","408.0"
"115","2013","7","Maharashtra","Amarawati","170.0"
"115","2014","7","Maharashtra","Amarawati","302.0"
"115","2015","7","Maharashtra","Amarawati","214.0"
"115","2016","7","Maharashtra","Amarawati","667.0"
"115","2017","7","Maharashtra","Amarawati","337.0"
"115","2018","7","Maharashtra","Amarawati","405.0"
"115","2019","7","Maharashtra","Amarawati","192.0"
"116","1990","7","Maharashtra","Yeotmal","795.0"
"116","1991","7","Maharashtra","Yeotmal","427.0"
"116","1992","7","Maharashtra","Yeotmal","774.0"
"116","1993","7","Maharashtra","Yeotmal","687.0"
"116","1994","7","Maharashtra","Yeotmal","943.0"
"116","1995","7","Maharashtra","Yeotmal","560.0"
"116","1996","7","Maharashtra","Yeotmal","807.0"
"116","1997","7","Maharashtra","Yeotmal","565.0"
"116","1998","7","Maharashtra","Yeotmal","741.0"
"116","1999","7","Maharashtra","Yeotmal","868.0"
"116","2000","7","Maharashtra","Yeotmal","827.0"
"116","2001","7","Maharashtra","Yeotmal","1000.0"
"116","2002","7","Maharashtra","Yeotmal","649.0"
"116","2003","7","Maharashtra","Yeotmal","606.0"
"116","2004","7","Maharashtra","Yeotmal","333.0"
"116","2005","7","Maharashtra","Yeotmal","500.0"
"116","2006","7","Maharashtra","Yeotmal","500.0"
"116","2007","7","Maharashtra","Yeotmal","667.0"
"116","2008","7","Maharashtra","Yeotmal","400.0"
"116","2009","7","Maharashtra","Yeotmal","1650.0"
"116","2010","7","Maharashtra","Yeotmal","0.0"
"116","2011","7","Maharashtra","Yeotmal","1000.0"
"116","2012","7","Maharashtra","Yeotmal","400.0"
"116","2013","7","Maharashtra","Yeotmal","0.0"
"116","2014","7","Maharashtra","Yeotmal","0.0"
"116","2015","7","Maharashtra","Yeotmal","0.0"
"116","2016","7","Maharashtra","Yeotmal","0.0"
"116","2017","7","Maharashtra","Yeotmal","0.0"
"116","2018","7","Maharashtra","Yeotmal","0.0"
"116","2019","7","Maharashtra","Yeotmal","0.0"
"117","1990","7","Maharashtra","Wardha","641.0"
"117","1991","7","Maharashtra","Wardha","486.0"
"117","1992","7","Maharashtra","Wardha","818.0"
"117","1993","7","Maharashtra","Wardha","1048.0"
"117","1994","7","Maharashtra","Wardha","882.0"
"117","1995","7","Maharashtra","Wardha","1143.0"
"117","1996","7","Maharashtra","Wardha","1000.0"
"117","1997","7","Maharashtra","Wardha","500.0"
"117","1998","7","Maharashtra","Wardha","1000.0"
"117","1999","7","Maharashtra","Wardha","600.0"
"117","2000","7","Maharashtra","Wardha","500.0"
"117","2001","7","Maharashtra","Wardha","600.0"
"117","2002","7","Maharashtra","Wardha","600.0"
"117","2003","7","Maharashtra","Wardha","667.0"
"117","2004","7","Maharashtra","Wardha","1000.0"
"117","2005","7","Maharashtra","Wardha","1000.0"
"117","2006","7","Maharashtra","Wardha","1000.0"
"117","2007","7","Maharashtra","Wardha","900.0"
"117","2008","7","Maharashtra","Wardha","0.0"
"117","2009","7","Maharashtra","Wardha","0.0"
"117","2010","7","Maharashtra","Wardha","0.0"
"117","2011","7","Maharashtra","Wardha","0.0"
"117","2012","7","Maharashtra","Wardha","0.0"
"117","2013","7","Maharashtra","Wardha","0.0"
"117","2014","7","Maharashtra","Wardha","0.0"
"117","2015","7","Maharashtra","Wardha","0.0"
"117","2016","7","Maharashtra","Wardha","0.0"
"117","2017","7","Maharashtra","Wardha","0.0"
"117","2018","7","Maharashtra","Wardha","0.0"
"117","2019","7","Maharashtra","Wardha","0.0"
"118","1990","7","Maharashtra","Nagpur","1008.0"
"118","1991","7","Maharashtra","Nagpur","1026.0"
"118","1992","7","Maharashtra","Nagpur","1198.0"
"118","1993","7","Maharashtra","Nagpur","1405.0"
"118","1994","7","Maharashtra","Nagpur","1350.0"
"118","1995","7","Maharashtra","Nagpur","1329.0"
"118","1996","7","Maharashtra","Nagpur","1365.0"
"118","1997","7","Maharashtra","Nagpur","815.0"
"118","1998","7","Maharashtra","Nagpur","1380.0"
"118","1999","7","Maharashtra","Nagpur","1119.0"
"118","2000","7","Maharashtra","Nagpur","992.0"
"118","2001","7","Maharashtra","Nagpur","1290.0"
"118","2002","7","Maharashtra","Nagpur","968.0"
"118","2003","7","Maharashtra","Nagpur","1454.0"
"118","2004","7","Maharashtra","Nagpur","961.0"
"118","2005","7","Maharashtra","Nagpur","1373.0"
"118","2006","7","Maharashtra","Nagpur","1509.0"
"118","2007","7","Maharashtra","Nagpur","1521.0"
"118","2008","7","Maharashtra","Nagpur","950.0"
"118","2009","7","Maharashtra","Nagpur","1146.0"
"118","2010","7","Maharashtra","Nagpur","983.0"
"118","2011","7","Maharashtra","Nagpur","1515.0"
"118","2012","7","Maharashtra","Nagpur","1497.0"
"118","2013","7","Maharashtra","Nagpur","1352.0"
"118","2014","7","Maharashtra","Nagpur","1212.0"
"118","2015","7","Maharashtra","Nagpur","1210.0"
"118","2016","7","Maharashtra","Nagpur","1943.0"
"118","2017","7","Maharashtra","Nagpur","1887.0"
"118","2018","7","Maharashtra","Nagpur","2070.0"
"118","2019","7","Maharashtra","Nagpur","1568.0"
"119","1990","7","Maharashtra","Bhandara","1244.0"
"119","1991","7","Maharashtra","Bhandara","1068.0"
"119","1992","7","Maharashtra","Bhandara","1172.0"
"119","1993","7","Maharashtra","Bhandara","1307.0"
"119","1994","7","Maharashtra","Bhandara","1191.0"
"119","1995","7","Maharashtra","Bhandara","1462.0"
"119","1996","7","Maharashtra","Bhandara","1354.0"
"119","1997","7","Maharashtra","Bhandara","1254.0"
"119","1998","7","Maharashtra","Bhandara","1191.0"
"119","1999","7","Maharashtra","Bhandara","1567.0"
"119","2000","7","Maharashtra","Bhandara","1032.0"
"119","2001","7","Maharashtra","Bhandara","1394.0"
"119","2002","7","Maharashtra","Bhandara","1148.0"
"119","2003","7","Maharashtra","Bhandara","1569.0"
"119","2004","7","Maharashtra","Bhandara","748.0"
"119","2005","7","Maharashtra","Bhandara","1678.0"
"119","2006","7","Maharashtra","Bhandara","1462.0"
"119","2007","7","Maharashtra","Bhandara","1805.0"
"119","2008","7","Maharashtra","Bhandara","742.0"
"119","2009","7","Maharashtra","Bhandara","1019.0"
"119","2010","7","Maharashtra","Bhandara","1460.0"
"119","2011","7","Maharashtra","Bhandara","1732.0"
"119","2012","7","Maharashtra","Bhandara","2057.0"
"119","2013","7","Maharashtra","Bhandara","1666.0"
"119","2014","7","Maharashtra","Bhandara","1645.0"
"119","2015","7","Maharashtra","Bhandara","1511.0"
"119","2016","7","Maharashtra","Bhandara","2075.0"
"119","2017","7","Maharashtra","Bhandara","1270.0"
"119","2018","7","Maharashtra","Bhandara","2174.0"
"119","2019","7","Maharashtra","Bhandara","1696.0"
"120","1990","7","Maharashtra","Chandrapur","1318.0"
"120","1991","7","Maharashtra","Chandrapur","964.0"
"120","1992","7","Maharashtra","Chandrapur","1464.0"
"120","1993","7","Maharashtra","Chandrapur","1421.0"
"120","1994","7","Maharashtra","Chandrapur","1563.0"
"120","1995","7","Maharashtra","Chandrapur","1742.0"
"120","1996","7","Maharashtra","Chandrapur","1477.0"
"120","1997","7","Maharashtra","Chandrapur","1391.0"
"120","1998","7","Maharashtra","Chandrapur","1216.0"
"120","1999","7","Maharashtra","Chandrapur","1505.0"
"120","2000","7","Maharashtra","Chandrapur","826.0"
"120","2001","7","Maharashtra","Chandrapur","1443.0"
"120","2002","7","Maharashtra","Chandrapur","765.0"
"120","2003","7","Maharashtra","Chandrapur","1448.0"
"120","2004","7","Maharashtra","Chandrapur","757.0"
"120","2005","7","Maharashtra","Chandrapur","1570.0"
"120","2006","7","Maharashtra","Chandrapur","1392.0"
"120","2007","7","Maharashtra","Chandrapur","1557.0"
"120","2008","7","Maharashtra","Chandrapur","854.0"
"120","2009","7","Maharashtra","Chandrapur","635.0"
"120","2010","7","Maharashtra","Chandrapur","1407.0"
"120","2011","7","Maharashtra","Chandrapur","1271.0"
"120","2012","7","Maharashtra","Chandrapur","1591.0"
"120","2013","7","Maharashtra","Chandrapur","1335.0"
"120","2014","7","Maharashtra","Chandrapur","778.0"
"120","2015","7","Maharashtra","Chandrapur","839.0"
"120","2016","7","Maharashtra","Chandrapur","1716.0"
"120","2017","7","Maharashtra","Chandrapur","747.0"
"120","2018","7","Maharashtra","Chandrapur","1753.0"
"120","2019","7","Maharashtra","Chandrapur","1437.0"
"165","1990","9","Punjab","Gurdaspur","2549.0"
"165","1991","9","Punjab","Gurdaspur","2674.0"
"165","1992","9","Punjab","Gurdaspur","2604.0"
"165","1993","9","Punjab","Gurdaspur","2659.0"
"165","1994","9","Punjab","Gurdaspur","2689.0"
"165","1995","9","Punjab","Gurdaspur","2471.0"
"165","1996","9","Punjab","Gurdaspur","2758.0"
"165","1997","9","Punjab","Gurdaspur","2813.0"
"165","1998","9","Punjab","Gurdaspur","2786.0"
"165","1999","9","Punjab","Gurdaspur","2833.0"
"165","2000","9","Punjab","Gurdaspur","2979.0"
"165","2001","9","Punjab","Gurdaspur","2943.0"
"165","2002","9","Punjab","Gurdaspur","2894.0"
"165","2003","9","Punjab","Gurdaspur","3041.0"
"165","2004","9","Punjab","Gurdaspur","3173.0"
"165","2005","9","Punjab","Gurdaspur","3105.0"
"165","2006","9","Punjab","Gurdaspur","3164.0"
"165","2007","9","Punjab","Gurdaspur","3230.0"
"165","2008","9","Punjab","Gurdaspur","3299.0"
"165","2009","9","Punjab","Gurdaspur","3137.0"
"165","2010","9","Punjab","Gurdaspur","3456.0"
"165","2011","9","Punjab","Gurdaspur","3722.0"
"165","2012","9","Punjab","Gurdaspur","3115.0"
"165","2013","9","Punjab","Gurdaspur","2931.0"
"165","2014","9","Punjab","Gurdaspur","2613.0"
"165","2015","9","Punjab","Gurdaspur","2857.0"
"165","2016","9","Punjab","Gurdaspur","3183.0"
"165","2017","9","Punjab","Gurdaspur","3653.0"
"165","2018","9","Punjab","Gurdaspur","3674.0"
"165","2019","9","Punjab","Gurdaspur","3661.0"
"166","1990","9","Punjab","Amritsar","2753.0"
"166","1991","9","Punjab","Amritsar","2750.0"
"166","1992","9","Punjab","Amritsar","2798.0"
"166","1993","9","Punjab","Amritsar","2927.0"
"166","1994","9","Punjab","Amritsar","3091.0"
"166","1995","9","Punjab","Amritsar","2898.0"
"166","1996","9","Punjab","Amritsar","3055.0"
"166","1997","9","Punjab","Amritsar","3010.0"
"166","1998","9","Punjab","Amritsar","2875.0"
"166","1999","9","Punjab","Amritsar","3107.0"
"166","2000","9","Punjab","Amritsar","3047.0"
"166","2001","9","Punjab","Amritsar","3003.0"
"166","2002","9","Punjab","Amritsar","2826.0"
"166","2003","9","Punjab","Amritsar","2675.0"
"166","2004","9","Punjab","Amritsar","3096.0"
"166","2005","9","Punjab","Amritsar","2905.0"
"166","2006","9","Punjab","Amritsar","3022.0"
"166","2007","9","Punjab","Amritsar","3067.0"
"166","2008","9","Punjab","Amritsar","2907.0"
"166","2009","9","Punjab","Amritsar","2708.0"
"166","2010","9","Punjab","Amritsar","2704.0"
"166","2011","9","Punjab","Amritsar","2620.0"
"166","2012","9","Punjab","Amritsar","2941.0"
"166","2013","9","Punjab","Amritsar","2846.0"
"166","2014","9","Punjab","Amritsar","2775.0"
"166","2015","9","Punjab","Amritsar","2834.0"
"166","2016","9","Punjab","Amritsar","3189.0"
"166","2017","9","Punjab","Amritsar","3761.0"
"166","2018","9","Punjab","Amritsar","2983.0"
"166","2019","9","Punjab","Amritsar","3304.0"
"167","1990","9","Punjab","Kapurthala","2845.0"
"167","1991","9","Punjab","Kapurthala","2928.0"
"167","1992","9","Punjab","Kapurthala","3052.0"
"167","1993","9","Punjab","Kapurthala","3225.0"
"167","1994","9","Punjab","Kapurthala","3188.0"
"167","1995","9","Punjab","Kapurthala","2637.0"
"167","1996","9","Punjab","Kapurthala","3053.0"
"167","1997","9","Punjab","Kapurthala","2990.0"
"167","1998","9","Punjab","Kapurthala","3172.0"
"167","1999","9","Punjab","Kapurthala","3490.0"
"167","2000","9","Punjab","Kapurthala","3476.0"
"167","2001","9","Punjab","Kapurthala","3467.0"
"167","2002","9","Punjab","Kapurthala","3549.0"
"167","2003","9","Punjab","Kapurthala","3471.0"
"167","2004","9","Punjab","Kapurthala","4029.0"
"167","2005","9","Punjab","Kapurthala","3907.0"
"167","2006","9","Punjab","Kapurthala","3764.0"
"167","2007","9","Punjab","Kapurthala","3891.0"
"167","2008","9","Punjab","Kapurthala","3754.0"
"167","2009","9","Punjab","Kapurthala","3930.0"
"167","2010","9","Punjab","Kapurthala","3890.0"
"167","2011","9","Punjab","Kapurthala","3669.0"
"167","2012","9","Punjab","Kapurthala","3803.0"
"167","2013","9","Punjab","Kapurthala","3855.0"
"167","2014","9","Punjab","Kapurthala","3752.0"
"167","2015","9","Punjab","Kapurthala","4017.0"
"167","2016","9","Punjab","Kapurthala","4093.0"
"167","2017","9","Punjab","Kapurthala","4347.0"
"167","2018","9","Punjab","Kapurthala","4339.0"
"167","2019","9","Punjab","Kapurthala","4133.0"
"168","1990","9","Punjab","Jalandhar","3139.0"
"168","1991","9","Punjab","Jalandhar","3433.0"
"168","1992","9","Punjab","Jalandhar","3422.0"
"168","1993","9","Punjab","Jalandhar","3644.0"
"168","1994","9","Punjab","Jalandhar","3437.0"
"168","1995","9","Punjab","Jalandhar","3152.0"
"168","1996","9","Punjab","Jalandhar","3415.0"
"168","1997","9","Punjab","Jalandhar","3344.0"
"168","1998","9","Punjab","Jalandhar","3254.0"
"168","1999","9","Punjab","Jalandhar","3489.0"
"168","2000","9","Punjab","Jalandhar","3588.0"
"168","2001","9","Punjab","Jalandhar","3371.0"
"168","2002","9","Punjab","Jalandhar","3722.0"
"168","2003","9","Punjab","Jalandhar","3370.0"
"168","2004","9","Punjab","Jalandhar","3710.0"
"168","2005","9","Punjab","Jalandhar","3483.0"
"168","2006","9","Punjab","Jalandhar","3497.0"
"168","2007","9","Punjab","Jalandhar","3718.0"
"168","2008","9","Punjab","Jalandhar","3794.0"
"168","2009","9","Punjab","Jalandhar","3950.0"
"168","2010","9","Punjab","Jalandhar","3607.0"
"168","2011","9","Punjab","Jalandhar","3533.0"
"168","2012","9","Punjab","Jalandhar","3788.0"
"168","2013","9","Punjab","Jalandhar","3569.0"
"168","2014","9","Punjab","Jalandhar","3689.0"
"168","2015","9","Punjab","Jalandhar","3887.0"
"168","2016","9","Punjab","Jalandhar","4112.0"
"168","2017","9","Punjab","Jalandhar","4181.0"
"168","2018","9","Punjab","Jalandhar","4156.0"
"168","2019","9","Punjab","Jalandhar","4074.0"
"169","1990","9","Punjab","Hoshiarpur","2862.0"
"169","1991","9","Punjab","Hoshiarpur","2983.0"
"169","1992","9","Punjab","Hoshiarpur","2893.0"
"169","1993","9","Punjab","Hoshiarpur","3038.0"
"169","1994","9","Punjab","Hoshiarpur","3017.0"
"169","1995","9","Punjab","Hoshiarpur","2930.0"
"169","1996","9","Punjab","Hoshiarpur","3000.0"
"169","1997","9","Punjab","Hoshiarpur","3018.0"
"169","1998","9","Punjab","Hoshiarpur","2914.0"
"169","1999","9","Punjab","Hoshiarpur","2918.0"
"169","2000","9","Punjab","Hoshiarpur","3048.0"
"169","2001","9","Punjab","Hoshiarpur","2850.0"
"169","2002","9","Punjab","Hoshiarpur","2839.0"
"169","2003","9","Punjab","Hoshiarpur","3086.0"
"169","2004","9","Punjab","Hoshiarpur","2948.0"
"169","2005","9","Punjab","Hoshiarpur","2984.0"
"169","2006","9","Punjab","Hoshiarpur","2804.0"
"169","2007","9","Punjab","Hoshiarpur","3304.0"
"169","2008","9","Punjab","Hoshiarpur","3483.0"
"169","2009","9","Punjab","Hoshiarpur","3543.0"
"169","2010","9","Punjab","Hoshiarpur","3575.0"
"169","2011","9","Punjab","Hoshiarpur","3635.0"
"169","2012","9","Punjab","Hoshiarpur","3600.0"
"169","2013","9","Punjab","Hoshiarpur","3600.0"
"169","2014","9","Punjab","Hoshiarpur","3437.0"
"169","2015","9","Punjab","Hoshiarpur","3542.0"
"169","2016","9","Punjab","Hoshiarpur","3878.0"
"169","2017","9","Punjab","Hoshiarpur","3893.0"
"169","2018","9","Punjab","Hoshiarpur","3720.0"
"169","2019","9","Punjab","Hoshiarpur","4000.0"
"170","1990","9","Punjab","Roopnagar","3139.0"
"170","1991","9","Punjab","Roopnagar","3297.0"
"170","1992","9","Punjab","Roopnagar","3250.0"
"170","1993","9","Punjab","Roopnagar","3541.0"
"170","1994","9","Punjab","Roopnagar","3105.0"
"170","1995","9","Punjab","Roopnagar","3154.0"
"170","1996","9","Punjab","Roopnagar","3250.0"
"170","1997","9","Punjab","Roopnagar","3209.0"
"170","1998","9","Punjab","Roopnagar","2783.0"
"170","1999","9","Punjab","Roopnagar","3120.0"
"170","2000","9","Punjab","Roopnagar","3327.0"
"170","2001","9","Punjab","Roopnagar","3196.0"
"170","2002","9","Punjab","Roopnagar","3205.0"
"170","2003","9","Punjab","Roopnagar","3333.0"
"170","2004","9","Punjab","Roopnagar","3451.0"
"170","2005","9","Punjab","Roopnagar","3459.0"
"170","2006","9","Punjab","Roopnagar","3632.0"
"170","2007","9","Punjab","Roopnagar","3697.0"
"170","2008","9","Punjab","Roopnagar","3861.0"
"170","2009","9","Punjab","Roopnagar","3553.0"
"170","2010","9","Punjab","Roopnagar","3868.0"
"170","2011","9","Punjab","Roopnagar","3342.0"
"170","2012","9","Punjab","Roopnagar","3816.0"
"170","2013","9","Punjab","Roopnagar","3459.0"
"170","2014","9","Punjab","Roopnagar","3583.0"
"170","2015","9","Punjab","Roopnagar","4472.0"
"170","2016","9","Punjab","Roopnagar","4526.0"
"170","2017","9","Punjab","Roopnagar","4250.0"
"170","2018","9","Punjab","Roopnagar","3463.0"
"170","2019","9","Punjab","Roopnagar","3600.0"
"171","1990","9","Punjab","Ludhiana","3671.0"
"171","1991","9","Punjab","Ludhiana","3580.0"
"171","1992","9","Punjab","Ludhiana","3881.0"
"171","1993","9","Punjab","Ludhiana","3901.0"
"171","1994","9","Punjab","Ludhiana","3557.0"
"171","1995","9","Punjab","Ludhiana","3230.0"
"171","1996","9","Punjab","Ludhiana","3604.0"
"171","1997","9","Punjab","Ludhiana","3842.0"
"171","1998","9","Punjab","Ludhiana","3274.0"
"171","1999","9","Punjab","Ludhiana","3612.0"
"171","2000","9","Punjab","Ludhiana","3945.0"
"171","2001","9","Punjab","Ludhiana","3898.0"
"171","2002","9","Punjab","Ludhiana","4322.0"
"171","2003","9","Punjab","Ludhiana","4344.0"
"171","2004","9","Punjab","Ludhiana","4632.0"
"171","2005","9","Punjab","Ludhiana","4520.0"
"171","2006","9","Punjab","Ludhiana","4371.0"
"171","2007","9","Punjab","Ludhiana","4532.0"
"171","2008","9","Punjab","Ludhiana","4469.0"
"171","2009","9","Punjab","Ludhiana","4693.0"
"171","2010","9","Punjab","Ludhiana","4409.0"
"171","2011","9","Punjab","Ludhiana","4257.0"
"171","2012","9","Punjab","Ludhiana","4549.0"
"171","2013","9","Punjab","Ludhiana","4424.0"
"171","2014","9","Punjab","Ludhiana","4354.0"
"171","2015","9","Punjab","Ludhiana","4595.0"
"171","2016","9","Punjab","Ludhiana","4815.0"
"171","2017","9","Punjab","Ludhiana","4744.0"
"171","2018","9","Punjab","Ludhiana","4452.0"
"171","2019","9","Punjab","Ludhiana","4676.0"
"172","1990","9","Punjab","Ferozpur","3165.0"
"172","1991","9","Punjab","Ferozpur","3262.0"
"172","1992","9","Punjab","Ferozpur","3472.0"
"172","1993","9","Punjab","Ferozpur","3665.0"
"172","1994","9","Punjab","Ferozpur","3752.0"
"172","1995","9","Punjab","Ferozpur","3361.0"
"172","1996","9","Punjab","Ferozpur","3573.0"
"172","1997","9","Punjab","Ferozpur","3607.0"
"172","1998","9","Punjab","Ferozpur","3353.0"
"172","1999","9","Punjab","Ferozpur","3507.0"
"172","2000","9","Punjab","Ferozpur","3621.0"
"172","2001","9","Punjab","Ferozpur","3757.0"
"172","2002","9","Punjab","Ferozpur","3521.0"
"172","2003","9","Punjab","Ferozpur","3701.0"
"172","2004","9","Punjab","Ferozpur","3954.0"
"172","2005","9","Punjab","Ferozpur","4051.0"
"172","2006","9","Punjab","Ferozpur","4034.0"
"172","2007","9","Punjab","Ferozpur","4156.0"
"172","2008","9","Punjab","Ferozpur","4042.0"
"172","2009","9","Punjab","Ferozpur","3679.0"
"172","2010","9","Punjab","Ferozpur","3698.0"
"172","2011","9","Punjab","Ferozpur","3459.0"
"172","2012","9","Punjab","Ferozpur","4209.0"
"172","2013","9","Punjab","Ferozpur","4186.0"
"172","2014","9","Punjab","Ferozpur","3878.0"
"172","2015","9","Punjab","Ferozpur","3898.0"
"172","2016","9","Punjab","Ferozpur","4230.0"
"172","2017","9","Punjab","Ferozpur","4551.0"
"172","2018","9","Punjab","Ferozpur","4456.99"
"172","2019","9","Punjab","Ferozpur","2693.0"
"173","1990","9","Punjab","Faridkot","3652.0"
"173","1991","9","Punjab","Faridkot","3777.0"
"173","1992","9","Punjab","Faridkot","3907.0"
"173","1993","9","Punjab","Faridkot","3931.0"
"173","1994","9","Punjab","Faridkot","3549.0"
"173","1995","9","Punjab","Faridkot","3684.0"
"173","1996","9","Punjab","Faridkot","3674.0"
"173","1997","9","Punjab","Faridkot","3821.0"
"173","1998","9","Punjab","Faridkot","3000.0"
"173","1999","9","Punjab","Faridkot","3389.0"
"173","2000","9","Punjab","Faridkot","3444.0"
"173","2001","9","Punjab","Faridkot","3829.0"
"173","2002","9","Punjab","Faridkot","3256.0"
"173","2003","9","Punjab","Faridkot","3667.0"
"173","2004","9","Punjab","Faridkot","3830.0"
"173","2005","9","Punjab","Faridkot","3942.0"
"173","2006","9","Punjab","Faridkot","3976.0"
"173","2007","9","Punjab","Faridkot","4034.0"
"173","2008","9","Punjab","Faridkot","4358.0"
"173","2009","9","Punjab","Faridkot","4224.0"
"173","2010","9","Punjab","Faridkot","4050.0"
"173","2011","9","Punjab","Faridkot","4010.0"
"173","2012","9","Punjab","Faridkot","4353.0"
"173","2013","9","Punjab","Faridkot","4260.0"
"173","2014","9","Punjab","Faridkot","3972.0"
"173","2015","9","Punjab","Faridkot","3991.0"
"173","2016","9","Punjab","Faridkot","4070.0"
"173","2017","9","Punjab","Faridkot","4443.0"
"173","2018","9","Punjab","Faridkot","4112.0"
"173","2019","9","Punjab","Faridkot","3759.0"
"174","1990","9","Punjab","Bhatinda","3460.0"
"174","1991","9","Punjab","Bhatinda","3578.0"
"174","1992","9","Punjab","Bhatinda","3750.0"
"174","1993","9","Punjab","Bhatinda","3870.0"
"174","1994","9","Punjab","Bhatinda","3769.0"
"174","1995","9","Punjab","Bhatinda","3692.0"
"174","1996","9","Punjab","Bhatinda","3614.0"
"174","1997","9","Punjab","Bhatinda","4000.0"
"174","1998","9","Punjab","Bhatinda","3417.0"
"174","1999","9","Punjab","Bhatinda","3455.0"
"174","2000","9","Punjab","Bhatinda","3535.0"
"174","2001","9","Punjab","Bhatinda","3744.0"
"174","2002","9","Punjab","Bhatinda","3430.0"
"174","2003","9","Punjab","Bhatinda","3990.0"
"174","2004","9","Punjab","Bhatinda","4069.0"
"174","2005","9","Punjab","Bhatinda","4053.0"
"174","2006","9","Punjab","Bhatinda","4115.0"
"174","2007","9","Punjab","Bhatinda","4279.0"
"174","2008","9","Punjab","Bhatinda","4402.0"
"174","2009","9","Punjab","Bhatinda","4577.0"
"174","2010","9","Punjab","Bhatinda","4084.0"
"174","2011","9","Punjab","Bhatinda","4050.0"
"174","2012","9","Punjab","Bhatinda","4280.0"
"174","2013","9","Punjab","Bhatinda","4514.0"
"174","2014","9","Punjab","Bhatinda","4445.0"
"174","2015","9","Punjab","Bhatinda","4526.0"
"174","2016","9","Punjab","Bhatinda","4533.0"
"174","2017","9","Punjab","Bhatinda","4669.0"
"174","2018","9","Punjab","Bhatinda","4563.0"
"174","2019","9","Punjab","Bhatinda","4268.0"
"175","1990","9","Punjab","Sangrur","3693.0"
"175","1991","9","Punjab","Sangrur","3535.0"
"175","1992","9","Punjab","Sangrur","3765.0"
"175","1993","9","Punjab","Sangrur","3933.0"
"175","1994","9","Punjab","Sangrur","3557.0"
"175","1995","9","Punjab","Sangrur","3399.0"
"175","1996","9","Punjab","Sangrur","3764.0"
"175","1997","9","Punjab","Sangrur","3835.0"
"175","1998","9","Punjab","Sangrur","3575.0"
"175","1999","9","Punjab","Sangrur","3561.0"
"175","2000","9","Punjab","Sangrur","3759.0"
"175","2001","9","Punjab","Sangrur","3903.0"
"175","2002","9","Punjab","Sangrur","4060.0"
"175","2003","9","Punjab","Sangrur","4279.0"
"175","2004","9","Punjab","Sangrur","4659.0"
"175","2005","9","Punjab","Sangrur","4428.0"
"175","2006","9","Punjab","Sangrur","4523.0"
"175","2007","9","Punjab","Sangrur","4607.0"
"175","2008","9","Punjab","Sangrur","4618.0"
"175","2009","9","Punjab","Sangrur","4697.0"
"175","2010","9","Punjab","Sangrur","4357.0"
"175","2011","9","Punjab","Sangrur","4336.0"
"175","2012","9","Punjab","Sangrur","4707.0"
"175","2013","9","Punjab","Sangrur","4725.0"
"175","2014","9","Punjab","Sangrur","4727.0"
"175","2015","9","Punjab","Sangrur","4869.0"
"175","2016","9","Punjab","Sangrur","4874.0"
"175","2017","9","Punjab","Sangrur","5077.0"
"175","2018","9","Punjab","Sangrur","4714.0"
"175","2019","9","Punjab","Sangrur","4713.0"
"176","1990","9","Punjab","Patiala","3381.0"
"176","1991","9","Punjab","Patiala","3294.0"
"176","1992","9","Punjab","Patiala","3422.0"
"176","1993","9","Punjab","Patiala","3448.0"
"176","1994","9","Punjab","Patiala","3414.0"
"176","1995","9","Punjab","Patiala","2945.0"
"176","1996","9","Punjab","Patiala","3339.0"
"176","1997","9","Punjab","Patiala","3300.0"
"176","1998","9","Punjab","Patiala","3138.0"
"176","1999","9","Punjab","Patiala","3247.0"
"176","2000","9","Punjab","Patiala","3348.0"
"176","2001","9","Punjab","Patiala","3618.0"
"176","2002","9","Punjab","Patiala","3451.0"
"176","2003","9","Punjab","Patiala","3862.0"
"176","2004","9","Punjab","Patiala","3860.0"
"176","2005","9","Punjab","Patiala","3950.0"
"176","2006","9","Punjab","Patiala","4173.0"
"176","2007","9","Punjab","Patiala","4269.0"
"176","2008","9","Punjab","Patiala","4239.0"
"176","2009","9","Punjab","Patiala","4254.0"
"176","2010","9","Punjab","Patiala","3731.0"
"176","2011","9","Punjab","Patiala","3859.0"
"176","2012","9","Punjab","Patiala","3957.0"
"176","2013","9","Punjab","Patiala","4152.0"
"176","2014","9","Punjab","Patiala","3930.0"
"176","2015","9","Punjab","Patiala","3957.0"
"176","2016","9","Punjab","Patiala","4241.0"
"176","2017","9","Punjab","Patiala","4296.0"
"176","2018","9","Punjab","Patiala","3932.0"
"176","2019","9","Punjab","Patiala","3949.0"
"514","1990","7","Maharashtra","Jalna","650.0"
"514","1991","7","Maharashtra","Jalna","320.0"
"514","1992","7","Maharashtra","Jalna","667.0"
"514","1993","7","Maharashtra","Jalna","696.0"
"514","1994","7","Maharashtra","Jalna","704.0"
"514","1995","7","Maharashtra","Jalna","421.0"
"514","1996","7","Maharashtra","Jalna","700.0"
"514","1997","7","Maharashtra","Jalna","950.0"
"514","1998","7","Maharashtra","Jalna","364.0"
"514","1999","7","Maharashtra","Jalna","538.0"
"514","2000","7","Maharashtra","Jalna","583.0"
"514","2001","7","Maharashtra","Jalna","667.0"
"514","2002","7","Maharashtra","Jalna","167.0"
"514","2003","7","Maharashtra","Jalna","429.0"
"514","2004","7","Maharashtra","Jalna","400.0"
"514","2005","7","Maharashtra","Jalna","0.0"
"514","2006","7","Maharashtra","Jalna","0.0"
"514","2007","7","Maharashtra","Jalna","0.0"
"514","2008","7","Maharashtra","Jalna","0.0"
"514","2009","7","Maharashtra","Jalna","0.0"
"514","2010","7","Maharashtra","Jalna","0.0"
"514","2011","7","Maharashtra","Jalna","0.0"
"514","2012","7","Maharashtra","Jalna","0.0"
"514","2013","7","Maharashtra","Jalna","0.0"
"514","2014","7","Maharashtra","Jalna","0.0"
"514","2015","7","Maharashtra","Jalna","0.0"
"514","2016","7","Maharashtra","Jalna","0.0"
"514","2017","7","Maharashtra","Jalna","0.0"
"514","2018","7","Maharashtra","Jalna","0.0"
"514","2019","7","Maharashtra","Jalna","182.0"
"515","1990","7","Maharashtra","Latur","1139.0"
"515","1991","7","Maharashtra","Latur","259.0"
"515","1992","7","Maharashtra","Latur","758.0"
"515","1993","7","Maharashtra","Latur","847.0"
"515","1994","7","Maharashtra","Latur","632.0"
"515","1995","7","Maharashtra","Latur","595.0"
"515","1996","7","Maharashtra","Latur","809.0"
"515","1997","7","Maharashtra","Latur","265.0"
"515","1998","7","Maharashtra","Latur","483.0"
"515","1999","7","Maharashtra","Latur","594.0"
"515","2000","7","Maharashtra","Latur","625.0"
"515","2001","7","Maharashtra","Latur","647.0"
"515","2002","7","Maharashtra","Latur","444.0"
"515","2003","7","Maharashtra","Latur","327.0"
"515","2004","7","Maharashtra","Latur","312.0"
"515","2005","7","Maharashtra","Latur","456.0"
"515","2006","7","Maharashtra","Latur","415.0"
"515","2007","7","Maharashtra","Latur","468.0"
"515","2008","7","Maharashtra","Latur","359.0"
"515","2009","7","Maharashtra","Latur","394.0"
"515","2010","7","Maharashtra","Latur","446.0"
"515","2011","7","Maharashtra","Latur","478.0"
"515","2012","7","Maharashtra","Latur","605.0"
"515","2013","7","Maharashtra","Latur","671.0"
"515","2014","7","Maharashtra","Latur","190.0"
"515","2015","7","Maharashtra","Latur","79.0"
"515","2016","7","Maharashtra","Latur","273.0"
"515","2017","7","Maharashtra","Latur","286.0"
"515","2018","7","Maharashtra","Latur","208.0"
"515","2019","7","Maharashtra","Latur","81.0"
"516","1990","7","Maharashtra","Gadchiroli","958.0"
"516","1991","7","Maharashtra","Gadchiroli","646.0"
"516","1992","7","Maharashtra","Gadchiroli","1171.0"
"516","1993","7","Maharashtra","Gadchiroli","1246.0"
"516","1994","7","Maharashtra","Gadchiroli","1180.0"
"516","1995","7","Maharashtra","Gadchiroli","1426.0"
"516","1996","7","Maharashtra","Gadchiroli","1125.0"
"516","1997","7","Maharashtra","Gadchiroli","1097.0"
"516","1998","7","Maharashtra","Gadchiroli","1126.0"
"516","1999","7","Maharashtra","Gadchiroli","1383.0"
"516","2000","7","Maharashtra","Gadchiroli","782.0"
"516","2001","7","Maharashtra","Gadchiroli","1163.0"
"516","2002","7","Maharashtra","Gadchiroli","539.0"
"516","2003","7","Maharashtra","Gadchiroli","1226.0"
"516","2004","7","Maharashtra","Gadchiroli","865.0"
"516","2005","7","Maharashtra","Gadchiroli","1512.0"
"516","2006","7","Maharashtra","Gadchiroli","1478.0"
"516","2007","7","Maharashtra","Gadchiroli","1498.0"
"516","2008","7","Maharashtra","Gadchiroli","844.0"
"516","2009","7","Maharashtra","Gadchiroli","760.0"
"516","2010","7","Maharashtra","Gadchiroli","1488.0"
"516","2011","7","Maharashtra","Gadchiroli","1206.0"
"516","2012","7","Maharashtra","Gadchiroli","1522.0"
"516","2013","7","Maharashtra","Gadchiroli","1487.0"
"516","2014","7","Maharashtra","Gadchiroli","1324.0"
"516","2015","7","Maharashtra","Gadchiroli","856.0"
"516","2016","7","Maharashtra","Gadchiroli","1860.0"
"516","2017","7","Maharashtra","Gadchiroli","1240.0"
"516","2018","7","Maharashtra","Gadchiroli","1798.0"
"516","2019","7","Maharashtra","Gadchiroli","1731.0"
"517","1990","7","Maharashtra","Sindhudurg","1982.0"
"517","1991","7","Maharashtra","Sindhudurg","1828.0"
"517","1992","7","Maharashtra","Sindhudurg","2029.0"
"517","1993","7","Maharashtra","Sindhudurg","2053.0"
"517","1994","7","Maharashtra","Sindhudurg","2346.0"
"517","1995","7","Maharashtra","Sindhudurg","2287.0"
"517","1996","7","Maharashtra","Sindhudurg","2472.0"
"517","1997","7","Maharashtra","Sindhudurg","2578.0"
"517","1998","7","Maharashtra","Sindhudurg","2725.0"
"517","1999","7","Maharashtra","Sindhudurg","2269.0"
"517","2000","7","Maharashtra","Sindhudurg","2475.0"
"517","2001","7","Maharashtra","Sindhudurg","2511.0"
"517","2002","7","Maharashtra","Sindhudurg","2184.0"
"517","2003","7","Maharashtra","Sindhudurg","3106.0"
"517","2004","7","Maharashtra","Sindhudurg","2783.0"
"517","2005","7","Maharashtra","Sindhudurg","2849.0"
"517","2006","7","Maharashtra","Sindhudurg","2909.0"
"517","2007","7","Maharashtra","Sindhudurg","2702.0"
"517","2008","7","Maharashtra","Sindhudurg","2749.0"
"517","2009","7","Maharashtra","Sindhudurg","2606.0"
"517","2010","7","Maharashtra","Sindhudurg","2654.0"
"517","2011","7","Maharashtra","Sindhudurg","2706.0"
"517","2012","7","Maharashtra","Sindhudurg","2776.0"
"517","2013","7","Maharashtra","Sindhudurg","3104.0"
"517","2014","7","Maharashtra","Sindhudurg","3254.0"
"517","2015","7","Maharashtra","Sindhudurg","2918.0"
"517","2016","7","Maharashtra","Sindhudurg","3264.0"
"517","2017","7","Maharashtra","Sindhudurg","3221.0"
"517","2018","7","Maharashtra","Sindhudurg","2941.0"
"517","2019","7","Maharashtra","Sindhudurg","2500.0"
"545","1990","9","Punjab","Mansa","-1.0"
"545","1991","9","Punjab","Mansa","-1.0"
"545","1992","9","Punjab","Mansa","3594.0"
"545","1993","9","Punjab","Mansa","3511.0"
"545","1994","9","Punjab","Mansa","3466.0"
"545","1995","9","Punjab","Mansa","3340.0"
"545","1996","9","Punjab","Mansa","3574.0"
"545","1997","9","Punjab","Mansa","3793.0"
"545","1998","9","Punjab","Mansa","2560.0"
"545","1999","9","Punjab","Mansa","3198.0"
"545","2000","9","Punjab","Mansa","3643.0"
"545","2001","9","Punjab","Mansa","3559.0"
"545","2002","9","Punjab","Mansa","3034.0"
"545","2003","9","Punjab","Mansa","3833.0"
"545","2004","9","Punjab","Mansa","4093.0"
"545","2005","9","Punjab","Mansa","4157.0"
"545","2006","9","Punjab","Mansa","4177.0"
"545","2007","9","Punjab","Mansa","4131.0"
"545","2008","9","Punjab","Mansa","4169.0"
"545","2009","9","Punjab","Mansa","4208.0"
"545","2010","9","Punjab","Mansa","4051.0"
"545","2011","9","Punjab","Mansa","3946.0"
"545","2012","9","Punjab","Mansa","4115.0"
"545","2013","9","Punjab","Mansa","4123.0"
"545","2014","9","Punjab","Mansa","3610.0"
"545","2015","9","Punjab","Mansa","3903.0"
"545","2016","9","Punjab","Mansa","4291.0"
"545","2017","9","Punjab","Mansa","4664.0"
"545","2018","9","Punjab","Mansa","4431.0"
"545","2019","9","Punjab","Mansa","4109.0"
"546","1990","9","Punjab","Fatehgarh Sahib","-1.0"
"546","1991","9","Punjab","Fatehgarh Sahib","-1.0"
"546","1992","9","Punjab","Fatehgarh Sahib","3850.0"
"546","1993","9","Punjab","Fatehgarh Sahib","3788.0"
"546","1994","9","Punjab","Fatehgarh Sahib","3538.0"
"546","1995","9","Punjab","Fatehgarh Sahib","3313.0"
"546","1996","9","Punjab","Fatehgarh Sahib","3538.0"
"546","1997","9","Punjab","Fatehgarh Sahib","3683.0"
"546","1998","9","Punjab","Fatehgarh Sahib","3265.0"
"546","1999","9","Punjab","Fatehgarh Sahib","3683.0"
"546","2000","9","Punjab","Fatehgarh Sahib","4167.0"
"546","2001","9","Punjab","Fatehgarh Sahib","4000.0"
"546","2002","9","Punjab","Fatehgarh Sahib","3900.0"
"546","2003","9","Punjab","Fatehgarh Sahib","4386.0"
"546","2004","9","Punjab","Fatehgarh Sahib","4365.0"
"546","2005","9","Punjab","Fatehgarh Sahib","4247.0"
"546","2006","9","Punjab","Fatehgarh Sahib","4048.0"
"546","2007","9","Punjab","Fatehgarh Sahib","4560.0"
"546","2008","9","Punjab","Fatehgarh Sahib","4271.0"
"546","2009","9","Punjab","Fatehgarh Sahib","4547.0"
"546","2010","9","Punjab","Fatehgarh Sahib","4256.0"
"546","2011","9","Punjab","Fatehgarh Sahib","4233.0"
"546","2012","9","Punjab","Fatehgarh Sahib","4465.0"
"546","2013","9","Punjab","Fatehgarh Sahib","4081.0"
"546","2014","9","Punjab","Fatehgarh Sahib","4349.0"
"546","2015","9","Punjab","Fatehgarh Sahib","4465.0"
"546","2016","9","Punjab","Fatehgarh Sahib","4709.0"
"546","2017","9","Punjab","Fatehgarh Sahib","4593.0"
"546","2018","9","Punjab","Fatehgarh Sahib","4035.0"
"546","2019","9","Punjab","Fatehgarh Sahib","4256.0"
"701","1990","8","Orissa","Balasore","884.0"
"701","1991","8","Orissa","Balasore","1404.0"
"701","1992","8","Orissa","Balasore","1360.0"
"701","1993","8","Orissa","Balasore","1447.0"
"701","1994","8","Orissa","Balasore","1432.0"
"701","1995","8","Orissa","Balasore","1361.0"
"701","1996","8","Orissa","Balasore","926.0"
"701","1997","8","Orissa","Balasore","1520.0"
"701","1998","8","Orissa","Balasore","792.0"
"701","1999","8","Orissa","Balasore","1005.0"
"701","2000","8","Orissa","Balasore","1560.0"
"701","2001","8","Orissa","Balasore","1756.0"
"701","2002","8","Orissa","Balasore","948.0"
"701","2003","8","Orissa","Balasore","1561.0"
"701","2004","8","Orissa","Balasore","1764.0"
"701","2005","8","Orissa","Balasore","1540.0"
"701","2006","8","Orissa","Balasore","1449.0"
"701","2007","8","Orissa","Balasore","1638.0"
"701","2008","8","Orissa","Balasore","1432.0"
"701","2009","8","Orissa","Balasore","1607.0"
"701","2010","8","Orissa","Balasore","1852.0"
"701","2011","8","Orissa","Balasore","2149.0"
"701","2012","8","Orissa","Balasore","1765.0"
"701","2013","8","Orissa","Balasore","1248.0"
"701","2014","8","Orissa","Balasore","2291.0"
"701","2015","8","Orissa","Balasore","1702.0"
"701","2016","8","Orissa","Balasore","2785.0"
"701","2017","8","Orissa","Balasore","2329.0"
"701","2018","8","Orissa","Balasore","2652.0"
"701","2019","8","Orissa","Balasore","2503.0"
"702","1990","8","Orissa","Bolangir","1469.0"
"702","1991","8","Orissa","Bolangir","1477.0"
"702","1992","8","Orissa","Bolangir","1068.0"
"702","1993","8","Orissa","Bolangir","1419.0"
"702","1994","8","Orissa","Bolangir","1534.0"
"702","1995","8","Orissa","Bolangir","1434.0"
"702","1996","8","Orissa","Bolangir","357.0"
"702","1997","8","Orissa","Bolangir","1234.0"
"702","1998","8","Orissa","Bolangir","780.0"
"702","1999","8","Orissa","Bolangir","1238.0"
"702","2000","8","Orissa","Bolangir","358.0"
"702","2001","8","Orissa","Bolangir","1527.0"
"702","2002","8","Orissa","Bolangir","292.0"
"702","2003","8","Orissa","Bolangir","1428.0"
"702","2004","8","Orissa","Bolangir","1086.0"
"702","2005","8","Orissa","Bolangir","1335.0"
"702","2006","8","Orissa","Bolangir","1492.0"
"702","2007","8","Orissa","Bolangir","1825.0"
"702","2008","8","Orissa","Bolangir","1451.0"
"702","2009","8","Orissa","Bolangir","1557.0"
"702","2010","8","Orissa","Bolangir","1899.0"
"702","2011","8","Orissa","Bolangir","430.0"
"702","2012","8","Orissa","Bolangir","3195.0"
"702","2013","8","Orissa","Bolangir","3192.0"
"702","2014","8","Orissa","Bolangir","3114.0"
"702","2015","8","Orissa","Bolangir","940.0"
"702","2016","8","Orissa","Bolangir","2209.0"
"702","2017","8","Orissa","Bolangir","792.0"
"702","2018","8","Orissa","Bolangir","1414.0"
"702","2019","8","Orissa","Bolangir","2195.0"
"703","1990","8","Orissa","Cuttack","1145.0"
"703","1991","8","Orissa","Cuttack","1420.0"
"703","1992","8","Orissa","Cuttack","1278.0"
"703","1993","8","Orissa","Cuttack","1595.0"
"703","1994","8","Orissa","Cuttack","1376.0"
"703","1995","8","Orissa","Cuttack","1655.0"
"703","1996","8","Orissa","Cuttack","1229.0"
"703","1997","8","Orissa","Cuttack","1450.0"
"703","1998","8","Orissa","Cuttack","1715.0"
"703","1999","8","Orissa","Cuttack","655.0"
"703","2000","8","Orissa","Cuttack","1212.0"
"703","2001","8","Orissa","Cuttack","1669.0"
"703","2002","8","Orissa","Cuttack","1155.0"
"703","2003","8","Orissa","Cuttack","1133.0"
"703","2004","8","Orissa","Cuttack","1886.0"
"703","2005","8","Orissa","Cuttack","2005.0"
"703","2006","8","Orissa","Cuttack","1511.0"
"703","2007","8","Orissa","Cuttack","1690.0"
"703","2008","8","Orissa","Cuttack","1422.0"
"703","2009","8","Orissa","Cuttack","2087.0"
"703","2010","8","Orissa","Cuttack","1835.0"
"703","2011","8","Orissa","Cuttack","1916.0"
"703","2012","8","Orissa","Cuttack","2928.0"
"703","2013","8","Orissa","Cuttack","1462.0"
"703","2014","8","Orissa","Cuttack","2505.0"
"703","2015","8","Orissa","Cuttack","2014.0"
"703","2016","8","Orissa","Cuttack","3320.0"
"703","2017","8","Orissa","Cuttack","2199.0"
"703","2018","8","Orissa","Cuttack","2691.0"
"703","2019","8","Orissa","Cuttack","3306.0"
"704","1990","8","Orissa","Dhenkanal","1045.0"
"704","1991","8","Orissa","Dhenkanal","1498.0"
"704","1992","8","Orissa","Dhenkanal","1126.0"
"704","1993","8","Orissa","Dhenkanal","1388.0"
"704","1994","8","Orissa","Dhenkanal","1412.0"
"704","1995","8","Orissa","Dhenkanal","1211.0"
"704","1996","8","Orissa","Dhenkanal","876.0"
"704","1997","8","Orissa","Dhenkanal","1395.0"
"704","1998","8","Orissa","Dhenkanal","1495.0"
"704","1999","8","Orissa","Dhenkanal","848.0"
"704","2000","8","Orissa","Dhenkanal","588.0"
"704","2001","8","Orissa","Dhenkanal","1854.0"
"704","2002","8","Orissa","Dhenkanal","488.0"
"704","2003","8","Orissa","Dhenkanal","1820.0"
"704","2004","8","Orissa","Dhenkanal","1368.0"
"704","2005","8","Orissa","Dhenkanal","1885.0"
"704","2006","8","Orissa","Dhenkanal","1448.0"
"704","2007","8","Orissa","Dhenkanal","1910.0"
"704","2008","8","Orissa","Dhenkanal","1654.0"
"704","2009","8","Orissa","Dhenkanal","1562.0"
"704","2010","8","Orissa","Dhenkanal","1399.0"
"704","2011","8","Orissa","Dhenkanal","2103.0"
"704","2012","8","Orissa","Dhenkanal","2712.0"
"704","2013","8","Orissa","Dhenkanal","2661.0"
"704","2014","8","Orissa","Dhenkanal","3313.0"
"704","2015","8","Orissa","Dhenkanal","1596.0"
"704","2016","8","Orissa","Dhenkanal","2857.0"
"704","2017","8","Orissa","Dhenkanal","1386.0"
"704","2018","8","Orissa","Dhenkanal","3129.0"
"704","2019","8","Orissa","Dhenkanal","2756.0"
"705","1990","8","Orissa","Ganjam","1533.0"
"705","1991","8","Orissa","Ganjam","2275.0"
"705","1992","8","Orissa","Ganjam","2004.0"
"705","1993","8","Orissa","Ganjam","1951.0"
"705","1994","8","Orissa","Ganjam","1885.0"
"705","1995","8","Orissa","Ganjam","1535.0"
"705","1996","8","Orissa","Ganjam","865.0"
"705","1997","8","Orissa","Ganjam","1498.0"
"705","1998","8","Orissa","Ganjam","1740.0"
"705","1999","8","Orissa","Ganjam","757.0"
"705","2000","8","Orissa","Ganjam","1210.0"
"705","2001","8","Orissa","Ganjam","2158.0"
"705","2002","8","Orissa","Ganjam","866.0"
"705","2003","8","Orissa","Ganjam","1528.0"
"705","2004","8","Orissa","Ganjam","1477.0"
"705","2005","8","Orissa","Ganjam","1391.0"
"705","2006","8","Orissa","Ganjam","2109.0"
"705","2007","8","Orissa","Ganjam","2280.0"
"705","2008","8","Orissa","Ganjam","1720.0"
"705","2009","8","Orissa","Ganjam","2053.0"
"705","2010","8","Orissa","Ganjam","1602.0"
"705","2011","8","Orissa","Ganjam","594.0"
"705","2012","8","Orissa","Ganjam","1787.0"
"705","2013","8","Orissa","Ganjam","367.0"
"705","2014","8","Orissa","Ganjam","2710.0"
"705","2015","8","Orissa","Ganjam","1923.0"
"705","2016","8","Orissa","Ganjam","2851.0"
"705","2017","8","Orissa","Ganjam","1575.0"
"705","2018","8","Orissa","Ganjam","1752.0"
"705","2019","8","Orissa","Ganjam","2580.0"
"706","1990","8","Orissa","Kalahandi","945.0"
"706","1991","8","Orissa","Kalahandi","1053.0"
"706","1992","8","Orissa","Kalahandi","798.0"
"706","1993","8","Orissa","Kalahandi","1050.0"
"706","1994","8","Orissa","Kalahandi","1093.0"
"706","1995","8","Orissa","Kalahandi","1170.0"
"706","1996","8","Orissa","Kalahandi","750.0"
"706","1997","8","Orissa","Kalahandi","1379.0"
"706","1998","8","Orissa","Kalahandi","711.0"
"706","1999","8","Orissa","Kalahandi","1220.0"
"706","2000","8","Orissa","Kalahandi","1287.0"
"706","2001","8","Orissa","Kalahandi","1376.0"
"706","2002","8","Orissa","Kalahandi","435.0"
"706","2003","8","Orissa","Kalahandi","1296.0"
"706","2004","8","Orissa","Kalahandi","1078.0"
"706","2005","8","Orissa","Kalahandi","1082.0"
"706","2006","8","Orissa","Kalahandi","1119.0"
"706","2007","8","Orissa","Kalahandi","1323.0"
"706","2008","8","Orissa","Kalahandi","1305.0"
"706","2009","8","Orissa","Kalahandi","1541.0"
"706","2010","8","Orissa","Kalahandi","2340.0"
"706","2011","8","Orissa","Kalahandi","966.0"
"706","2012","8","Orissa","Kalahandi","2545.0"
"706","2013","8","Orissa","Kalahandi","2498.0"
"706","2014","8","Orissa","Kalahandi","2329.0"
"706","2015","8","Orissa","Kalahandi","1118.0"
"706","2016","8","Orissa","Kalahandi","2380.0"
"706","2017","8","Orissa","Kalahandi","2151.0"
"706","2018","8","Orissa","Kalahandi","2175.0"
"706","2019","8","Orissa","Kalahandi","3020.0"
"707","1990","8","Orissa","Keonjhar","1004.0"
"707","1991","8","Orissa","Keonjhar","1151.0"
"707","1992","8","Orissa","Keonjhar","881.0"
"707","1993","8","Orissa","Keonjhar","1176.0"
"707","1994","8","Orissa","Keonjhar","1125.0"
"707","1995","8","Orissa","Keonjhar","1121.0"
"707","1996","8","Orissa","Keonjhar","697.0"
"707","1997","8","Orissa","Keonjhar","1304.0"
"707","1998","8","Orissa","Keonjhar","733.0"
"707","1999","8","Orissa","Keonjhar","808.0"
"707","2000","8","Orissa","Keonjhar","1044.0"
"707","2001","8","Orissa","Keonjhar","1330.0"
"707","2002","8","Orissa","Keonjhar","510.0"
"707","2003","8","Orissa","Keonjhar","1543.0"
"707","2004","8","Orissa","Keonjhar","1348.0"
"707","2005","8","Orissa","Keonjhar","1426.0"
"707","2006","8","Orissa","Keonjhar","1380.0"
"707","2007","8","Orissa","Keonjhar","1650.0"
"707","2008","8","Orissa","Keonjhar","1342.0"
"707","2009","8","Orissa","Keonjhar","1443.0"
"707","2010","8","Orissa","Keonjhar","1074.0"
"707","2011","8","Orissa","Keonjhar","1713.0"
"707","2012","8","Orissa","Keonjhar","1664.0"
"707","2013","8","Orissa","Keonjhar","1555.0"
"707","2014","8","Orissa","Keonjhar","2348.0"
"707","2015","8","Orissa","Keonjhar","1132.0"
"707","2016","8","Orissa","Keonjhar","2190.0"
"707","2017","8","Orissa","Keonjhar","2097.0"
"707","2018","8","Orissa","Keonjhar","2286.0"
"707","2019","8","Orissa","Keonjhar","2950.0"
"708","1990","8","Orissa","Koraput","1257.0"
"708","1991","8","Orissa","Koraput","1396.0"
"708","1992","8","Orissa","Koraput","960.0"
"708","1993","8","Orissa","Koraput","1295.0"
"708","1994","8","Orissa","Koraput","1351.0"
"708","1995","8","Orissa","Koraput","1303.0"
"708","1996","8","Orissa","Koraput","1415.0"
"708","1997","8","Orissa","Koraput","1189.0"
"708","1998","8","Orissa","Koraput","1531.0"
"708","1999","8","Orissa","Koraput","1401.0"
"708","2000","8","Orissa","Koraput","1494.0"
"708","2001","8","Orissa","Koraput","1496.0"
"708","2002","8","Orissa","Koraput","1038.0"
"708","2003","8","Orissa","Koraput","1570.0"
"708","2004","8","Orissa","Koraput","1578.0"
"708","2005","8","Orissa","Koraput","1641.0"
"708","2006","8","Orissa","Koraput","1700.0"
"708","2007","8","Orissa","Koraput","1917.0"
"708","2008","8","Orissa","Koraput","1626.0"
"708","2009","8","Orissa","Koraput","1357.0"
"708","2010","8","Orissa","Koraput","1889.0"
"708","2011","8","Orissa","Koraput","1471.0"
"708","2012","8","Orissa","Koraput","2010.0"
"708","2013","8","Orissa","Koraput","2678.0"
"708","2014","8","Orissa","Koraput","2042.0"
"708","2015","8","Orissa","Koraput","1972.0"
"708","2016","8","Orissa","Koraput","2530.0"
"708","2017","8","Orissa","Koraput","2318.0"
"708","2018","8","Orissa","Koraput","2629.0"
"708","2019","8","Orissa","Koraput","2881.0"
"709","1990","8","Orissa","Mayurbhanja","1043.0"
"709","1991","8","Orissa","Mayurbhanja","1228.0"
"709","1992","8","Orissa","Mayurbhanja","1158.0"
"709","1993","8","Orissa","Mayurbhanja","1327.0"
"709","1994","8","Orissa","Mayurbhanja","1320.0"
"709","1995","8","Orissa","Mayurbhanja","1199.0"
"709","1996","8","Orissa","Mayurbhanja","821.0"
"709","1997","8","Orissa","Mayurbhanja","1375.0"
"709","1998","8","Orissa","Mayurbhanja","860.0"
"709","1999","8","Orissa","Mayurbhanja","1156.0"
"709","2000","8","Orissa","Mayurbhanja","1158.0"
"709","2001","8","Orissa","Mayurbhanja","1535.0"
"709","2002","8","Orissa","Mayurbhanja","815.0"
"709","2003","8","Orissa","Mayurbhanja","1457.0"
"709","2004","8","Orissa","Mayurbhanja","1507.0"
"709","2005","8","Orissa","Mayurbhanja","1493.0"
"709","2006","8","Orissa","Mayurbhanja","1579.0"
"709","2007","8","Orissa","Mayurbhanja","1667.0"
"709","2008","8","Orissa","Mayurbhanja","1572.0"
"709","2009","8","Orissa","Mayurbhanja","1396.0"
"709","2010","8","Orissa","Mayurbhanja","932.0"
"709","2011","8","Orissa","Mayurbhanja","1884.0"
"709","2012","8","Orissa","Mayurbhanja","1726.0"
"709","2013","8","Orissa","Mayurbhanja","1390.0"
"709","2014","8","Orissa","Mayurbhanja","2176.0"
"709","2015","8","Orissa","Mayurbhanja","984.0"
"709","2016","8","Orissa","Mayurbhanja","2358.0"
"709","2017","8","Orissa","Mayurbhanja","2023.0"
"709","2018","8","Orissa","Mayurbhanja","2021.0"
"709","2019","8","Orissa","Mayurbhanja","2220.0"
"710","1990","8","Orissa","Phulbani(Kandhamal)","1173.0"
"710","1991","8","Orissa","Phulbani(Kandhamal)","1369.0"
"710","1992","8","Orissa","Phulbani(Kandhamal)","1343.0"
"710","1993","8","Orissa","Phulbani(Kandhamal)","1195.0"
"710","1994","8","Orissa","Phulbani(Kandhamal)","1357.0"
"710","1995","8","Orissa","Phulbani(Kandhamal)","1247.0"
"710","1996","8","Orissa","Phulbani(Kandhamal)","990.0"
"710","1997","8","Orissa","Phulbani(Kandhamal)","1392.0"
"710","1998","8","Orissa","Phulbani(Kandhamal)","1260.0"
"710","1999","8","Orissa","Phulbani(Kandhamal)","1356.0"
"710","2000","8","Orissa","Phulbani(Kandhamal)","778.0"
"710","2001","8","Orissa","Phulbani(Kandhamal)","1510.0"
"710","2002","8","Orissa","Phulbani(Kandhamal)","777.0"
"710","2003","8","Orissa","Phulbani(Kandhamal)","1450.0"
"710","2004","8","Orissa","Phulbani(Kandhamal)","1315.0"
"710","2005","8","Orissa","Phulbani(Kandhamal)","1311.0"
"710","2006","8","Orissa","Phulbani(Kandhamal)","1400.0"
"710","2007","8","Orissa","Phulbani(Kandhamal)","1356.0"
"710","2008","8","Orissa","Phulbani(Kandhamal)","1374.0"
"710","2009","8","Orissa","Phulbani(Kandhamal)","1356.0"
"710","2010","8","Orissa","Phulbani(Kandhamal)","1342.0"
"710","2011","8","Orissa","Phulbani(Kandhamal)","1145.0"
"710","2012","8","Orissa","Phulbani(Kandhamal)","1616.0"
"710","2013","8","Orissa","Phulbani(Kandhamal)","1550.0"
"710","2014","8","Orissa","Phulbani(Kandhamal)","1852.0"
"710","2015","8","Orissa","Phulbani(Kandhamal)","861.0"
"710","2016","8","Orissa","Phulbani(Kandhamal)","1793.0"
"710","2017","8","Orissa","Phulbani(Kandhamal)","1561.0"
"710","2018","8","Orissa","Phulbani(Kandhamal)","1960.0"
"710","2019","8","Orissa","Phulbani(Kandhamal)","1826.0"
"711","1990","8","Orissa","Puri","1170.0"
"711","1991","8","Orissa","Puri","1655.0"
"711","1992","8","Orissa","Puri","1382.0"
"711","1993","8","Orissa","Puri","1701.0"
"711","1994","8","Orissa","Puri","1311.0"
"711","1995","8","Orissa","Puri","1460.0"
"711","1996","8","Orissa","Puri","1254.0"
"711","1997","8","Orissa","Puri","1127.0"
"711","1998","8","Orissa","Puri","1207.0"
"711","1999","8","Orissa","Puri","860.0"
"711","2000","8","Orissa","Puri","1249.0"
"711","2001","8","Orissa","Puri","1666.0"
"711","2002","8","Orissa","Puri","873.0"
"711","2003","8","Orissa","Puri","1210.0"
"711","2004","8","Orissa","Puri","1561.0"
"711","2005","8","Orissa","Puri","1524.0"
"711","2006","8","Orissa","Puri","1371.0"
"711","2007","8","Orissa","Puri","1533.0"
"711","2008","8","Orissa","Puri","1207.0"
"711","2009","8","Orissa","Puri","1730.0"
"711","2010","8","Orissa","Puri","1713.0"
"711","2011","8","Orissa","Puri","1513.0"
"711","2012","8","Orissa","Puri","2459.0"
"711","2013","8","Orissa","Puri","1474.0"
"711","2014","8","Orissa","Puri","2109.0"
"711","2015","8","Orissa","Puri","2085.0"
"711","2016","8","Orissa","Puri","2720.0"
"711","2017","8","Orissa","Puri","1688.0"
"711","2018","8","Orissa","Puri","2293.0"
"711","2019","8","Orissa","Puri","2460.0"
"712","1990","8","Orissa","Sambalpur","1602.0"
"712","1991","8","Orissa","Sambalpur","1658.0"
"712","1992","8","Orissa","Sambalpur","1344.0"
"712","1993","8","Orissa","Sambalpur","1662.0"
"712","1994","8","Orissa","Sambalpur","1805.0"
"712","1995","8","Orissa","Sambalpur","1693.0"
"712","1996","8","Orissa","Sambalpur","1279.0"
"712","1997","8","Orissa","Sambalpur","1832.0"
"712","1998","8","Orissa","Sambalpur","1359.0"
"712","1999","8","Orissa","Sambalpur","1848.0"
"712","2000","8","Orissa","Sambalpur","719.0"
"712","2001","8","Orissa","Sambalpur","1824.0"
"712","2002","8","Orissa","Sambalpur","1124.0"
"712","2003","8","Orissa","Sambalpur","1760.0"
"712","2004","8","Orissa","Sambalpur","1590.0"
"712","2005","8","Orissa","Sambalpur","1983.0"
"712","2006","8","Orissa","Sambalpur","2034.0"
"712","2007","8","Orissa","Sambalpur","2176.0"
"712","2008","8","Orissa","Sambalpur","2228.0"
"712","2009","8","Orissa","Sambalpur","1313.0"
"712","2010","8","Orissa","Sambalpur","1471.0"
"712","2011","8","Orissa","Sambalpur","1816.0"
"712","2012","8","Orissa","Sambalpur","3003.0"
"712","2013","8","Orissa","Sambalpur","1985.0"
"712","2014","8","Orissa","Sambalpur","2433.0"
"712","2015","8","Orissa","Sambalpur","1050.0"
"712","2016","8","Orissa","Sambalpur","1918.0"
"712","2017","8","Orissa","Sambalpur","1102.0"
"712","2018","8","Orissa","Sambalpur","1079.0"
"712","2019","8","Orissa","Sambalpur","2616.0"
"713","1990","8","Orissa","Sundargarh","941.0"
"713","1991","8","Orissa","Sundargarh","1079.0"
"713","1992","8","Orissa","Sundargarh","697.0"
"713","1993","8","Orissa","Sundargarh","944.0"
"713","1994","8","Orissa","Sundargarh","1070.0"
"713","1995","8","Orissa","Sundargarh","899.0"
"713","1996","8","Orissa","Sundargarh","867.0"
"713","1997","8","Orissa","Sundargarh","1021.0"
"713","1998","8","Orissa","Sundargarh","754.0"
"713","1999","8","Orissa","Sundargarh","1020.0"
"713","2000","8","Orissa","Sundargarh","545.0"
"713","2001","8","Orissa","Sundargarh","977.0"
"713","2002","8","Orissa","Sundargarh","325.0"
"713","2003","8","Orissa","Sundargarh","1020.0"
"713","2004","8","Orissa","Sundargarh","1047.0"
"713","2005","8","Orissa","Sundargarh","1150.0"
"713","2006","8","Orissa","Sundargarh","1234.0"
"713","2007","8","Orissa","Sundargarh","1410.0"
"713","2008","8","Orissa","Sundargarh","1376.0"
"713","2009","8","Orissa","Sundargarh","719.0"
"713","2010","8","Orissa","Sundargarh","662.0"
"713","2011","8","Orissa","Sundargarh","1794.0"
"713","2012","8","Orissa","Sundargarh","2321.0"
"713","2013","8","Orissa","Sundargarh","1952.0"
"713","2014","8","Orissa","Sundargarh","2535.0"
"713","2015","8","Orissa","Sundargarh","1172.0"
"713","2016","8","Orissa","Sundargarh","1696.0"
"713","2017","8","Orissa","Sundargarh","1759.0"
"713","2018","8","Orissa","Sundargarh","1182.0"
"713","2019","8","Orissa","Sundargarh","1736.0"
"714","1990","8","Orissa","Bhadrak","-1.0"
"714","1991","8","Orissa","Bhadrak","-1.0"
"714","1992","8","Orissa","Bhadrak","-1.0"
"714","1993","8","Orissa","Bhadrak","-1.0"
"714","1994","8","Orissa","Bhadrak","-1.0"
"714","1995","8","Orissa","Bhadrak","1432.0"
"714","1996","8","Orissa","Bhadrak","1171.0"
"714","1997","8","Orissa","Bhadrak","1751.0"
"714","1998","8","Orissa","Bhadrak","1430.0"
"714","1999","8","Orissa","Bhadrak","725.0"
"714","2000","8","Orissa","Bhadrak","1469.0"
"714","2001","8","Orissa","Bhadrak","1927.0"
"714","2002","8","Orissa","Bhadrak","1253.0"
"714","2003","8","Orissa","Bhadrak","1808.0"
"714","2004","8","Orissa","Bhadrak","2007.0"
"714","2005","8","Orissa","Bhadrak","1924.0"
"714","2006","8","Orissa","Bhadrak","1774.0"
"714","2007","8","Orissa","Bhadrak","1763.0"
"714","2008","8","Orissa","Bhadrak","1920.0"
"714","2009","8","Orissa","Bhadrak","1903.0"
"714","2010","8","Orissa","Bhadrak","1854.0"
"714","2011","8","Orissa","Bhadrak","1666.0"
"714","2012","8","Orissa","Bhadrak","2120.0"
"714","2013","8","Orissa","Bhadrak","1466.0"
"714","2014","8","Orissa","Bhadrak","1421.0"
"714","2015","8","Orissa","Bhadrak","2506.0"
"714","2016","8","Orissa","Bhadrak","3102.0"
"714","2017","8","Orissa","Bhadrak","1942.0"
"714","2018","8","Orissa","Bhadrak","1815.0"
"714","2019","8","Orissa","Bhadrak","1788.0"
"716","1990","8","Orissa","Jagatsinghapur","-1.0"
"716","1991","8","Orissa","Jagatsinghapur","-1.0"
"716","1992","8","Orissa","Jagatsinghapur","-1.0"
"716","1993","8","Orissa","Jagatsinghapur","-1.0"
"716","1994","8","Orissa","Jagatsinghapur","-1.0"
"716","1995","8","Orissa","Jagatsinghapur","1240.0"
"716","1996","8","Orissa","Jagatsinghapur","1163.0"
"716","1997","8","Orissa","Jagatsinghapur","1223.0"
"716","1998","8","Orissa","Jagatsinghapur","1506.0"
"716","1999","8","Orissa","Jagatsinghapur","364.0"
"716","2000","8","Orissa","Jagatsinghapur","1338.0"
"716","2001","8","Orissa","Jagatsinghapur","1704.0"
"716","2002","8","Orissa","Jagatsinghapur","1168.0"
"716","2003","8","Orissa","Jagatsinghapur","1344.0"
"716","2004","8","Orissa","Jagatsinghapur","1823.0"
"716","2005","8","Orissa","Jagatsinghapur","1882.0"
"716","2006","8","Orissa","Jagatsinghapur","1495.0"
"716","2007","8","Orissa","Jagatsinghapur","1777.0"
"716","2008","8","Orissa","Jagatsinghapur","1967.0"
"716","2009","8","Orissa","Jagatsinghapur","2005.0"
"716","2010","8","Orissa","Jagatsinghapur","1579.0"
"716","2011","8","Orissa","Jagatsinghapur","2435.0"
"716","2012","8","Orissa","Jagatsinghapur","2918.0"
"716","2013","8","Orissa","Jagatsinghapur","2001.0"
"716","2014","8","Orissa","Jagatsinghapur","2165.0"
"716","2015","8","Orissa","Jagatsinghapur","2571.0"
"716","2016","8","Orissa","Jagatsinghapur","2981.0"
"716","2017","8","Orissa","Jagatsinghapur","1938.0"
"716","2018","8","Orissa","Jagatsinghapur","2167.0"
"716","2019","8","Orissa","Jagatsinghapur","2103.0"
"717","1990","8","Orissa","Jajapur","-1.0"
"717","1991","8","Orissa","Jajapur","-1.0"
"717","1992","8","Orissa","Jajapur","-1.0"
"717","1993","8","Orissa","Jajapur","-1.0"
"717","1994","8","Orissa","Jajapur","-1.0"
"717","1995","8","Orissa","Jajapur","1390.0"
"717","1996","8","Orissa","Jajapur","841.0"
"717","1997","8","Orissa","Jajapur","1135.0"
"717","1998","8","Orissa","Jajapur","1304.0"
"717","1999","8","Orissa","Jajapur","669.0"
"717","2000","8","Orissa","Jajapur","797.0"
"717","2001","8","Orissa","Jajapur","1594.0"
"717","2002","8","Orissa","Jajapur","734.0"
"717","2003","8","Orissa","Jajapur","1255.0"
"717","2004","8","Orissa","Jajapur","1297.0"
"717","2005","8","Orissa","Jajapur","1755.0"
"717","2006","8","Orissa","Jajapur","1365.0"
"717","2007","8","Orissa","Jajapur","1544.0"
"717","2008","8","Orissa","Jajapur","1528.0"
"717","2009","8","Orissa","Jajapur","1824.0"
"717","2010","8","Orissa","Jajapur","1402.0"
"717","2011","8","Orissa","Jajapur","1117.0"
"717","2012","8","Orissa","Jajapur","1761.0"
"717","2013","8","Orissa","Jajapur","1062.0"
"717","2014","8","Orissa","Jajapur","1856.0"
"717","2015","8","Orissa","Jajapur","1231.0"
"717","2016","8","Orissa","Jajapur","2579.0"
"717","2017","8","Orissa","Jajapur","1376.0"
"717","2018","8","Orissa","Jajapur","1746.0"
"717","2019","8","Orissa","Jajapur","1758.0"
"718","1990","8","Orissa","Kendrapara","-1.0"
"718","1991","8","Orissa","Kendrapara","-1.0"
"718","1992","8","Orissa","Kendrapara","-1.0"
"718","1993","8","Orissa","Kendrapara","-1.0"
"718","1994","8","Orissa","Kendrapara","-1.0"
"718","1995","8","Orissa","Kendrapara","1344.0"
"718","1996","8","Orissa","Kendrapara","980.0"
"718","1997","8","Orissa","Kendrapara","1182.0"
"718","1998","8","Orissa","Kendrapara","1259.0"
"718","1999","8","Orissa","Kendrapara","529.0"
"718","2000","8","Orissa","Kendrapara","1002.0"
"718","2001","8","Orissa","Kendrapara","1432.0"
"718","2002","8","Orissa","Kendrapara","920.0"
"718","2003","8","Orissa","Kendrapara","1247.0"
"718","2004","8","Orissa","Kendrapara","1505.0"
"718","2005","8","Orissa","Kendrapara","1705.0"
"718","2006","8","Orissa","Kendrapara","1124.0"
"718","2007","8","Orissa","Kendrapara","1411.0"
"718","2008","8","Orissa","Kendrapara","1404.0"
"718","2009","8","Orissa","Kendrapara","1694.0"
"718","2010","8","Orissa","Kendrapara","1255.0"
"718","2011","8","Orissa","Kendrapara","1527.0"
"718","2012","8","Orissa","Kendrapara","1868.0"
"718","2013","8","Orissa","Kendrapara","1172.0"
"718","2014","8","Orissa","Kendrapara","1438.0"
"718","2015","8","Orissa","Kendrapara","1846.0"
"718","2016","8","Orissa","Kendrapara","2598.0"
"718","2017","8","Orissa","Kendrapara","1380.0"
"718","2018","8","Orissa","Kendrapara","1444.0"
"718","2019","8","Orissa","Kendrapara","2138.0"
"719","1990","8","Orissa","Angul","-1.0"
"719","1991","8","Orissa","Angul","-1.0"
"719","1992","8","Orissa","Angul","-1.0"
"719","1993","8","Orissa","Angul","-1.0"
"719","1994","8","Orissa","Angul","-1.0"
"719","1995","8","Orissa","Angul","1199.0"
"719","1996","8","Orissa","Angul","655.0"
"719","1997","8","Orissa","Angul","1386.0"
"719","1998","8","Orissa","Angul","736.0"
"719","1999","8","Orissa","Angul","1305.0"
"719","2000","8","Orissa","Angul","410.0"
"719","2001","8","Orissa","Angul","1639.0"
"719","2002","8","Orissa","Angul","388.0"
"719","2003","8","Orissa","Angul","1505.0"
"719","2004","8","Orissa","Angul","1269.0"
"719","2005","8","Orissa","Angul","1554.0"
"719","2006","8","Orissa","Angul","1368.0"
"719","2007","8","Orissa","Angul","853.0"
"719","2008","8","Orissa","Angul","1356.0"
"719","2009","8","Orissa","Angul","1002.0"
"719","2010","8","Orissa","Angul","582.0"
"719","2011","8","Orissa","Angul","989.0"
"719","2012","8","Orissa","Angul","2080.0"
"719","2013","8","Orissa","Angul","1929.0"
"719","2014","8","Orissa","Angul","2486.0"
"719","2015","8","Orissa","Angul","791.0"
"719","2016","8","Orissa","Angul","2340.0"
"719","2017","8","Orissa","Angul","1358.0"
"719","2018","8","Orissa","Angul","2667.0"
"719","2019","8","Orissa","Angul","3108.0"
"720","1990","8","Orissa","Gajapati","-1.0"
"720","1991","8","Orissa","Gajapati","-1.0"
"720","1992","8","Orissa","Gajapati","-1.0"
"720","1993","8","Orissa","Gajapati","-1.0"
"720","1994","8","Orissa","Gajapati","-1.0"
"720","1995","8","Orissa","Gajapati","1481.0"
"720","1996","8","Orissa","Gajapati","1159.0"
"720","1997","8","Orissa","Gajapati","1357.0"
"720","1998","8","Orissa","Gajapati","1796.0"
"720","1999","8","Orissa","Gajapati","1621.0"
"720","2000","8","Orissa","Gajapati","1781.0"
"720","2001","8","Orissa","Gajapati","1937.0"
"720","2002","8","Orissa","Gajapati","1029.0"
"720","2003","8","Orissa","Gajapati","1596.0"
"720","2004","8","Orissa","Gajapati","1749.0"
"720","2005","8","Orissa","Gajapati","1422.0"
"720","2006","8","Orissa","Gajapati","1791.0"
"720","2007","8","Orissa","Gajapati","1883.0"
"720","2008","8","Orissa","Gajapati","1209.0"
"720","2009","8","Orissa","Gajapati","1475.0"
"720","2010","8","Orissa","Gajapati","1982.0"
"720","2011","8","Orissa","Gajapati","1031.0"
"720","2012","8","Orissa","Gajapati","2051.0"
"720","2013","8","Orissa","Gajapati","891.0"
"720","2014","8","Orissa","Gajapati","1487.0"
"720","2015","8","Orissa","Gajapati","975.0"
"720","2016","8","Orissa","Gajapati","2484.0"
"720","2017","8","Orissa","Gajapati","2089.0"
"720","2018","8","Orissa","Gajapati","1175.0"
"720","2019","8","Orissa","Gajapati","2517.0"
"721","1990","8","Orissa","Nuapada","-1.0"
"721","1991","8","Orissa","Nuapada","-1.0"
"721","1992","8","Orissa","Nuapada","-1.0"
"721","1993","8","Orissa","Nuapada","-1.0"
"721","1994","8","Orissa","Nuapada","-1.0"
"721","1995","8","Orissa","Nuapada","900.0"
"721","1996","8","Orissa","Nuapada","668.0"
"721","1997","8","Orissa","Nuapada","944.0"
"721","1998","8","Orissa","Nuapada","853.0"
"721","1999","8","Orissa","Nuapada","1045.0"
"721","2000","8","Orissa","Nuapada","301.0"
"721","2001","8","Orissa","Nuapada","1262.0"
"721","2002","8","Orissa","Nuapada","253.0"
"721","2003","8","Orissa","Nuapada","1286.0"
"721","2004","8","Orissa","Nuapada","885.0"
"721","2005","8","Orissa","Nuapada","974.0"
"721","2006","8","Orissa","Nuapada","1106.0"
"721","2007","8","Orissa","Nuapada","1848.0"
"721","2008","8","Orissa","Nuapada","1428.0"
"721","2009","8","Orissa","Nuapada","1200.0"
"721","2010","8","Orissa","Nuapada","1858.0"
"721","2011","8","Orissa","Nuapada","792.0"
"721","2012","8","Orissa","Nuapada","2100.0"
"721","2013","8","Orissa","Nuapada","2006.0"
"721","2014","8","Orissa","Nuapada","2121.0"
"721","2015","8","Orissa","Nuapada","847.0"
"721","2016","8","Orissa","Nuapada","1458.0"
"721","2017","8","Orissa","Nuapada","677.0"
"721","2018","8","Orissa","Nuapada","1514.0"
"721","2019","8","Orissa","Nuapada","2224.0"
"722","1990","8","Orissa","Malkangiri","-1.0"
"722","1991","8","Orissa","Malkangiri","-1.0"
"722","1992","8","Orissa","Malkangiri","-1.0"
"722","1993","8","Orissa","Malkangiri","-1.0"
"722","1994","8","Orissa","Malkangiri","-1.0"
"722","1995","8","Orissa","Malkangiri","1205.0"
"722","1996","8","Orissa","Malkangiri","1347.0"
"722","1997","8","Orissa","Malkangiri","729.0"
"722","1998","8","Orissa","Malkangiri","1433.0"
"722","1999","8","Orissa","Malkangiri","1234.0"
"722","2000","8","Orissa","Malkangiri","685.0"
"722","2001","8","Orissa","Malkangiri","1084.0"
"722","2002","8","Orissa","Malkangiri","603.0"
"722","2003","8","Orissa","Malkangiri","1328.0"
"722","2004","8","Orissa","Malkangiri","1404.0"
"722","2005","8","Orissa","Malkangiri","1377.0"
"722","2006","8","Orissa","Malkangiri","1407.0"
"722","2007","8","Orissa","Malkangiri","1557.0"
"722","2008","8","Orissa","Malkangiri","1197.0"
"722","2009","8","Orissa","Malkangiri","1190.0"
"722","2010","8","Orissa","Malkangiri","2091.0"
"722","2011","8","Orissa","Malkangiri","571.0"
"722","2012","8","Orissa","Malkangiri","1876.0"
"722","2013","8","Orissa","Malkangiri","1752.0"
"722","2014","8","Orissa","Malkangiri","1725.0"
"722","2015","8","Orissa","Malkangiri","1370.0"
"722","2016","8","Orissa","Malkangiri","1946.0"
"722","2017","8","Orissa","Malkangiri","1760.0"
"722","2018","8","Orissa","Malkangiri","1887.0"
"722","2019","8","Orissa","Malkangiri","2225.0"
"723","1990","8","Orissa","Nawarangpur","-1.0"
"723","1991","8","Orissa","Nawarangpur","-1.0"
"723","1992","8","Orissa","Nawarangpur","-1.0"
"723","1993","8","Orissa","Nawarangpur","-1.0"
"723","1994","8","Orissa","Nawarangpur","-1.0"
"723","1995","8","Orissa","Nawarangpur","1310.0"
"723","1996","8","Orissa","Nawarangpur","1482.0"
"723","1997","8","Orissa","Nawarangpur","1128.0"
"723","1998","8","Orissa","Nawarangpur","1356.0"
"723","1999","8","Orissa","Nawarangpur","1543.0"
"723","2000","8","Orissa","Nawarangpur","1131.0"
"723","2001","8","Orissa","Nawarangpur","1270.0"
"723","2002","8","Orissa","Nawarangpur","545.0"
"723","2003","8","Orissa","Nawarangpur","1658.0"
"723","2004","8","Orissa","Nawarangpur","1322.0"
"723","2005","8","Orissa","Nawarangpur","1227.0"
"723","2006","8","Orissa","Nawarangpur","1331.0"
"723","2007","8","Orissa","Nawarangpur","1530.0"
"723","2008","8","Orissa","Nawarangpur","1231.0"
"723","2009","8","Orissa","Nawarangpur","1357.0"
"723","2010","8","Orissa","Nawarangpur","1960.0"
"723","2011","8","Orissa","Nawarangpur","704.0"
"723","2012","8","Orissa","Nawarangpur","2276.0"
"723","2013","8","Orissa","Nawarangpur","2869.0"
"723","2014","8","Orissa","Nawarangpur","2328.0"
"723","2015","8","Orissa","Nawarangpur","1254.0"
"723","2016","8","Orissa","Nawarangpur","2657.0"
"723","2017","8","Orissa","Nawarangpur","2464.0"
"723","2018","8","Orissa","Nawarangpur","1217.0"
"723","2019","8","Orissa","Nawarangpur","3176.0"
"724","1990","8","Orissa","Rayagada","-1.0"
"724","1991","8","Orissa","Rayagada","-1.0"
"724","1992","8","Orissa","Rayagada","-1.0"
"724","1993","8","Orissa","Rayagada","-1.0"
"724","1994","8","Orissa","Rayagada","-1.0"
"724","1995","8","Orissa","Rayagada","1662.0"
"724","1996","8","Orissa","Rayagada","1135.0"
"724","1997","8","Orissa","Rayagada","1254.0"
"724","1998","8","Orissa","Rayagada","1699.0"
"724","1999","8","Orissa","Rayagada","1522.0"
"724","2000","8","Orissa","Rayagada","1052.0"
"724","2001","8","Orissa","Rayagada","1514.0"
"724","2002","8","Orissa","Rayagada","846.0"
"724","2003","8","Orissa","Rayagada","1748.0"
"724","2004","8","Orissa","Rayagada","1626.0"
"724","2005","8","Orissa","Rayagada","1425.0"
"724","2006","8","Orissa","Rayagada","1720.0"
"724","2007","8","Orissa","Rayagada","1848.0"
"724","2008","8","Orissa","Rayagada","1566.0"
"724","2009","8","Orissa","Rayagada","1814.0"
"724","2010","8","Orissa","Rayagada","2132.0"
"724","2011","8","Orissa","Rayagada","1256.0"
"724","2012","8","Orissa","Rayagada","2119.0"
"724","2013","8","Orissa","Rayagada","2481.0"
"724","2014","8","Orissa","Rayagada","2820.0"
"724","2015","8","Orissa","Rayagada","1167.0"
"724","2016","8","Orissa","Rayagada","2347.0"
"724","2017","8","Orissa","Rayagada","2409.0"
"724","2018","8","Orissa","Rayagada","2551.0"
"724","2019","8","Orissa","Rayagada","3291.0"
"725","1990","8","Orissa","Khurda","-1.0"
"725","1991","8","Orissa","Khurda","-1.0"
"725","1992","8","Orissa","Khurda","-1.0"
"725","1993","8","Orissa","Khurda","-1.0"
"725","1994","8","Orissa","Khurda","-1.0"
"725","1995","8","Orissa","Khurda","1330.0"
"725","1996","8","Orissa","Khurda","1098.0"
"725","1997","8","Orissa","Khurda","1413.0"
"725","1998","8","Orissa","Khurda","1685.0"
"725","1999","8","Orissa","Khurda","791.0"
"725","2000","8","Orissa","Khurda","1536.0"
"725","2001","8","Orissa","Khurda","1490.0"
"725","2002","8","Orissa","Khurda","460.0"
"725","2003","8","Orissa","Khurda","1372.0"
"725","2004","8","Orissa","Khurda","1635.0"
"725","2005","8","Orissa","Khurda","1728.0"
"725","2006","8","Orissa","Khurda","1637.0"
"725","2007","8","Orissa","Khurda","1629.0"
"725","2008","8","Orissa","Khurda","1326.0"
"725","2009","8","Orissa","Khurda","1876.0"
"725","2010","8","Orissa","Khurda","1703.0"
"725","2011","8","Orissa","Khurda","1567.0"
"725","2012","8","Orissa","Khurda","2292.0"
"725","2013","8","Orissa","Khurda","811.0"
"725","2014","8","Orissa","Khurda","2177.0"
"725","2015","8","Orissa","Khurda","1432.0"
"725","2016","8","Orissa","Khurda","2632.0"
"725","2017","8","Orissa","Khurda","1622.0"
"725","2018","8","Orissa","Khurda","2175.0"
"725","2019","8","Orissa","Khurda","2610.0"
"726","1990","8","Orissa","Nayagarh","-1.0"
"726","1991","8","Orissa","Nayagarh","-1.0"
"726","1992","8","Orissa","Nayagarh","-1.0"
"726","1993","8","Orissa","Nayagarh","-1.0"
"726","1994","8","Orissa","Nayagarh","-1.0"
"726","1995","8","Orissa","Nayagarh","1780.0"
"726","1996","8","Orissa","Nayagarh","435.0"
"726","1997","8","Orissa","Nayagarh","1739.0"
"726","1998","8","Orissa","Nayagarh","1715.0"
"726","1999","8","Orissa","Nayagarh","705.0"
"726","2000","8","Orissa","Nayagarh","1152.0"
"726","2001","8","Orissa","Nayagarh","1619.0"
"726","2002","8","Orissa","Nayagarh","620.0"
"726","2003","8","Orissa","Nayagarh","1564.0"
"726","2004","8","Orissa","Nayagarh","1261.0"
"726","2005","8","Orissa","Nayagarh","1610.0"
"726","2006","8","Orissa","Nayagarh","1502.0"
"726","2007","8","Orissa","Nayagarh","1841.0"
"726","2008","8","Orissa","Nayagarh","1408.0"
"726","2009","8","Orissa","Nayagarh","1531.0"
"726","2010","8","Orissa","Nayagarh","1682.0"
"726","2011","8","Orissa","Nayagarh","648.0"
"726","2012","8","Orissa","Nayagarh","2195.0"
"726","2013","8","Orissa","Nayagarh","844.0"
"726","2014","8","Orissa","Nayagarh","2099.0"
"726","2015","8","Orissa","Nayagarh","848.0"
"726","2016","8","Orissa","Nayagarh","2285.0"
"726","2017","8","Orissa","Nayagarh","1381.0"
"726","2018","8","Orissa","Nayagarh","2396.0"
"726","2019","8","Orissa","Nayagarh","2601.0"
"728","1990","8","Orissa","Boudh","-1.0"
"728","1991","8","Orissa","Boudh","-1.0"
"728","1992","8","Orissa","Boudh","-1.0"
"728","1993","8","Orissa","Boudh","-1.0"
"728","1994","8","Orissa","Boudh","-1.0"
"728","1995","8","Orissa","Boudh","1270.0"
"728","1996","8","Orissa","Boudh","586.0"
"728","1997","8","Orissa","Boudh","1456.0"
"728","1998","8","Orissa","Boudh","935.0"
"728","1999","8","Orissa","Boudh","1478.0"
"728","2000","8","Orissa","Boudh","528.0"
"728","2001","8","Orissa","Boudh","1238.0"
"728","2002","8","Orissa","Boudh","449.0"
"728","2003","8","Orissa","Boudh","1805.0"
"728","2004","8","Orissa","Boudh","1424.0"
"728","2005","8","Orissa","Boudh","1552.0"
"728","2006","8","Orissa","Boudh","1602.0"
"728","2007","8","Orissa","Boudh","1688.0"
"728","2008","8","Orissa","Boudh","1312.0"
"728","2009","8","Orissa","Boudh","1860.0"
"728","2010","8","Orissa","Boudh","1225.0"
"728","2011","8","Orissa","Boudh","1194.0"
"728","2012","8","Orissa","Boudh","2564.0"
"728","2013","8","Orissa","Boudh","1803.0"
"728","2014","8","Orissa","Boudh","2300.0"
"728","2015","8","Orissa","Boudh","954.0"
"728","2016","8","Orissa","Boudh","3099.0"
"728","2017","8","Orissa","Boudh","1844.0"
"728","2018","8","Orissa","Boudh","2816.0"
"728","2019","8","Orissa","Boudh","2749.0"
"729","1990","8","Orissa","Bargarh","-1.0"
"729","1991","8","Orissa","Bargarh","-1.0"
"729","1992","8","Orissa","Bargarh","-1.0"
"729","1993","8","Orissa","Bargarh","-1.0"
"729","1994","8","Orissa","Bargarh","-1.0"
"729","1995","8","Orissa","Bargarh","1829.0"
"729","1996","8","Orissa","Bargarh","1513.0"
"729","1997","8","Orissa","Bargarh","1781.0"
"729","1998","8","Orissa","Bargarh","1621.0"
"729","1999","8","Orissa","Bargarh","2143.0"
"729","2000","8","Orissa","Bargarh","1211.0"
"729","2001","8","Orissa","Bargarh","1961.0"
"729","2002","8","Orissa","Bargarh","1272.0"
"729","2003","8","Orissa","Bargarh","2047.0"
"729","2004","8","Orissa","Bargarh","1775.0"
"729","2005","8","Orissa","Bargarh","1922.0"
"729","2006","8","Orissa","Bargarh","2047.0"
"729","2007","8","Orissa","Bargarh","2140.0"
"729","2008","8","Orissa","Bargarh","2075.0"
"729","2009","8","Orissa","Bargarh","2218.0"
"729","2010","8","Orissa","Bargarh","2326.0"
"729","2011","8","Orissa","Bargarh","2157.0"
"729","2012","8","Orissa","Bargarh","3195.0"
"729","2013","8","Orissa","Bargarh","2274.0"
"729","2014","8","Orissa","Bargarh","2928.0"
"729","2015","8","Orissa","Bargarh","1924.0"
"729","2016","8","Orissa","Bargarh","2437.0"
"729","2017","8","Orissa","Bargarh","1049.0"
"729","2018","8","Orissa","Bargarh","1966.0"
"729","2019","8","Orissa","Bargarh","1945.0"
"730","1990","8","Orissa","Deogarh","-1.0"
"730","1991","8","Orissa","Deogarh","-1.0"
"730","1992","8","Orissa","Deogarh","-1.0"
"730","1993","8","Orissa","Deogarh","-1.0"
"730","1994","8","Orissa","Deogarh","-1.0"
"730","1995","8","Orissa","Deogarh","1264.0"
"730","1996","8","Orissa","Deogarh","914.0"
"730","1997","8","Orissa","Deogarh","1219.0"
"730","1998","8","Orissa","Deogarh","858.0"
"730","1999","8","Orissa","Deogarh","1143.0"
"730","2000","8","Orissa","Deogarh","426.0"
"730","2001","8","Orissa","Deogarh","1304.0"
"730","2002","8","Orissa","Deogarh","439.0"
"730","2003","8","Orissa","Deogarh","1434.0"
"730","2004","8","Orissa","Deogarh","818.0"
"730","2005","8","Orissa","Deogarh","1270.0"
"730","2006","8","Orissa","Deogarh","1270.0"
"730","2007","8","Orissa","Deogarh","1351.0"
"730","2008","8","Orissa","Deogarh","1294.0"
"730","2009","8","Orissa","Deogarh","1092.0"
"730","2010","8","Orissa","Deogarh","718.0"
"730","2011","8","Orissa","Deogarh","1641.0"
"730","2012","8","Orissa","Deogarh","2644.0"
"730","2013","8","Orissa","Deogarh","2421.0"
"730","2014","8","Orissa","Deogarh","2983.0"
"730","2015","8","Orissa","Deogarh","996.0"
"730","2016","8","Orissa","Deogarh","1554.0"
"730","2017","8","Orissa","Deogarh","1833.0"
"730","2018","8","Orissa","Deogarh","1705.0"
"730","2019","8","Orissa","Deogarh","1828.0"
"731","1990","8","Orissa","Jharsuguda","-1.0"
"731","1991","8","Orissa","Jharsuguda","-1.0"
"731","1992","8","Orissa","Jharsuguda","-1.0"
"731","1993","8","Orissa","Jharsuguda","-1.0"
"731","1994","8","Orissa","Jharsuguda","-1.0"
"731","1995","8","Orissa","Jharsuguda","1710.0"
"731","1996","8","Orissa","Jharsuguda","796.0"
"731","1997","8","Orissa","Jharsuguda","1431.0"
"731","1998","8","Orissa","Jharsuguda","1044.0"
"731","1999","8","Orissa","Jharsuguda","1651.0"
"731","2000","8","Orissa","Jharsuguda","397.0"
"731","2001","8","Orissa","Jharsuguda","1503.0"
"731","2002","8","Orissa","Jharsuguda","694.0"
"731","2003","8","Orissa","Jharsuguda","1795.0"
"731","2004","8","Orissa","Jharsuguda","1147.0"
"731","2005","8","Orissa","Jharsuguda","1685.0"
"731","2006","8","Orissa","Jharsuguda","1869.0"
"731","2007","8","Orissa","Jharsuguda","1778.0"
"731","2008","8","Orissa","Jharsuguda","1900.0"
"731","2009","8","Orissa","Jharsuguda","451.0"
"731","2010","8","Orissa","Jharsuguda","622.0"
"731","2011","8","Orissa","Jharsuguda","1220.0"
"731","2012","8","Orissa","Jharsuguda","2676.0"
"731","2013","8","Orissa","Jharsuguda","1283.0"
"731","2014","8","Orissa","Jharsuguda","1424.0"
"731","2015","8","Orissa","Jharsuguda","940.0"
"731","2016","8","Orissa","Jharsuguda","2083.0"
"731","2017","8","Orissa","Jharsuguda","1595.0"
"731","2018","8","Orissa","Jharsuguda","359.0"
"731","2019","8","Orissa","Jharsuguda","3330.0"
"732","1990","8","Orissa","Sonepur","-1.0"
"732","1991","8","Orissa","Sonepur","-1.0"
"732","1992","8","Orissa","Sonepur","-1.0"
"732","1993","8","Orissa","Sonepur","-1.0"
"732","1994","8","Orissa","Sonepur","-1.0"
"732","1995","8","Orissa","Sonepur","1737.0"
"732","1996","8","Orissa","Sonepur","1637.0"
"732","1997","8","Orissa","Sonepur","1820.0"
"732","1998","8","Orissa","Sonepur","1398.0"
"732","1999","8","Orissa","Sonepur","1967.0"
"732","2000","8","Orissa","Sonepur","1301.0"
"732","2001","8","Orissa","Sonepur","1884.0"
"732","2002","8","Orissa","Sonepur","1037.0"
"732","2003","8","Orissa","Sonepur","1457.0"
"732","2004","8","Orissa","Sonepur","1724.0"
"732","2005","8","Orissa","Sonepur","2144.0"
"732","2006","8","Orissa","Sonepur","2098.0"
"732","2007","8","Orissa","Sonepur","2027.0"
"732","2008","8","Orissa","Sonepur","1964.0"
"732","2009","8","Orissa","Sonepur","2345.0"
"732","2010","8","Orissa","Sonepur","2448.0"
"732","2011","8","Orissa","Sonepur","2202.0"
"732","2012","8","Orissa","Sonepur","4220.0"
"732","2013","8","Orissa","Sonepur","3068.0"
"732","2014","8","Orissa","Sonepur","3361.0"
"732","2015","8","Orissa","Sonepur","2514.0"
"732","2016","8","Orissa","Sonepur","3319.0"
"732","2017","8","Orissa","Sonepur","2345.0"
"732","2018","8","Orissa","Sonepur","3021.0"
"732","2019","8","Orissa","Sonepur","3353.0"
"1017","1990","9","Punjab","S.B.S Nagar","-1.0"
"1017","1991","9","Punjab","S.B.S Nagar","-1.0"
"1017","1992","9","Punjab","S.B.S Nagar","-1.0"
"1017","1993","9","Punjab","S.B.S Nagar","-1.0"
"1017","1994","9","Punjab","S.B.S Nagar","-1.0"
"1017","1995","9","Punjab","S.B.S Nagar","3143.0"
"1017","1996","9","Punjab","S.B.S Nagar","3463.0"
"1017","1997","9","Punjab","S.B.S Nagar","3372.0"
"1017","1998","9","Punjab","S.B.S Nagar","3261.0"
"1017","1999","9","Punjab","S.B.S Nagar","3478.0"
"1017","2000","9","Punjab","S.B.S Nagar","3362.0"
"1017","2001","9","Punjab","S.B.S Nagar","3178.0"
"1017","2002","9","Punjab","S.B.S Nagar","3512.0"
"1017","2003","9","Punjab","S.B.S Nagar","3638.0"
"1017","2004","9","Punjab","S.B.S Nagar","3980.0"
"1017","2005","9","Punjab","S.B.S Nagar","3490.0"
"1017","2006","9","Punjab","S.B.S Nagar","3943.0"
"1017","2007","9","Punjab","S.B.S Nagar","3880.0"
"1017","2008","9","Punjab","S.B.S Nagar","4096.0"
"1017","2009","9","Punjab","S.B.S Nagar","4143.0"
"1017","2010","9","Punjab","S.B.S Nagar","3983.0"
"1017","2011","9","Punjab","S.B.S Nagar","3965.0"
"1017","2012","9","Punjab","S.B.S Nagar","4140.0"
"1017","2013","9","Punjab","S.B.S Nagar","3607.0"
"1017","2014","9","Punjab","S.B.S Nagar","3965.0"
"1017","2015","9","Punjab","S.B.S Nagar","4271.0"
"1017","2016","9","Punjab","S.B.S Nagar","4333.0"
"1017","2017","9","Punjab","S.B.S Nagar","4700.0"
"1017","2018","9","Punjab","S.B.S Nagar","3950.0"
"1017","2019","9","Punjab","S.B.S Nagar","4183.0"
"1018","1990","9","Punjab","Shri Mukatsar Sahib","-1.0"
"1018","1991","9","Punjab","Shri Mukatsar Sahib","-1.0"
"1018","1992","9","Punjab","Shri Mukatsar Sahib","-1.0"
"1018","1993","9","Punjab","Shri Mukatsar Sahib","-1.0"
"1018","1994","9","Punjab","Shri Mukatsar Sahib","-1.0"
"1018","1995","9","Punjab","Shri Mukatsar Sahib","3667.0"
"1018","1996","9","Punjab","Shri Mukatsar Sahib","3474.0"
"1018","1997","9","Punjab","Shri Mukatsar Sahib","3455.0"
"1018","1998","9","Punjab","Shri Mukatsar Sahib","2870.0"
"1018","1999","9","Punjab","Shri Mukatsar Sahib","3209.0"
"1018","2000","9","Punjab","Shri Mukatsar Sahib","3472.0"
"1018","2001","9","Punjab","Shri Mukatsar Sahib","3677.0"
"1018","2002","9","Punjab","Shri Mukatsar Sahib","3145.0"
"1018","2003","9","Punjab","Shri Mukatsar Sahib","3770.0"
"1018","2004","9","Punjab","Shri Mukatsar Sahib","3884.0"
"1018","2005","9","Punjab","Shri Mukatsar Sahib","3870.0"
"1018","2006","9","Punjab","Shri Mukatsar Sahib","4000.0"
"1018","2007","9","Punjab","Shri Mukatsar Sahib","4162.0"
"1018","2008","9","Punjab","Shri Mukatsar Sahib","4232.0"
"1018","2009","9","Punjab","Shri Mukatsar Sahib","3870.0"
"1018","2010","9","Punjab","Shri Mukatsar Sahib","3892.0"
"1018","2011","9","Punjab","Shri Mukatsar Sahib","3558.0"
"1018","2012","9","Punjab","Shri Mukatsar Sahib","3992.0"
"1018","2013","9","Punjab","Shri Mukatsar Sahib","3974.0"
"1018","2014","9","Punjab","Shri Mukatsar Sahib","3807.0"
"1018","2015","9","Punjab","Shri Mukatsar Sahib","4222.0"
"1018","2016","9","Punjab","Shri Mukatsar Sahib","4040.0"
"1018","2017","9","Punjab","Shri Mukatsar Sahib","3971.0"
"1018","2018","9","Punjab","Shri Mukatsar Sahib","4067.0"
"1018","2019","9","Punjab","Shri Mukatsar Sahib","3353.0"
"1019","1990","9","Punjab","Moga","-1.0"
"1019","1991","9","Punjab","Moga","-1.0"
"1019","1992","9","Punjab","Moga","-1.0"
"1019","1993","9","Punjab","Moga","-1.0"
"1019","1994","9","Punjab","Moga","-1.0"
"1019","1995","9","Punjab","Moga","3685.0"
"1019","1996","9","Punjab","Moga","3794.0"
"1019","1997","9","Punjab","Moga","4009.0"
"1019","1998","9","Punjab","Moga","3500.0"
"1019","1999","9","Punjab","Moga","3359.0"
"1019","2000","9","Punjab","Moga","3748.0"
"1019","2001","9","Punjab","Moga","3809.0"
"1019","2002","9","Punjab","Moga","3812.0"
"1019","2003","9","Punjab","Moga","4092.0"
"1019","2004","9","Punjab","Moga","4457.0"
"1019","2005","9","Punjab","Moga","4401.0"
"1019","2006","9","Punjab","Moga","4232.0"
"1019","2007","9","Punjab","Moga","4432.0"
"1019","2008","9","Punjab","Moga","4598.0"
"1019","2009","9","Punjab","Moga","4721.0"
"1019","2010","9","Punjab","Moga","4331.0"
"1019","2011","9","Punjab","Moga","4362.0"
"1019","2012","9","Punjab","Moga","4511.0"
"1019","2013","9","Punjab","Moga","4631.0"
"1019","2014","9","Punjab","Moga","4605.0"
"1019","2015","9","Punjab","Moga","4760.0"
"1019","2016","9","Punjab","Moga","4584.0"
"1019","2017","9","Punjab","Moga","4801.0"
"1019","2018","9","Punjab","Moga","4514.0"
"1019","2019","9","Punjab","Moga","4564.0"
"1072","1990","7","Maharashtra","Gondia","-1.0"
"1072","1991","7","Maharashtra","Gondia","-1.0"
"1072","1992","7","Maharashtra","Gondia","-1.0"
"1072","1993","7","Maharashtra","Gondia","-1.0"
"1072","1994","7","Maharashtra","Gondia","-1.0"
"1072","1995","7","Maharashtra","Gondia","-1.0"
"1072","1996","7","Maharashtra","Gondia","-1.0"
"1072","1997","7","Maharashtra","Gondia","-1.0"
"1072","1998","7","Maharashtra","Gondia","-1.0"
"1072","1999","7","Maharashtra","Gondia","1298.0"
"1072","2000","7","Maharashtra","Gondia","871.0"
"1072","2001","7","Maharashtra","Gondia","1313.0"
"1072","2002","7","Maharashtra","Gondia","1008.0"
"1072","2003","7","Maharashtra","Gondia","1511.0"
"1072","2004","7","Maharashtra","Gondia","613.0"
"1072","2005","7","Maharashtra","Gondia","1524.0"
"1072","2006","7","Maharashtra","Gondia","1166.0"
"1072","2007","7","Maharashtra","Gondia","1678.0"
"1072","2008","7","Maharashtra","Gondia","717.0"
"1072","2009","7","Maharashtra","Gondia","1091.0"
"1072","2010","7","Maharashtra","Gondia","1750.0"
"1072","2011","7","Maharashtra","Gondia","1734.0"
"1072","2012","7","Maharashtra","Gondia","1909.0"
"1072","2013","7","Maharashtra","Gondia","1614.0"
"1072","2014","7","Maharashtra","Gondia","2008.0"
"1072","2015","7","Maharashtra","Gondia","1588.0"
"1072","2016","7","Maharashtra","Gondia","2438.0"
"1072","2017","7","Maharashtra","Gondia","1605.0"
"1072","2018","7","Maharashtra","Gondia","2570.0"
"1072","2019","7","Maharashtra","Gondia","2123.0"
"1073","1990","7","Maharashtra","Hingoli","-1.0"
"1073","1991","7","Maharashtra","Hingoli","-1.0"
"1073","1992","7","Maharashtra","Hingoli","-1.0"
"1073","1993","7","Maharashtra","Hingoli","-1.0"
"1073","1994","7","Maharashtra","Hingoli","-1.0"
"1073","1995","7","Maharashtra","Hingoli","-1.0"
"1073","1996","7","Maharashtra","Hingoli","-1.0"
"1073","1997","7","Maharashtra","Hingoli","-1.0"
"1073","1998","7","Maharashtra","Hingoli","-1.0"
"1073","1999","7","Maharashtra","Hingoli","600.0"
"1073","2000","7","Maharashtra","Hingoli","605.0"
"1073","2001","7","Maharashtra","Hingoli","669.0"
"1073","2002","7","Maharashtra","Hingoli","585.0"
"1073","2003","7","Maharashtra","Hingoli","505.0"
"1073","2004","7","Maharashtra","Hingoli","231.0"
"1073","2005","7","Maharashtra","Hingoli","333.0"
"1073","2006","7","Maharashtra","Hingoli","465.0"
"1073","2007","7","Maharashtra","Hingoli","476.0"
"1073","2008","7","Maharashtra","Hingoli","600.0"
"1073","2009","7","Maharashtra","Hingoli","300.0"
"1073","2010","7","Maharashtra","Hingoli","591.0"
"1073","2011","7","Maharashtra","Hingoli","333.0"
"1073","2012","7","Maharashtra","Hingoli","333.0"
"1073","2013","7","Maharashtra","Hingoli","0.0"
"1073","2014","7","Maharashtra","Hingoli","0.0"
"1073","2015","7","Maharashtra","Hingoli","0.0"
"1073","2016","7","Maharashtra","Hingoli","0.0"
"1073","2017","7","Maharashtra","Hingoli","0.0"
"1073","2018","7","Maharashtra","Hingoli","0.0"
"1073","2019","7","Maharashtra","Hingoli","0.0"
"1074","1990","7","Maharashtra","Nandurbar","-1.0"
"1074","1991","7","Maharashtra","Nandurbar","-1.0"
"1074","1992","7","Maharashtra","Nandurbar","-1.0"
"1074","1993","7","Maharashtra","Nandurbar","-1.0"
"1074","1994","7","Maharashtra","Nandurbar","-1.0"
"1074","1995","7","Maharashtra","Nandurbar","-1.0"
"1074","1996","7","Maharashtra","Nandurbar","-1.0"
"1074","1997","7","Maharashtra","Nandurbar","-1.0"
"1074","1998","7","Maharashtra","Nandurbar","1135.0"
"1074","1999","7","Maharashtra","Nandurbar","438.0"
"1074","2000","7","Maharashtra","Nandurbar","233.0"
"1074","2001","7","Maharashtra","Nandurbar","615.0"
"1074","2002","7","Maharashtra","Nandurbar","732.0"
"1074","2003","7","Maharashtra","Nandurbar","790.0"
"1074","2004","7","Maharashtra","Nandurbar","458.0"
"1074","2005","7","Maharashtra","Nandurbar","1569.0"
"1074","2006","7","Maharashtra","Nandurbar","845.0"
"1074","2007","7","Maharashtra","Nandurbar","1486.0"
"1074","2008","7","Maharashtra","Nandurbar","1074.0"
"1074","2009","7","Maharashtra","Nandurbar","689.0"
"1074","2010","7","Maharashtra","Nandurbar","1056.0"
"1074","2011","7","Maharashtra","Nandurbar","1634.0"
"1074","2012","7","Maharashtra","Nandurbar","1455.0"
"1074","2013","7","Maharashtra","Nandurbar","902.0"
"1074","2014","7","Maharashtra","Nandurbar","495.0"
"1074","2015","7","Maharashtra","Nandurbar","915.0"
"1074","2016","7","Maharashtra","Nandurbar","1162.0"
"1074","2017","7","Maharashtra","Nandurbar","1132.0"
"1074","2018","7","Maharashtra","Nandurbar","862.0"
"1074","2019","7","Maharashtra","Nandurbar","1605.0"
"1075","1990","7","Maharashtra","Washim","-1.0"
"1075","1991","7","Maharashtra","Washim","-1.0"
"1075","1992","7","Maharashtra","Washim","-1.0"
"1075","1993","7","Maharashtra","Washim","-1.0"
"1075","1994","7","Maharashtra","Washim","-1.0"
"1075","1995","7","Maharashtra","Washim","-1.0"
"1075","1996","7","Maharashtra","Washim","-1.0"
"1075","1997","7","Maharashtra","Washim","-1.0"
"1075","1998","7","Maharashtra","Washim","0.0"
"1075","1999","7","Maharashtra","Washim","632.0"
"1075","2000","7","Maharashtra","Washim","400.0"
"1075","2001","7","Maharashtra","Washim","1000.0"
"1075","2002","7","Maharashtra","Washim","636.0"
"1075","2003","7","Maharashtra","Washim","333.0"
"1075","2004","7","Maharashtra","Washim","400.0"
"1075","2005","7","Maharashtra","Washim","333.0"
"1075","2006","7","Maharashtra","Washim","500.0"
"1075","2007","7","Maharashtra","Washim","800.0"
"1075","2008","7","Maharashtra","Washim","1000.0"
"1075","2009","7","Maharashtra","Washim","1600.0"
"1075","2010","7","Maharashtra","Washim","0.0"
"1075","2011","7","Maharashtra","Washim","1000.0"
"1075","2012","7","Maharashtra","Washim","0.0"
"1075","2013","7","Maharashtra","Washim","0.0"
"1075","2014","7","Maharashtra","Washim","0.0"
"1075","2015","7","Maharashtra","Washim","0.0"
"1075","2016","7","Maharashtra","Washim","0.0"
"1075","2017","7","Maharashtra","Washim","0.0"
"1075","2018","7","Maharashtra","Washim","0.0"
"1075","2019","7","Maharashtra","Washim","0.0"
"1076","1990","7","Maharashtra","Mumbai sub","-1.0"
"1076","1991","7","Maharashtra","Mumbai sub","-1.0"
"1076","1992","7","Maharashtra","Mumbai sub","-1.0"
"1076","1993","7","Maharashtra","Mumbai sub","-1.0"
"1076","1994","7","Maharashtra","Mumbai sub","-1.0"
"1076","1995","7","Maharashtra","Mumbai sub","-1.0"
"1076","1996","7","Maharashtra","Mumbai sub","-1.0"
"1076","1997","7","Maharashtra","Mumbai sub","-1.0"
"1076","1998","7","Maharashtra","Mumbai sub","0.0"
"1076","1999","7","Maharashtra","Mumbai sub","0.0"
"1076","2000","7","Maharashtra","Mumbai sub","0.0"
"1076","2001","7","Maharashtra","Mumbai sub","0.0"
"1076","2002","7","Maharashtra","Mumbai sub","0.0"
"1076","2003","7","Maharashtra","Mumbai sub","0.0"
"1076","2004","7","Maharashtra","Mumbai sub","0.0"
"1076","2005","7","Maharashtra","Mumbai sub","0.0"
"1076","2006","7","Maharashtra","Mumbai sub","0.0"
"1076","2007","7","Maharashtra","Mumbai sub","0.0"
"1076","2008","7","Maharashtra","Mumbai sub","-1.0"
"1076","2009","7","Maharashtra","Mumbai sub","-1.0"
"1076","2010","7","Maharashtra","Mumbai sub","0.0"
"1076","2011","7","Maharashtra","Mumbai sub","0.0"
"1076","2012","7","Maharashtra","Mumbai sub","0.0"
"1076","2013","7","Maharashtra","Mumbai sub","-1.0"
"1076","2014","7","Maharashtra","Mumbai sub","-1.0"
"1076","2015","7","Maharashtra","Mumbai sub","-1.0"
"1076","2016","7","Maharashtra","Mumbai sub","0.0"
"1076","2017","7","Maharashtra","Mumbai sub","-1.0"
"1076","2018","7","Maharashtra","Mumbai sub","0.0"
"1076","2019","7","Maharashtra","Mumbai sub","0.0"
"2009","1990","9","Punjab","Taran Taran","-1.0"
"2009","1991","9","Punjab","Taran Taran","-1.0"
"2009","1992","9","Punjab","Taran Taran","-1.0"
"2009","1993","9","Punjab","Taran Taran","-1.0"
"2009","1994","9","Punjab","Taran Taran","-1.0"
"2009","1995","9","Punjab","Taran Taran","-1.0"
"2009","1996","9","Punjab","Taran Taran","-1.0"
"2009","1997","9","Punjab","Taran Taran","-1.0"
"2009","1998","9","Punjab","Taran Taran","-1.0"
"2009","1999","9","Punjab","Taran Taran","-1.0"
"2009","2000","9","Punjab","Taran Taran","-1.0"
"2009","2001","9","Punjab","Taran Taran","-1.0"
"2009","2002","9","Punjab","Taran Taran","-1.0"
"2009","2003","9","Punjab","Taran Taran","-1.0"
"2009","2004","9","Punjab","Taran Taran","-1.0"
"2009","2005","9","Punjab","Taran Taran","2910.0"
"2009","2006","9","Punjab","Taran Taran","2971.0"
"2009","2007","9","Punjab","Taran Taran","3152.0"
"2009","2008","9","Punjab","Taran Taran","3107.0"
"2009","2009","9","Punjab","Taran Taran","3081.0"
"2009","2010","9","Punjab","Taran Taran","2907.0"
"2009","2011","9","Punjab","Taran Taran","2832.0"
"2009","2012","9","Punjab","Taran Taran","3346.0"
"2009","2013","9","Punjab","Taran Taran","3356.0"
"2009","2014","9","Punjab","Taran Taran","3068.0"
"2009","2015","9","Punjab","Taran Taran","2831.0"
"2009","2016","9","Punjab","Taran Taran","3301.0"
"2009","2017","9","Punjab","Taran Taran","4170.0"
"2009","2018","9","Punjab","Taran Taran","3914.0"
"2009","2019","9","Punjab","Taran Taran","3842.0"
"2010","1990","9","Punjab","Barnala","-1.0"
"2010","1991","9","Punjab","Barnala","-1.0"
"2010","1992","9","Punjab","Barnala","-1.0"
"2010","1993","9","Punjab","Barnala","-1.0"
"2010","1994","9","Punjab","Barnala","-1.0"
"2010","1995","9","Punjab","Barnala","-1.0"
"2010","1996","9","Punjab","Barnala","-1.0"
"2010","1997","9","Punjab","Barnala","-1.0"
"2010","1998","9","Punjab","Barnala","-1.0"
"2010","1999","9","Punjab","Barnala","-1.0"
"2010","2000","9","Punjab","Barnala","-1.0"
"2010","2001","9","Punjab","Barnala","-1.0"
"2010","2002","9","Punjab","Barnala","-1.0"
"2010","2003","9","Punjab","Barnala","-1.0"
"2010","2004","9","Punjab","Barnala","-1.0"
"2010","2005","9","Punjab","Barnala","-1.0"
"2010","2006","9","Punjab","Barnala","4520.0"
"2010","2007","9","Punjab","Barnala","4707.0"
"2010","2008","9","Punjab","Barnala","4755.0"
"2010","2009","9","Punjab","Barnala","4769.0"
"2010","2010","9","Punjab","Barnala","4429.0"
"2010","2011","9","Punjab","Barnala","4371.0"
"2010","2012","9","Punjab","Barnala","4623.0"
"2010","2013","9","Punjab","Barnala","4673.0"
"2010","2014","9","Punjab","Barnala","4694.0"
"2010","2015","9","Punjab","Barnala","4645.0"
"2010","2016","9","Punjab","Barnala","4607.0"
"2010","2017","9","Punjab","Barnala","5000.0"
"2010","2018","9","Punjab","Barnala","4974.0"
"2010","2019","9","Punjab","Barnala","4605.0"
"2011","1990","9","Punjab","S.A.S Nagar","-1.0"
"2011","1991","9","Punjab","S.A.S Nagar","-1.0"
"2011","1992","9","Punjab","S.A.S Nagar","-1.0"
"2011","1993","9","Punjab","S.A.S Nagar","-1.0"
"2011","1994","9","Punjab","S.A.S Nagar","-1.0"
"2011","1995","9","Punjab","S.A.S Nagar","-1.0"
"2011","1996","9","Punjab","S.A.S Nagar","-1.0"
"2011","1997","9","Punjab","S.A.S Nagar","-1.0"
"2011","1998","9","Punjab","S.A.S Nagar","-1.0"
"2011","1999","9","Punjab","S.A.S Nagar","-1.0"
"2011","2000","9","Punjab","S.A.S Nagar","-1.0"
"2011","2001","9","Punjab","S.A.S Nagar","-1.0"
"2011","2002","9","Punjab","S.A.S Nagar","-1.0"
"2011","2003","9","Punjab","S.A.S Nagar","-1.0"
"2011","2004","9","Punjab","S.A.S Nagar","-1.0"
"2011","2005","9","Punjab","S.A.S Nagar","3700.0"
"2011","2006","9","Punjab","S.A.S Nagar","2828.0"
"2011","2007","9","Punjab","S.A.S Nagar","3552.0"
"2011","2008","9","Punjab","S.A.S Nagar","3259.0"
"2011","2009","9","Punjab","S.A.S Nagar","3267.0"
"2011","2010","9","Punjab","S.A.S Nagar","3432.0"
"2011","2011","9","Punjab","S.A.S Nagar","3719.0"
"2011","2012","9","Punjab","S.A.S Nagar","3774.0"
"2011","2013","9","Punjab","S.A.S Nagar","3519.0"
"2011","2014","9","Punjab","S.A.S Nagar","3241.0"
"2011","2015","9","Punjab","S.A.S Nagar","3742.0"
"2011","2016","9","Punjab","S.A.S Nagar","3613.0"
"2011","2017","9","Punjab","S.A.S Nagar","3484.0"
"2011","2018","9","Punjab","S.A.S Nagar","3290.0"
"2011","2019","9","Punjab","S.A.S Nagar","3621.0"
"2027","1990","7","Maharashtra","Mumbai City","2000.0"
"2027","1991","7","Maharashtra","Mumbai City","1667.0"
"2027","1992","7","Maharashtra","Mumbai City","0.0"
"2027","1993","7","Maharashtra","Mumbai City","0.0"
"2027","1994","7","Maharashtra","Mumbai City","0.0"
"2027","1995","7","Maharashtra","Mumbai City","0.0"
"2027","1996","7","Maharashtra","Mumbai City","0.0"
"2027","1997","7","Maharashtra","Mumbai City","0.0"
"2027","1998","7","Maharashtra","Mumbai City","-1.0"
"2027","1999","7","Maharashtra","Mumbai City","-1.0"
"2027","2000","7","Maharashtra","Mumbai City","-1.0"
"2027","2001","7","Maharashtra","Mumbai City","-1.0"
"2027","2002","7","Maharashtra","Mumbai City","-1.0"
"2027","2003","7","Maharashtra","Mumbai City","-1.0"
"2027","2004","7","Maharashtra","Mumbai City","-1.0"
"2027","2005","7","Maharashtra","Mumbai City","-1.0"
"2027","2006","7","Maharashtra","Mumbai City","-1.0"
"2027","2007","7","Maharashtra","Mumbai City","-1.0"
"2027","2008","7","Maharashtra","Mumbai City","0.0"
"2027","2009","7","Maharashtra","Mumbai City","0.0"
"2027","2010","7","Maharashtra","Mumbai City","-1.0"
"2027","2011","7","Maharashtra","Mumbai City","-1.0"
"2027","2012","7","Maharashtra","Mumbai City","-1.0"
"2027","2013","7","Maharashtra","Mumbai City","-1.0"
"2027","2014","7","Maharashtra","Mumbai City","-1.0"
"2027","2015","7","Maharashtra","Mumbai City","-1.0"
"2027","2016","7","Maharashtra","Mumbai City","-1.0"
"2027","2017","7","Maharashtra","Mumbai City","-1.0"
"2027","2018","7","Maharashtra","Mumbai City","0.0"
"2027","2019","7","Maharashtra","Mumbai City","0.0"
"2030","1990","9","Punjab","Pathankot","-1.0"
"2030","1991","9","Punjab","Pathankot","-1.0"
"2030","1992","9","Punjab","Pathankot","-1.0"
"2030","1993","9","Punjab","Pathankot","-1.0"
"2030","1994","9","Punjab","Pathankot","-1.0"
"2030","1995","9","Punjab","Pathankot","-1.0"
"2030","1996","9","Punjab","Pathankot","-1.0"
"2030","1997","9","Punjab","Pathankot","-1.0"
"2030","1998","9","Punjab","Pathankot","-1.0"
"2030","1999","9","Punjab","Pathankot","-1.0"
"2030","2000","9","Punjab","Pathankot","-1.0"
"2030","2001","9","Punjab","Pathankot","-1.0"
"2030","2002","9","Punjab","Pathankot","-1.0"
"2030","2003","9","Punjab","Pathankot","-1.0"
"2030","2004","9","Punjab","Pathankot","-1.0"
"2030","2005","9","Punjab","Pathankot","-1.0"
"2030","2006","9","Punjab","Pathankot","-1.0"
"2030","2007","9","Punjab","Pathankot","-1.0"
"2030","2008","9","Punjab","Pathankot","-1.0"
"2030","2009","9","Punjab","Pathankot","-1.0"
"2030","2010","9","Punjab","Pathankot","-1.0"
"2030","2011","9","Punjab","Pathankot","0.0"
"2030","2012","9","Punjab","Pathankot","2815.0"
"2030","2013","9","Punjab","Pathankot","2690.0"
"2030","2014","9","Punjab","Pathankot","2483.0"
"2030","2015","9","Punjab","Pathankot","3143.0"
"2030","2016","9","Punjab","Pathankot","2750.0"
"2030","2017","9","Punjab","Pathankot","3071.0"
"2030","2018","9","Punjab","Pathankot","3250.0"
"2030","2019","9","Punjab","Pathankot","3071.0"
"2043","1990","9","Punjab","Fazilka","-1.0"
"2043","1991","9","Punjab","Fazilka","-1.0"
"2043","1992","9","Punjab","Fazilka","-1.0"
"2043","1993","9","Punjab","Fazilka","-1.0"
"2043","1994","9","Punjab","Fazilka","-1.0"
"2043","1995","9","Punjab","Fazilka","-1.0"
"2043","1996","9","Punjab","Fazilka","-1.0"
"2043","1997","9","Punjab","Fazilka","-1.0"
"2043","1998","9","Punjab","Fazilka","-1.0"
"2043","1999","9","Punjab","Fazilka","-1.0"
"2043","2000","9","Punjab","Fazilka","-1.0"
"2043","2001","9","Punjab","Fazilka","-1.0"
"2043","2002","9","Punjab","Fazilka","-1.0"
"2043","2003","9","Punjab","Fazilka","-1.0"
"2043","2004","9","Punjab","Fazilka","-1.0"
"2043","2005","9","Punjab","Fazilka","-1.0"
"2043","2006","9","Punjab","Fazilka","-1.0"
"2043","2007","9","Punjab","Fazilka","-1.0"
"2043","2008","9","Punjab","Fazilka","-1.0"
"2043","2009","9","Punjab","Fazilka","-1.0"
"2043","2010","9","Punjab","Fazilka","-1.0"
"2043","2011","9","Punjab","Fazilka","0.0"
"2043","2012","9","Punjab","Fazilka","3424.0"
"2043","2013","9","Punjab","Fazilka","3185.0"
"2043","2014","9","Punjab","Fazilka","3062.0"
"2043","2015","9","Punjab","Fazilka","2865.0"
"2043","2016","9","Punjab","Fazilka","3523.0"
"2043","2017","9","Punjab","Fazilka","3257.0"
"2043","2018","9","Punjab","Fazilka","3298.0"
"2043","2019","9","Punjab","Fazilka","4058.0"
"2059","1990","7","Maharashtra","Palghar","-1.0"
"2059","1991","7","Maharashtra","Palghar","-1.0"
"2059","1992","7","Maharashtra","Palghar","-1.0"
"2059","1993","7","Maharashtra","Palghar","-1.0"
"2059","1994","7","Maharashtra","Palghar","-1.0"
"2059","1995","7","Maharashtra","Palghar","-1.0"
"2059","1996","7","Maharashtra","Palghar","-1.0"
"2059","1997","7","Maharashtra","Palghar","-1.0"
"2059","1998","7","Maharashtra","Palghar","-1.0"
"2059","1999","7","Maharashtra","Palghar","-1.0"
"2059","2000","7","Maharashtra","Palghar","-1.0"
"2059","2001","7","Maharashtra","Palghar","-1.0"
"2059","2002","7","Maharashtra","Palghar","-1.0"
"2059","2003","7","Maharashtra","Palghar","-1.0"
"2059","2004","7","Maharashtra","Palghar","-1.0"
"2059","2005","7","Maharashtra","Palghar","-1.0"
"2059","2006","7","Maharashtra","Palghar","-1.0"
"2059","2007","7","Maharashtra","Palghar","-1.0"
"2059","2008","7","Maharashtra","Palghar","-1.0"
"2059","2009","7","Maharashtra","Palghar","-1.0"
"2059","2010","7","Maharashtra","Palghar","-1.0"
"2059","2011","7","Maharashtra","Palghar","-1.0"
"2059","2012","7","Maharashtra","Palghar","-1.0"
"2059","2013","7","Maharashtra","Palghar","-1.0"
"2059","2014","7","Maharashtra","Palghar","2517.0"
"2059","2015","7","Maharashtra","Palghar","2310.0"
"2059","2016","7","Maharashtra","Palghar","2907.0"
"2059","2017","7","Maharashtra","Palghar","1862.0"
"2059","2018","7","Maharashtra","Palghar","1772.0"
"2059","2019","7","Maharashtra","Palghar","1797.0"